retargeter,safety,n_steps,safety_latency_mean_ms,safety_latency_p95_ms,acceptance_rate,dropped_rate,hold_steps,stop_steps,recovering_steps,recovery_time_sec,intervention_pct,mean_intervention_magnitude,solver_failure_count,unsafe_accepted_count,min_hard_clearance_m,min_margin_clearance_m,ee_path_length_m,orientation_alignment_rad,direction_temporal_variation_rad,trajectory,replicate,input_hash
shoulder_relative,reject,80,0.0014496233777574704,0.0015079999684530776,1.0,0.0,0,0,0,nan,0.0,0.0,0,0,nan,nan,0.2588216996819622,1.591465819795957,0.08055365778435367,horizontal_sweep,0,26144b426aae9b86aec45d41514b815fab3c472ce45eeeeb33e642d68ffef3f9
shoulder_relative,reject,80,0.0013219740718671926,0.001523999799246667,1.0,0.0,0,0,0,nan,0.0,0.0,0,0,nan,nan,0.2588216996819622,1.591465819795957,0.08055365778435367,horizontal_sweep,1,26144b426aae9b86aec45d41514b815fab3c472ce45eeeeb33e642d68ffef3f9
shoulder_relative,reject,80,0.0013258441489975288,0.0015010000424808823,1.0,0.0,0,0,0,nan,0.0,0.0,0,0,nan,nan,0.2588216996819622,1.591465819795957,0.08055365778435367,horizontal_sweep,2,26144b426aae9b86aec45d41514b815fab3c472ce45eeeeb33e642d68ffef3f9
shoulder_relative,reject,80,0.0013264805472447602,0.0015440000424860045,1.0,0.0,0,0,0,nan,0.0,0.0,0,0,nan,nan,0.2588216996819622,1.591465819795957,0.08055365778435367,horizontal_sweep,3,26144b426aae9b86aec45d41514b815fab3c472ce45eeeeb33e642d68ffef3f9
shoulder_relative,reject,80,0.0013154415612078012,0.00144300020110677,1.0,0.0,0,0,0,nan,0.0,0.0,0,0,nan,nan,0.2588216996819622,1.591465819795957,0.08055365778435367,horizontal_sweep,4,26144b426aae9b86aec45d41514b815fab3c472ce45eeeeb33e642d68ffef3f9
shoulder_relative,reject,80,0.0013117922078111275,0.0015350001376646105,1.0,0.0,0,0,0,nan,0.0,0.0,0,0,nan,nan,0.2588216996819622,1.591465819795957,0.08055365778435367,horizontal_sweep,5,26144b426aae9b86aec45d41514b815fab3c472ce45eeeeb33e642d68ffef3f9
shoulder_relative,reject,80,0.0013170130145014113,0.00144300020110677,1.0,0.0,0,0,0,nan,0.0,0.0,0,0,nan,nan,0.2588216996819622,1.591465819795957,0.08055365778435367,horizontal_sweep,6,26144b426aae9b86aec45d41514b815fab3c472ce45eeeeb33e642d68ffef3f9
shoulder_relative,reject,80,0.001331922101291946,0.0015079999684530776,1.0,0.0,0,0,0,nan,0.0,0.0,0,0,nan,nan,0.2588216996819622,1.591465819795957,0.08055365778435367,horizontal_sweep,7,26144b426aae9b86aec45d41514b815fab3c472ce45eeeeb33e642d68ffef3f9
shoulder_relative,reject,80,0.0013827532404627767,0.0015249997886712663,1.0,0.0,0,0,0,nan,0.0,0.0,0,0,nan,nan,0.2588216996819622,1.591465819795957,0.08055365778435367,horizontal_sweep,8,26144b426aae9b86aec45d41514b815fab3c472ce45eeeeb33e642d68ffef3f9
shoulder_relative,reject,80,0.0013510259548213496,0.0014780002857150976,1.0,0.0,0,0,0,nan,0.0,0.0,0,0,nan,nan,0.2588216996819622,1.591465819795957,0.08055365778435367,horizontal_sweep,9,26144b426aae9b86aec45d41514b815fab3c472ce45eeeeb33e642d68ffef3f9
shoulder_relative,reject,80,0.0013581428512614885,0.0015309997252188623,1.0,0.0,0,0,0,nan,0.0,0.0,0,0,nan,nan,0.2588216996819622,1.591465819795957,0.08055365778435367,horizontal_sweep,10,26144b426aae9b86aec45d41514b815fab3c472ce45eeeeb33e642d68ffef3f9
shoulder_relative,reject,80,0.0013574545586639683,0.0015159998838498723,1.0,0.0,0,0,0,nan,0.0,0.0,0,0,nan,nan,0.2588216996819622,1.591465819795957,0.08055365778435367,horizontal_sweep,11,26144b426aae9b86aec45d41514b815fab3c472ce45eeeeb33e642d68ffef3f9
shoulder_relative,reject,80,0.0013975324584968698,0.001508999957877677,1.0,0.0,0,0,0,nan,0.0,0.0,0,0,nan,nan,0.2588216996819622,1.591465819795957,0.08055365778435367,horizontal_sweep,12,26144b426aae9b86aec45d41514b815fab3c472ce45eeeeb33e642d68ffef3f9
shoulder_relative,reject,80,0.0012779610542211586,0.0014479996934824158,1.0,0.0,0,0,0,nan,0.0,0.0,0,0,nan,nan,0.2588216996819622,1.591465819795957,0.08055365778435367,horizontal_sweep,13,26144b426aae9b86aec45d41514b815fab3c472ce45eeeeb33e642d68ffef3f9
shoulder_relative,reject,80,0.0013116103915521095,0.0014920001376594882,1.0,0.0,0,0,0,nan,0.0,0.0,0,0,nan,nan,0.2588216996819622,1.591465819795957,0.08055365778435367,horizontal_sweep,14,26144b426aae9b86aec45d41514b815fab3c472ce45eeeeb33e642d68ffef3f9
shoulder_relative,reject,80,0.0012957142549661418,0.001505999989603879,1.0,0.0,0,0,0,nan,0.0,0.0,0,0,nan,nan,0.2588216996819622,1.591465819795957,0.08055365778435367,horizontal_sweep,15,26144b426aae9b86aec45d41514b815fab3c472ce45eeeeb33e642d68ffef3f9
shoulder_relative,reject,80,0.0013201428515316508,0.0014499996723316144,1.0,0.0,0,0,0,nan,0.0,0.0,0,0,nan,nan,0.2588216996819622,1.591465819795957,0.08055365778435367,horizontal_sweep,16,26144b426aae9b86aec45d41514b815fab3c472ce45eeeeb33e642d68ffef3f9
shoulder_relative,reject,80,0.0013768181851411135,0.0016059998415585142,1.0,0.0,0,0,0,nan,0.0,0.0,0,0,nan,nan,0.2588216996819622,1.591465819795957,0.08055365778435367,horizontal_sweep,17,26144b426aae9b86aec45d41514b815fab3c472ce45eeeeb33e642d68ffef3f9
shoulder_relative,reject,80,0.0012582337656969283,0.001427999904990429,1.0,0.0,0,0,0,nan,0.0,0.0,0,0,nan,nan,0.2588216996819622,1.591465819795957,0.08055365778435367,horizontal_sweep,18,26144b426aae9b86aec45d41514b815fab3c472ce45eeeeb33e642d68ffef3f9
shoulder_relative,reject,80,0.0013466753396689408,0.0015330001588154119,1.0,0.0,0,0,0,nan,0.0,0.0,0,0,nan,nan,0.2588216996819622,1.591465819795957,0.08055365778435367,horizontal_sweep,19,26144b426aae9b86aec45d41514b815fab3c472ce45eeeeb33e642d68ffef3f9
shoulder_relative,reject,80,0.0012348441664294292,0.0013630001376441214,1.0,0.0,0,0,0,nan,0.0,0.0,0,0,nan,nan,0.2588216996819622,1.591465819795957,0.08055365778435367,horizontal_sweep,20,26144b426aae9b86aec45d41514b815fab3c472ce45eeeeb33e642d68ffef3f9
shoulder_relative,reject,80,0.0013198052281997615,0.0014799998098169453,1.0,0.0,0,0,0,nan,0.0,0.0,0,0,nan,nan,0.2588216996819622,1.591465819795957,0.08055365778435367,horizontal_sweep,21,26144b426aae9b86aec45d41514b815fab3c472ce45eeeeb33e642d68ffef3f9
shoulder_relative,reject,80,0.0012952337996254058,0.00145800004247576,1.0,0.0,0,0,0,nan,0.0,0.0,0,0,nan,nan,0.2588216996819622,1.591465819795957,0.08055365778435367,horizontal_sweep,22,26144b426aae9b86aec45d41514b815fab3c472ce45eeeeb33e642d68ffef3f9
shoulder_relative,reject,80,0.0012865844223302087,0.0013990002116770484,1.0,0.0,0,0,0,nan,0.0,0.0,0,0,nan,nan,0.2588216996819622,1.591465819795957,0.08055365778435367,horizontal_sweep,23,26144b426aae9b86aec45d41514b815fab3c472ce45eeeeb33e642d68ffef3f9
shoulder_relative,reject,80,0.0013211688088017287,0.0014689999261463527,1.0,0.0,0,0,0,nan,0.0,0.0,0,0,nan,nan,0.2588216996819622,1.591465819795957,0.08055365778435367,horizontal_sweep,24,26144b426aae9b86aec45d41514b815fab3c472ce45eeeeb33e642d68ffef3f9
shoulder_relative,reject,80,0.001305545467474005,0.001455000074201962,1.0,0.0,0,0,0,nan,0.0,0.0,0,0,nan,nan,0.2588216996819622,1.591465819795957,0.08055365778435367,horizontal_sweep,25,26144b426aae9b86aec45d41514b815fab3c472ce45eeeeb33e642d68ffef3f9
shoulder_relative,reject,80,0.0013781948116768224,0.0016059998415585142,1.0,0.0,0,0,0,nan,0.0,0.0,0,0,nan,nan,0.2588216996819622,1.591465819795957,0.08055365778435367,horizontal_sweep,26,26144b426aae9b86aec45d41514b815fab3c472ce45eeeeb33e642d68ffef3f9
shoulder_relative,reject,80,0.0013118701704056606,0.0014600000213249587,1.0,0.0,0,0,0,nan,0.0,0.0,0,0,nan,nan,0.2588216996819622,1.591465819795957,0.08055365778435367,horizontal_sweep,27,26144b426aae9b86aec45d41514b815fab3c472ce45eeeeb33e642d68ffef3f9
shoulder_relative,reject,80,0.0013814805030264111,0.0015470000107598025,1.0,0.0,0,0,0,nan,0.0,0.0,0,0,nan,nan,0.2588216996819622,1.591465819795957,0.08055365778435367,horizontal_sweep,28,26144b426aae9b86aec45d41514b815fab3c472ce45eeeeb33e642d68ffef3f9
shoulder_relative,reject,80,0.0012895324667246692,0.0014600000213249587,1.0,0.0,0,0,0,nan,0.0,0.0,0,0,nan,nan,0.2588216996819622,1.591465819795957,0.08055365778435367,horizontal_sweep,29,26144b426aae9b86aec45d41514b815fab3c472ce45eeeeb33e642d68ffef3f9
shoulder_relative,reject,80,0.001319571411285879,0.0015429995983140543,1.0,0.0,0,0,0,nan,0.0,0.0,0,0,nan,nan,0.21568474973496854,1.5898863163574493,0.08055365778435367,vertical_sweep,0,629272caf471f89606b5dd3049b26f55990e596954231224db53f6c031c7f5d0
shoulder_relative,reject,80,0.0013882857203569004,0.0015050000001792796,1.0,0.0,0,0,0,nan,0.0,0.0,0,0,nan,nan,0.21568474973496854,1.5898863163574493,0.08055365778435367,vertical_sweep,1,629272caf471f89606b5dd3049b26f55990e596954231224db53f6c031c7f5d0
shoulder_relative,reject,80,0.001276207766951101,0.0014050001482246444,1.0,0.0,0,0,0,nan,0.0,0.0,0,0,nan,nan,0.21568474973496854,1.5898863163574493,0.08055365778435367,vertical_sweep,2,629272caf471f89606b5dd3049b26f55990e596954231224db53f6c031c7f5d0
shoulder_relative,reject,80,0.0013509350466918407,0.0015760001588205341,1.0,0.0,0,0,0,nan,0.0,0.0,0,0,nan,nan,0.21568474973496854,1.5898863163574493,0.08055365778435367,vertical_sweep,3,629272caf471f89606b5dd3049b26f55990e596954231224db53f6c031c7f5d0
shoulder_relative,reject,80,0.0013241428623823358,0.001503000021330081,1.0,0.0,0,0,0,nan,0.0,0.0,0,0,nan,nan,0.21568474973496854,1.5898863163574493,0.08055365778435367,vertical_sweep,4,629272caf471f89606b5dd3049b26f55990e596954231224db53f6c031c7f5d0
shoulder_relative,reject,80,0.001316454555225474,0.0015570003597531468,1.0,0.0,0,0,0,nan,0.0,0.0,0,0,nan,nan,0.21568474973496854,1.5898863163574493,0.08055365778435367,vertical_sweep,5,629272caf471f89606b5dd3049b26f55990e596954231224db53f6c031c7f5d0
shoulder_relative,reject,80,0.0013308441433670035,0.0015409996194648556,1.0,0.0,0,0,0,nan,0.0,0.0,0,0,nan,nan,0.21568474973496854,1.5898863163574493,0.08055365778435367,vertical_sweep,6,629272caf471f89606b5dd3049b26f55990e596954231224db53f6c031c7f5d0
shoulder_relative,reject,80,0.0012607662182591566,0.0013990002116770484,1.0,0.0,0,0,0,nan,0.0,0.0,0,0,nan,nan,0.21568474973496854,1.5898863163574493,0.08055365778435367,vertical_sweep,7,629272caf471f89606b5dd3049b26f55990e596954231224db53f6c031c7f5d0
shoulder_relative,reject,80,0.0012947532379800944,0.0014409997675102204,1.0,0.0,0,0,0,nan,0.0,0.0,0,0,nan,nan,0.21568474973496854,1.5898863163574493,0.08055365778435367,vertical_sweep,8,629272caf471f89606b5dd3049b26f55990e596954231224db53f6c031c7f5d0
shoulder_relative,reject,80,0.001304298727412167,0.0014770002962904982,1.0,0.0,0,0,0,nan,0.0,0.0,0,0,nan,nan,0.21568474973496854,1.5898863163574493,0.08055365778435367,vertical_sweep,9,629272caf471f89606b5dd3049b26f55990e596954231224db53f6c031c7f5d0
shoulder_relative,reject,80,0.0013884545143054157,0.0016119997781061102,1.0,0.0,0,0,0,nan,0.0,0.0,0,0,nan,nan,0.21568474973496854,1.5898863163574493,0.08055365778435367,vertical_sweep,10,629272caf471f89606b5dd3049b26f55990e596954231224db53f6c031c7f5d0
shoulder_relative,reject,80,0.0013439740222884803,0.0014890001693856902,1.0,0.0,0,0,0,nan,0.0,0.0,0,0,nan,nan,0.21568474973496854,1.5898863163574493,0.08055365778435367,vertical_sweep,11,629272caf471f89606b5dd3049b26f55990e596954231224db53f6c031c7f5d0
shoulder_relative,reject,80,0.0013111298948707054,0.0014590000319003593,1.0,0.0,0,0,0,nan,0.0,0.0,0,0,nan,nan,0.21568474973496854,1.5898863163574493,0.08055365778435367,vertical_sweep,12,629272caf471f89606b5dd3049b26f55990e596954231224db53f6c031c7f5d0
shoulder_relative,reject,80,0.001288714269935849,0.0014560000636265613,1.0,0.0,0,0,0,nan,0.0,0.0,0,0,nan,nan,0.21568474973496854,1.5898863163574493,0.08055365778435367,vertical_sweep,13,629272caf471f89606b5dd3049b26f55990e596954231224db53f6c031c7f5d0
shoulder_relative,reject,80,0.001314116876268859,0.0014600000213249587,1.0,0.0,0,0,0,nan,0.0,0.0,0,0,nan,nan,0.21568474973496854,1.5898863163574493,0.08055365778435367,vertical_sweep,14,629272caf471f89606b5dd3049b26f55990e596954231224db53f6c031c7f5d0
shoulder_relative,reject,80,0.0013590519738972471,0.0015819996406207792,1.0,0.0,0,0,0,nan,0.0,0.0,0,0,nan,nan,0.21568474973496854,1.5898863163574493,0.08055365778435367,vertical_sweep,15,629272caf471f89606b5dd3049b26f55990e596954231224db53f6c031c7f5d0
shoulder_relative,reject,80,0.0013047272588735653,0.0014990000636316836,1.0,0.0,0,0,0,nan,0.0,0.0,0,0,nan,nan,0.21568474973496854,1.5898863163574493,0.08055365778435367,vertical_sweep,16,629272caf471f89606b5dd3049b26f55990e596954231224db53f6c031c7f5d0
shoulder_relative,reject,80,0.0013690649258886016,0.0015539999367319979,1.0,0.0,0,0,0,nan,0.0,0.0,0,0,nan,nan,0.21568474973496854,1.5898863163574493,0.08055365778435367,vertical_sweep,17,629272caf471f89606b5dd3049b26f55990e596954231224db53f6c031c7f5d0
shoulder_relative,reject,80,0.001225324674371884,0.001446000169380568,1.0,0.0,0,0,0,nan,0.0,0.0,0,0,nan,nan,0.21568474973496854,1.5898863163574493,0.08055365778435367,vertical_sweep,18,629272caf471f89606b5dd3049b26f55990e596954231224db53f6c031c7f5d0
shoulder_relative,reject,80,0.0013439480426313821,0.0015100004020496272,1.0,0.0,0,0,0,nan,0.0,0.0,0,0,nan,nan,0.21568474973496854,1.5898863163574493,0.08055365778435367,vertical_sweep,19,629272caf471f89606b5dd3049b26f55990e596954231224db53f6c031c7f5d0
shoulder_relative,reject,80,0.0013111168961834417,0.0014259999261412304,1.0,0.0,0,0,0,nan,0.0,0.0,0,0,nan,nan,0.21568474973496854,1.5898863163574493,0.08055365778435367,vertical_sweep,20,629272caf471f89606b5dd3049b26f55990e596954231224db53f6c031c7f5d0
shoulder_relative,reject,80,0.0012869220751911467,0.0014449997252086177,1.0,0.0,0,0,0,nan,0.0,0.0,0,0,nan,nan,0.21568474973496854,1.5898863163574493,0.08055365778435367,vertical_sweep,21,629272caf471f89606b5dd3049b26f55990e596954231224db53f6c031c7f5d0
shoulder_relative,reject,80,0.0013047402811840678,0.00147299988384475,1.0,0.0,0,0,0,nan,0.0,0.0,0,0,nan,nan,0.21568474973496854,1.5898863163574493,0.08055365778435367,vertical_sweep,22,629272caf471f89606b5dd3049b26f55990e596954231224db53f6c031c7f5d0
shoulder_relative,reject,80,0.0013268052073242445,0.0014960000953578856,1.0,0.0,0,0,0,nan,0.0,0.0,0,0,nan,nan,0.21568474973496854,1.5898863163574493,0.08055365778435367,vertical_sweep,23,629272caf471f89606b5dd3049b26f55990e596954231224db53f6c031c7f5d0
shoulder_relative,reject,80,0.0013644026139091139,0.0015619998521287926,1.0,0.0,0,0,0,nan,0.0,0.0,0,0,nan,nan,0.21568474973496854,1.5898863163574493,0.08055365778435367,vertical_sweep,24,629272caf471f89606b5dd3049b26f55990e596954231224db53f6c031c7f5d0
shoulder_relative,reject,80,0.0013874155760655034,0.0015470000107598025,1.0,0.0,0,0,0,nan,0.0,0.0,0,0,nan,nan,0.21568474973496854,1.5898863163574493,0.08055365778435367,vertical_sweep,25,629272caf471f89606b5dd3049b26f55990e596954231224db53f6c031c7f5d0
shoulder_relative,reject,80,0.001365558392689155,0.001638999947317643,1.0,0.0,0,0,0,nan,0.0,0.0,0,0,nan,nan,0.21568474973496854,1.5898863163574493,0.08055365778435367,vertical_sweep,26,629272caf471f89606b5dd3049b26f55990e596954231224db53f6c031c7f5d0
shoulder_relative,reject,80,0.0013464545745946097,0.0015079999684530776,1.0,0.0,0,0,0,nan,0.0,0.0,0,0,nan,nan,0.21568474973496854,1.5898863163574493,0.08055365778435367,vertical_sweep,27,629272caf471f89606b5dd3049b26f55990e596954231224db53f6c031c7f5d0
shoulder_relative,reject,80,0.0012999610696063533,0.001461000010749558,1.0,0.0,0,0,0,nan,0.0,0.0,0,0,nan,nan,0.21568474973496854,1.5898863163574493,0.08055365778435367,vertical_sweep,28,629272caf471f89606b5dd3049b26f55990e596954231224db53f6c031c7f5d0
shoulder_relative,reject,80,0.0013413895986004363,0.0015559999155811965,1.0,0.0,0,0,0,nan,0.0,0.0,0,0,nan,nan,0.21568474973496854,1.5898863163574493,0.08055365778435367,vertical_sweep,29,629272caf471f89606b5dd3049b26f55990e596954231224db53f6c031c7f5d0
shoulder_relative,reject,80,0.0012989220486851047,0.0014510001165035646,1.0,0.0,0,0,0,nan,0.0,0.0,0,0,nan,nan,0.4492472638515502,1.5701441180837694,0.09499816440653487,circle,0,42247944be5fa752a9f29712f2ed675af5ff74baede5f2e22e5f68a3c6c543d3
shoulder_relative,reject,80,0.0013497661983548185,0.001615000201127259,1.0,0.0,0,0,0,nan,0.0,0.0,0,0,nan,nan,0.4492472638515502,1.5701441180837694,0.09499816440653487,circle,1,42247944be5fa752a9f29712f2ed675af5ff74baede5f2e22e5f68a3c6c543d3
shoulder_relative,reject,80,0.0013041298448765051,0.001463999979023356,1.0,0.0,0,0,0,nan,0.0,0.0,0,0,nan,nan,0.4492472638515502,1.5701441180837694,0.09499816440653487,circle,2,42247944be5fa752a9f29712f2ed675af5ff74baede5f2e22e5f68a3c6c543d3
shoulder_relative,reject,80,0.0013307922135818563,0.001481999788666144,1.0,0.0,0,0,0,nan,0.0,0.0,0,0,nan,nan,0.4492472638515502,1.5701441180837694,0.09499816440653487,circle,3,42247944be5fa752a9f29712f2ed675af5ff74baede5f2e22e5f68a3c6c543d3
shoulder_relative,reject,80,0.0012868441125966138,0.0014570000530511606,1.0,0.0,0,0,0,nan,0.0,0.0,0,0,nan,nan,0.4492472638515502,1.5701441180837694,0.09499816440653487,circle,4,42247944be5fa752a9f29712f2ed675af5ff74baede5f2e22e5f68a3c6c543d3
shoulder_relative,reject,80,0.0012635194477073352,0.001446000169380568,1.0,0.0,0,0,0,nan,0.0,0.0,0,0,nan,nan,0.4492472638515502,1.5701441180837694,0.09499816440653487,circle,5,42247944be5fa752a9f29712f2ed675af5ff74baede5f2e22e5f68a3c6c543d3
shoulder_relative,reject,80,0.0012940519526011202,0.0014779998309677467,1.0,0.0,0,0,0,nan,0.0,0.0,0,0,nan,nan,0.4492472638515502,1.5701441180837694,0.09499816440653487,circle,6,42247944be5fa752a9f29712f2ed675af5ff74baede5f2e22e5f68a3c6c543d3
shoulder_relative,reject,80,0.0013220259780291007,0.0015040000107546803,1.0,0.0,0,0,0,nan,0.0,0.0,0,0,nan,nan,0.4492472638515502,1.5701441180837694,0.09499816440653487,circle,7,42247944be5fa752a9f29712f2ed675af5ff74baede5f2e22e5f68a3c6c543d3
shoulder_relative,reject,80,0.0013456233554952869,0.001535999672341859,1.0,0.0,0,0,0,nan,0.0,0.0,0,0,nan,nan,0.4492472638515502,1.5701441180837694,0.09499816440653487,circle,8,42247944be5fa752a9f29712f2ed675af5ff74baede5f2e22e5f68a3c6c543d3
shoulder_relative,reject,80,0.0013162857140304805,0.001488000179961091,1.0,0.0,0,0,0,nan,0.0,0.0,0,0,nan,nan,0.4492472638515502,1.5701441180837694,0.09499816440653487,circle,9,42247944be5fa752a9f29712f2ed675af5ff74baede5f2e22e5f68a3c6c543d3
shoulder_relative,reject,80,0.0013243766084265012,0.0014949996511859354,1.0,0.0,0,0,0,nan,0.0,0.0,0,0,nan,nan,0.4492472638515502,1.5701441180837694,0.09499816440653487,circle,10,42247944be5fa752a9f29712f2ed675af5ff74baede5f2e22e5f68a3c6c543d3
shoulder_relative,reject,80,0.0012978441734414988,0.0015010000424808823,1.0,0.0,0,0,0,nan,0.0,0.0,0,0,nan,nan,0.4492472638515502,1.5701441180837694,0.09499816440653487,circle,11,42247944be5fa752a9f29712f2ed675af5ff74baede5f2e22e5f68a3c6c543d3
shoulder_relative,reject,80,0.0012970779477784941,0.0014360002751345746,1.0,0.0,0,0,0,nan,0.0,0.0,0,0,nan,nan,0.4492472638515502,1.5701441180837694,0.09499816440653487,circle,12,42247944be5fa752a9f29712f2ed675af5ff74baede5f2e22e5f68a3c6c543d3
shoulder_relative,reject,80,0.0013535324631613382,0.0015639998309779912,1.0,0.0,0,0,0,nan,0.0,0.0,0,0,nan,nan,0.4492472638515502,1.5701441180837694,0.09499816440653487,circle,13,42247944be5fa752a9f29712f2ed675af5ff74baede5f2e22e5f68a3c6c543d3
shoulder_relative,reject,80,0.0013089480407043911,0.001466999947297154,1.0,0.0,0,0,0,nan,0.0,0.0,0,0,nan,nan,0.4492472638515502,1.5701441180837694,0.09499816440653487,circle,14,42247944be5fa752a9f29712f2ed675af5ff74baede5f2e22e5f68a3c6c543d3
shoulder_relative,reject,80,0.0013767012973545064,0.0015499999790336005,1.0,0.0,0,0,0,nan,0.0,0.0,0,0,nan,nan,0.4492472638515502,1.5701441180837694,0.09499816440653487,circle,15,42247944be5fa752a9f29712f2ed675af5ff74baede5f2e22e5f68a3c6c543d3
shoulder_relative,reject,80,0.0013271038759350112,0.0015559999155811965,1.0,0.0,0,0,0,nan,0.0,0.0,0,0,nan,nan,0.4492472638515502,1.5701441180837694,0.09499816440653487,circle,16,42247944be5fa752a9f29712f2ed675af5ff74baede5f2e22e5f68a3c6c543d3
shoulder_relative,reject,80,0.001351662329445342,0.001538999640615657,1.0,0.0,0,0,0,nan,0.0,0.0,0,0,nan,nan,0.4492472638515502,1.5701441180837694,0.09499816440653487,circle,17,42247944be5fa752a9f29712f2ed675af5ff74baede5f2e22e5f68a3c6c543d3
shoulder_relative,reject,80,0.001300012969862452,0.001463999979023356,1.0,0.0,0,0,0,nan,0.0,0.0,0,0,nan,nan,0.4492472638515502,1.5701441180837694,0.09499816440653487,circle,18,42247944be5fa752a9f29712f2ed675af5ff74baede5f2e22e5f68a3c6c543d3
shoulder_relative,reject,80,0.0013395065547843227,0.0015569999050057959,1.0,0.0,0,0,0,nan,0.0,0.0,0,0,nan,nan,0.4492472638515502,1.5701441180837694,0.09499816440653487,circle,19,42247944be5fa752a9f29712f2ed675af5ff74baede5f2e22e5f68a3c6c543d3
shoulder_relative,reject,80,0.0013275584638290344,0.0014990000636316836,1.0,0.0,0,0,0,nan,0.0,0.0,0,0,nan,nan,0.4492472638515502,1.5701441180837694,0.09499816440653487,circle,20,42247944be5fa752a9f29712f2ed675af5ff74baede5f2e22e5f68a3c6c543d3
shoulder_relative,reject,80,0.0013411428597748171,0.001484999756939942,1.0,0.0,0,0,0,nan,0.0,0.0,0,0,nan,nan,0.4492472638515502,1.5701441180837694,0.09499816440653487,circle,21,42247944be5fa752a9f29712f2ed675af5ff74baede5f2e22e5f68a3c6c543d3
shoulder_relative,reject,80,0.0013274155491388511,0.0014899997040629387,1.0,0.0,0,0,0,nan,0.0,0.0,0,0,nan,nan,0.4492472638515502,1.5701441180837694,0.09499816440653487,circle,22,42247944be5fa752a9f29712f2ed675af5ff74baede5f2e22e5f68a3c6c543d3
shoulder_relative,reject,80,0.0012936883082714646,0.0014560000636265613,1.0,0.0,0,0,0,nan,0.0,0.0,0,0,nan,nan,0.4492472638515502,1.5701441180837694,0.09499816440653487,circle,23,42247944be5fa752a9f29712f2ed675af5ff74baede5f2e22e5f68a3c6c543d3
shoulder_relative,reject,80,0.0013244026058010286,0.0014949996511859354,1.0,0.0,0,0,0,nan,0.0,0.0,0,0,nan,nan,0.4492472638515502,1.5701441180837694,0.09499816440653487,circle,24,42247944be5fa752a9f29712f2ed675af5ff74baede5f2e22e5f68a3c6c543d3
shoulder_relative,reject,80,0.001317545435062153,0.0014629999895987567,1.0,0.0,0,0,0,nan,0.0,0.0,0,0,nan,nan,0.4492472638515502,1.5701441180837694,0.09499816440653487,circle,25,42247944be5fa752a9f29712f2ed675af5ff74baede5f2e22e5f68a3c6c543d3
shoulder_relative,reject,80,0.0013000129757682617,0.001451999651180813,1.0,0.0,0,0,0,nan,0.0,0.0,0,0,nan,nan,0.4492472638515502,1.5701441180837694,0.09499816440653487,circle,26,42247944be5fa752a9f29712f2ed675af5ff74baede5f2e22e5f68a3c6c543d3
shoulder_relative,reject,80,0.0013530519546683145,0.0015020000319054816,1.0,0.0,0,0,0,nan,0.0,0.0,0,0,nan,nan,0.4492472638515502,1.5701441180837694,0.09499816440653487,circle,27,42247944be5fa752a9f29712f2ed675af5ff74baede5f2e22e5f68a3c6c543d3
shoulder_relative,reject,80,0.0013270000104589068,0.0015290002011170145,1.0,0.0,0,0,0,nan,0.0,0.0,0,0,nan,nan,0.4492472638515502,1.5701441180837694,0.09499816440653487,circle,28,42247944be5fa752a9f29712f2ed675af5ff74baede5f2e22e5f68a3c6c543d3
shoulder_relative,reject,80,0.0013749870474869083,0.0015400000847876072,1.0,0.0,0,0,0,nan,0.0,0.0,0,0,nan,nan,0.4492472638515502,1.5701441180837694,0.09499816440653487,circle,29,42247944be5fa752a9f29712f2ed675af5ff74baede5f2e22e5f68a3c6c543d3
shoulder_relative,reject,80,0.0013784675537827787,0.0015379996511910576,1.0,0.0,0,0,0,nan,0.0,0.0,0,0,nan,nan,0.46256096653939577,1.7159814371801745,0.1279154673405977,figure_eight,0,f46a8a506ac6b057895c618ac2d52f6526ea2c9ea28c00e1f30d80f87b624740
shoulder_relative,reject,80,0.0013543766455130664,0.0015360001270892099,1.0,0.0,0,0,0,nan,0.0,0.0,0,0,nan,nan,0.46256096653939577,1.7159814371801745,0.1279154673405977,figure_eight,1,f46a8a506ac6b057895c618ac2d52f6526ea2c9ea28c00e1f30d80f87b624740
shoulder_relative,reject,80,0.001348545449761698,0.0015189998521236703,1.0,0.0,0,0,0,nan,0.0,0.0,0,0,nan,nan,0.46256096653939577,1.7159814371801745,0.1279154673405977,figure_eight,2,f46a8a506ac6b057895c618ac2d52f6526ea2c9ea28c00e1f30d80f87b624740
shoulder_relative,reject,80,0.0013270909304000352,0.0014870001905364916,1.0,0.0,0,0,0,nan,0.0,0.0,0,0,nan,nan,0.46256096653939577,1.7159814371801745,0.1279154673405977,figure_eight,3,f46a8a506ac6b057895c618ac2d52f6526ea2c9ea28c00e1f30d80f87b624740
shoulder_relative,reject,80,0.0013551038810200899,0.0015230002645694185,1.0,0.0,0,0,0,nan,0.0,0.0,0,0,nan,nan,0.46256096653939577,1.7159814371801745,0.1279154673405977,figure_eight,4,f46a8a506ac6b057895c618ac2d52f6526ea2c9ea28c00e1f30d80f87b624740
shoulder_relative,reject,80,0.0013366493653670837,0.0014930001270840876,1.0,0.0,0,0,0,nan,0.0,0.0,0,0,nan,nan,0.46256096653939577,1.7159814371801745,0.1279154673405977,figure_eight,5,f46a8a506ac6b057895c618ac2d52f6526ea2c9ea28c00e1f30d80f87b624740
shoulder_relative,reject,80,0.001351324700207643,0.0014750003174412996,1.0,0.0,0,0,0,nan,0.0,0.0,0,0,nan,nan,0.46256096653939577,1.7159814371801745,0.1279154673405977,figure_eight,6,f46a8a506ac6b057895c618ac2d52f6526ea2c9ea28c00e1f30d80f87b624740
shoulder_relative,reject,80,0.001333493507339078,0.0015499999790336005,1.0,0.0,0,0,0,nan,0.0,0.0,0,0,nan,nan,0.46256096653939577,1.7159814371801745,0.1279154673405977,figure_eight,7,f46a8a506ac6b057895c618ac2d52f6526ea2c9ea28c00e1f30d80f87b624740
shoulder_relative,reject,80,0.0014258181689403098,0.0015210002857202198,1.0,0.0,0,0,0,nan,0.0,0.0,0,0,nan,nan,0.46256096653939577,1.7159814371801745,0.1279154673405977,figure_eight,8,f46a8a506ac6b057895c618ac2d52f6526ea2c9ea28c00e1f30d80f87b624740
shoulder_relative,reject,80,0.001328753226859247,0.001500000053056283,1.0,0.0,0,0,0,nan,0.0,0.0,0,0,nan,nan,0.46256096653939577,1.7159814371801745,0.1279154673405977,figure_eight,9,f46a8a506ac6b057895c618ac2d52f6526ea2c9ea28c00e1f30d80f87b624740
shoulder_relative,reject,80,0.0013185324730459666,0.0014900001588102896,1.0,0.0,0,0,0,nan,0.0,0.0,0,0,nan,nan,0.46256096653939577,1.7159814371801745,0.1279154673405977,figure_eight,10,f46a8a506ac6b057895c618ac2d52f6526ea2c9ea28c00e1f30d80f87b624740
shoulder_relative,reject,80,0.0013402727036718007,0.0015280002116924152,1.0,0.0,0,0,0,nan,0.0,0.0,0,0,nan,nan,0.46256096653939577,1.7159814371801745,0.1279154673405977,figure_eight,11,f46a8a506ac6b057895c618ac2d52f6526ea2c9ea28c00e1f30d80f87b624740
shoulder_relative,reject,80,0.0013564025922077436,0.001517999862699071,1.0,0.0,0,0,0,nan,0.0,0.0,0,0,nan,nan,0.46256096653939577,1.7159814371801745,0.1279154673405977,figure_eight,12,f46a8a506ac6b057895c618ac2d52f6526ea2c9ea28c00e1f30d80f87b624740
shoulder_relative,reject,80,0.0013836363243833396,0.0015709997569501866,1.0,0.0,0,0,0,nan,0.0,0.0,0,0,nan,nan,0.46256096653939577,1.7159814371801745,0.1279154673405977,figure_eight,13,f46a8a506ac6b057895c618ac2d52f6526ea2c9ea28c00e1f30d80f87b624740
shoulder_relative,reject,80,0.0013038701250810516,0.00147299988384475,1.0,0.0,0,0,0,nan,0.0,0.0,0,0,nan,nan,0.46256096653939577,1.7159814371801745,0.1279154673405977,figure_eight,14,f46a8a506ac6b057895c618ac2d52f6526ea2c9ea28c00e1f30d80f87b624740
shoulder_relative,reject,80,0.001334415581415622,0.0015409996194648556,1.0,0.0,0,0,0,nan,0.0,0.0,0,0,nan,nan,0.46256096653939577,1.7159814371801745,0.1279154673405977,figure_eight,15,f46a8a506ac6b057895c618ac2d52f6526ea2c9ea28c00e1f30d80f87b624740
shoulder_relative,reject,80,0.0013208571533153178,0.0014679999367217533,1.0,0.0,0,0,0,nan,0.0,0.0,0,0,nan,nan,0.46256096653939577,1.7159814371801745,0.1279154673405977,figure_eight,16,f46a8a506ac6b057895c618ac2d52f6526ea2c9ea28c00e1f30d80f87b624740
shoulder_relative,reject,80,0.001357987026471188,0.0015630002963007428,1.0,0.0,0,0,0,nan,0.0,0.0,0,0,nan,nan,0.46256096653939577,1.7159814371801745,0.1279154673405977,figure_eight,17,f46a8a506ac6b057895c618ac2d52f6526ea2c9ea28c00e1f30d80f87b624740
shoulder_relative,reject,80,0.0013960909271119887,0.0016139997569553088,1.0,0.0,0,0,0,nan,0.0,0.0,0,0,nan,nan,0.46256096653939577,1.7159814371801745,0.1279154673405977,figure_eight,18,f46a8a506ac6b057895c618ac2d52f6526ea2c9ea28c00e1f30d80f87b624740
shoulder_relative,reject,80,0.0013095454369840217,0.0014629999895987567,1.0,0.0,0,0,0,nan,0.0,0.0,0,0,nan,nan,0.46256096653939577,1.7159814371801745,0.1279154673405977,figure_eight,19,f46a8a506ac6b057895c618ac2d52f6526ea2c9ea28c00e1f30d80f87b624740
shoulder_relative,reject,80,0.0013337143137540771,0.0014990000636316836,1.0,0.0,0,0,0,nan,0.0,0.0,0,0,nan,nan,0.46256096653939577,1.7159814371801745,0.1279154673405977,figure_eight,20,f46a8a506ac6b057895c618ac2d52f6526ea2c9ea28c00e1f30d80f87b624740
shoulder_relative,reject,80,0.0013076882960494794,0.001484999756939942,1.0,0.0,0,0,0,nan,0.0,0.0,0,0,nan,nan,0.46256096653939577,1.7159814371801745,0.1279154673405977,figure_eight,21,f46a8a506ac6b057895c618ac2d52f6526ea2c9ea28c00e1f30d80f87b624740
shoulder_relative,reject,80,0.001306506513989101,0.0014620000001741573,1.0,0.0,0,0,0,nan,0.0,0.0,0,0,nan,nan,0.46256096653939577,1.7159814371801745,0.1279154673405977,figure_eight,22,f46a8a506ac6b057895c618ac2d52f6526ea2c9ea28c00e1f30d80f87b624740
shoulder_relative,reject,80,0.0013408830868270757,0.0015229998098220676,1.0,0.0,0,0,0,nan,0.0,0.0,0,0,nan,nan,0.46256096653939577,1.7159814371801745,0.1279154673405977,figure_eight,23,f46a8a506ac6b057895c618ac2d52f6526ea2c9ea28c00e1f30d80f87b624740
shoulder_relative,reject,80,0.001348636357891207,0.0015700002222729381,1.0,0.0,0,0,0,nan,0.0,0.0,0,0,nan,nan,0.46256096653939577,1.7159814371801745,0.1279154673405977,figure_eight,24,f46a8a506ac6b057895c618ac2d52f6526ea2c9ea28c00e1f30d80f87b624740
shoulder_relative,reject,80,0.0014239221323427424,0.0016019998838601168,1.0,0.0,0,0,0,nan,0.0,0.0,0,0,nan,nan,0.46256096653939577,1.7159814371801745,0.1279154673405977,figure_eight,25,f46a8a506ac6b057895c618ac2d52f6526ea2c9ea28c00e1f30d80f87b624740
shoulder_relative,reject,80,0.0012706103703961859,0.001442999746359419,1.0,0.0,0,0,0,nan,0.0,0.0,0,0,nan,nan,0.46256096653939577,1.7159814371801745,0.1279154673405977,figure_eight,26,f46a8a506ac6b057895c618ac2d52f6526ea2c9ea28c00e1f30d80f87b624740
shoulder_relative,reject,80,0.001339896119712979,0.0015199998415482696,1.0,0.0,0,0,0,nan,0.0,0.0,0,0,nan,nan,0.46256096653939577,1.7159814371801745,0.1279154673405977,figure_eight,27,f46a8a506ac6b057895c618ac2d52f6526ea2c9ea28c00e1f30d80f87b624740
shoulder_relative,reject,80,0.0013477792122870739,0.001505999989603879,1.0,0.0,0,0,0,nan,0.0,0.0,0,0,nan,nan,0.46256096653939577,1.7159814371801745,0.1279154673405977,figure_eight,28,f46a8a506ac6b057895c618ac2d52f6526ea2c9ea28c00e1f30d80f87b624740
shoulder_relative,reject,80,0.0013496233545343525,0.0015669997992517892,1.0,0.0,0,0,0,nan,0.0,0.0,0,0,nan,nan,0.46256096653939577,1.7159814371801745,0.1279154673405977,figure_eight,29,f46a8a506ac6b057895c618ac2d52f6526ea2c9ea28c00e1f30d80f87b624740
shoulder_relative,reject,80,0.0013354675006253688,0.001647999852139037,1.0,0.0,0,0,0,nan,0.0,0.0,0,0,nan,nan,0.07150000000000001,1.1071487177940904,nan,step_input,0,855a8b16a15d313b647766e2b06d310950d80af3d587a0382fc30ec6688dbbc4
shoulder_relative,reject,80,0.0013478311834128893,0.0015619998521287926,1.0,0.0,0,0,0,nan,0.0,0.0,0,0,nan,nan,0.07150000000000001,1.1071487177940904,nan,step_input,1,855a8b16a15d313b647766e2b06d310950d80af3d587a0382fc30ec6688dbbc4
shoulder_relative,reject,80,0.0013524935308272359,0.0015780001376697328,1.0,0.0,0,0,0,nan,0.0,0.0,0,0,nan,nan,0.07150000000000001,1.1071487177940904,nan,step_input,2,855a8b16a15d313b647766e2b06d310950d80af3d587a0382fc30ec6688dbbc4
shoulder_relative,reject,80,0.0013633506710761282,0.0015649998204025906,1.0,0.0,0,0,0,nan,0.0,0.0,0,0,nan,nan,0.07150000000000001,1.1071487177940904,nan,step_input,3,855a8b16a15d313b647766e2b06d310950d80af3d587a0382fc30ec6688dbbc4
shoulder_relative,reject,80,0.0013388312018159686,0.001442999746359419,1.0,0.0,0,0,0,nan,0.0,0.0,0,0,nan,nan,0.07150000000000001,1.1071487177940904,nan,step_input,4,855a8b16a15d313b647766e2b06d310950d80af3d587a0382fc30ec6688dbbc4
shoulder_relative,reject,80,0.001324844124138071,0.0014439997357840184,1.0,0.0,0,0,0,nan,0.0,0.0,0,0,nan,nan,0.07150000000000001,1.1071487177940904,nan,step_input,5,855a8b16a15d313b647766e2b06d310950d80af3d587a0382fc30ec6688dbbc4
shoulder_relative,reject,80,0.0012589091009478533,0.0014050001482246444,1.0,0.0,0,0,0,nan,0.0,0.0,0,0,nan,nan,0.07150000000000001,1.1071487177940904,nan,step_input,6,855a8b16a15d313b647766e2b06d310950d80af3d587a0382fc30ec6688dbbc4
shoulder_relative,reject,80,0.0012575454435703594,0.001469999915570952,1.0,0.0,0,0,0,nan,0.0,0.0,0,0,nan,nan,0.07150000000000001,1.1071487177940904,nan,step_input,7,855a8b16a15d313b647766e2b06d310950d80af3d587a0382fc30ec6688dbbc4
shoulder_relative,reject,80,0.001305636375603514,0.0014800002645642962,1.0,0.0,0,0,0,nan,0.0,0.0,0,0,nan,nan,0.07150000000000001,1.1071487177940904,nan,step_input,8,855a8b16a15d313b647766e2b06d310950d80af3d587a0382fc30ec6688dbbc4
shoulder_relative,reject,80,0.0013000129580508326,0.0014719998944201507,1.0,0.0,0,0,0,nan,0.0,0.0,0,0,nan,nan,0.07150000000000001,1.1071487177940904,nan,step_input,9,855a8b16a15d313b647766e2b06d310950d80af3d587a0382fc30ec6688dbbc4
shoulder_relative,reject,80,0.0014197402461749416,0.0017089996617869474,1.0,0.0,0,0,0,nan,0.0,0.0,0,0,nan,nan,0.07150000000000001,1.1071487177940904,nan,step_input,10,855a8b16a15d313b647766e2b06d310950d80af3d587a0382fc30ec6688dbbc4
shoulder_relative,reject,80,0.001335259746049921,0.0015099999473022763,1.0,0.0,0,0,0,nan,0.0,0.0,0,0,nan,nan,0.07150000000000001,1.1071487177940904,nan,step_input,11,855a8b16a15d313b647766e2b06d310950d80af3d587a0382fc30ec6688dbbc4
shoulder_relative,reject,80,0.0012657012723446008,0.0014990000636316836,1.0,0.0,0,0,0,nan,0.0,0.0,0,0,nan,nan,0.07150000000000001,1.1071487177940904,nan,step_input,12,855a8b16a15d313b647766e2b06d310950d80af3d587a0382fc30ec6688dbbc4
shoulder_relative,reject,80,0.00131085712914151,0.001478999820392346,1.0,0.0,0,0,0,nan,0.0,0.0,0,0,nan,nan,0.07150000000000001,1.1071487177940904,nan,step_input,13,855a8b16a15d313b647766e2b06d310950d80af3d587a0382fc30ec6688dbbc4
shoulder_relative,reject,80,0.001283259758542068,0.001478999820392346,1.0,0.0,0,0,0,nan,0.0,0.0,0,0,nan,nan,0.07150000000000001,1.1071487177940904,nan,step_input,14,855a8b16a15d313b647766e2b06d310950d80af3d587a0382fc30ec6688dbbc4
shoulder_relative,reject,80,0.001354012995277601,0.0015709997569501866,1.0,0.0,0,0,0,nan,0.0,0.0,0,0,nan,nan,0.07150000000000001,1.1071487177940904,nan,step_input,15,855a8b16a15d313b647766e2b06d310950d80af3d587a0382fc30ec6688dbbc4
shoulder_relative,reject,80,0.0013063896084850649,0.0014779998309677467,1.0,0.0,0,0,0,nan,0.0,0.0,0,0,nan,nan,0.07150000000000001,1.1071487177940904,nan,step_input,16,855a8b16a15d313b647766e2b06d310950d80af3d587a0382fc30ec6688dbbc4
shoulder_relative,reject,80,0.001326181825481706,0.0014779998309677467,1.0,0.0,0,0,0,nan,0.0,0.0,0,0,nan,nan,0.07150000000000001,1.1071487177940904,nan,step_input,17,855a8b16a15d313b647766e2b06d310950d80af3d587a0382fc30ec6688dbbc4
shoulder_relative,reject,80,0.0013157013046264938,0.0015169998732744716,1.0,0.0,0,0,0,nan,0.0,0.0,0,0,nan,nan,0.07150000000000001,1.1071487177940904,nan,step_input,18,855a8b16a15d313b647766e2b06d310950d80af3d587a0382fc30ec6688dbbc4
shoulder_relative,reject,80,0.0013189740268178677,0.001481999788666144,1.0,0.0,0,0,0,nan,0.0,0.0,0,0,nan,nan,0.07150000000000001,1.1071487177940904,nan,step_input,19,855a8b16a15d313b647766e2b06d310950d80af3d587a0382fc30ec6688dbbc4
shoulder_relative,reject,80,0.0013098051981201438,0.0015129999155760743,1.0,0.0,0,0,0,nan,0.0,0.0,0,0,nan,nan,0.07150000000000001,1.1071487177940904,nan,step_input,20,855a8b16a15d313b647766e2b06d310950d80af3d587a0382fc30ec6688dbbc4
shoulder_relative,reject,80,0.0013235324437922023,0.0015219998203974683,1.0,0.0,0,0,0,nan,0.0,0.0,0,0,nan,nan,0.07150000000000001,1.1071487177940904,nan,step_input,21,855a8b16a15d313b647766e2b06d310950d80af3d587a0382fc30ec6688dbbc4
shoulder_relative,reject,80,0.0013812208009483867,0.0016369999684684444,1.0,0.0,0,0,0,nan,0.0,0.0,0,0,nan,nan,0.07150000000000001,1.1071487177940904,nan,step_input,22,855a8b16a15d313b647766e2b06d310950d80af3d587a0382fc30ec6688dbbc4
shoulder_relative,reject,80,0.001336675315495133,0.0014870001905364916,1.0,0.0,0,0,0,nan,0.0,0.0,0,0,nan,nan,0.07150000000000001,1.1071487177940904,nan,step_input,23,855a8b16a15d313b647766e2b06d310950d80af3d587a0382fc30ec6688dbbc4
shoulder_relative,reject,80,0.001331402579019702,0.0015569999050057959,1.0,0.0,0,0,0,nan,0.0,0.0,0,0,nan,nan,0.07150000000000001,1.1071487177940904,nan,step_input,24,855a8b16a15d313b647766e2b06d310950d80af3d587a0382fc30ec6688dbbc4
shoulder_relative,reject,80,0.001284818201336795,0.0014620000001741573,1.0,0.0,0,0,0,nan,0.0,0.0,0,0,nan,nan,0.07150000000000001,1.1071487177940904,nan,step_input,25,855a8b16a15d313b647766e2b06d310950d80af3d587a0382fc30ec6688dbbc4
shoulder_relative,reject,80,0.0012860779282742772,0.0014450001799559686,1.0,0.0,0,0,0,nan,0.0,0.0,0,0,nan,nan,0.07150000000000001,1.1071487177940904,nan,step_input,26,855a8b16a15d313b647766e2b06d310950d80af3d587a0382fc30ec6688dbbc4
shoulder_relative,reject,80,0.001351831135205477,0.001529999735794263,1.0,0.0,0,0,0,nan,0.0,0.0,0,0,nan,nan,0.07150000000000001,1.1071487177940904,nan,step_input,27,855a8b16a15d313b647766e2b06d310950d80af3d587a0382fc30ec6688dbbc4
shoulder_relative,reject,80,0.0012781947884537043,0.0015020000319054816,1.0,0.0,0,0,0,nan,0.0,0.0,0,0,nan,nan,0.07150000000000001,1.1071487177940904,nan,step_input,28,855a8b16a15d313b647766e2b06d310950d80af3d587a0382fc30ec6688dbbc4
shoulder_relative,reject,80,0.0013041039006542656,0.0015069999790284783,1.0,0.0,0,0,0,nan,0.0,0.0,0,0,nan,nan,0.07150000000000001,1.1071487177940904,nan,step_input,29,855a8b16a15d313b647766e2b06d310950d80af3d587a0382fc30ec6688dbbc4
shoulder_relative,reject,80,0.0012901817750720181,0.0015010000424808823,1.0,0.0,0,0,0,nan,0.0,0.0,0,0,nan,nan,0.0,nan,nan,near_full_extension,0,177fe34873a4cd7ca53447db16ed25ec8655a8064a4353e6497ca8ff44bc862d
shoulder_relative,reject,80,0.0012905844213692743,0.0015079999684530776,1.0,0.0,0,0,0,nan,0.0,0.0,0,0,nan,nan,0.0,nan,nan,near_full_extension,1,177fe34873a4cd7ca53447db16ed25ec8655a8064a4353e6497ca8ff44bc862d
shoulder_relative,reject,80,0.0012977532416887508,0.0014890001693856902,1.0,0.0,0,0,0,nan,0.0,0.0,0,0,nan,nan,0.0,nan,nan,near_full_extension,2,177fe34873a4cd7ca53447db16ed25ec8655a8064a4353e6497ca8ff44bc862d
shoulder_relative,reject,80,0.0012710519832261843,0.0014500001270789653,1.0,0.0,0,0,0,nan,0.0,0.0,0,0,nan,nan,0.0,nan,nan,near_full_extension,3,177fe34873a4cd7ca53447db16ed25ec8655a8064a4353e6497ca8ff44bc862d
shoulder_relative,reject,80,0.0013367532131257588,0.0014749998626939487,1.0,0.0,0,0,0,nan,0.0,0.0,0,0,nan,nan,0.0,nan,nan,near_full_extension,4,177fe34873a4cd7ca53447db16ed25ec8655a8064a4353e6497ca8ff44bc862d
shoulder_relative,reject,80,0.0012851558128570647,0.0015240002539940178,1.0,0.0,0,0,0,nan,0.0,0.0,0,0,nan,nan,0.0,nan,nan,near_full_extension,5,177fe34873a4cd7ca53447db16ed25ec8655a8064a4353e6497ca8ff44bc862d
shoulder_relative,reject,80,0.0012921818011676948,0.0015069999790284783,1.0,0.0,0,0,0,nan,0.0,0.0,0,0,nan,nan,0.0,nan,nan,near_full_extension,6,177fe34873a4cd7ca53447db16ed25ec8655a8064a4353e6497ca8ff44bc862d
shoulder_relative,reject,80,0.001319194833232867,0.0015050000001792796,1.0,0.0,0,0,0,nan,0.0,0.0,0,0,nan,nan,0.0,nan,nan,near_full_extension,7,177fe34873a4cd7ca53447db16ed25ec8655a8064a4353e6497ca8ff44bc862d
shoulder_relative,reject,80,0.0013511558235777912,0.0015010000424808823,1.0,0.0,0,0,0,nan,0.0,0.0,0,0,nan,nan,0.0,nan,nan,near_full_extension,8,177fe34873a4cd7ca53447db16ed25ec8655a8064a4353e6497ca8ff44bc862d
shoulder_relative,reject,80,0.0013027012767440295,0.0015180003174464218,1.0,0.0,0,0,0,nan,0.0,0.0,0,0,nan,nan,0.0,nan,nan,near_full_extension,9,177fe34873a4cd7ca53447db16ed25ec8655a8064a4353e6497ca8ff44bc862d
shoulder_relative,reject,80,0.0013508831287183127,0.0015270002222678158,1.0,0.0,0,0,0,nan,0.0,0.0,0,0,nan,nan,0.0,nan,nan,near_full_extension,10,177fe34873a4cd7ca53447db16ed25ec8655a8064a4353e6497ca8ff44bc862d
shoulder_relative,reject,80,0.0013320909070520808,0.0015229998098220676,1.0,0.0,0,0,0,nan,0.0,0.0,0,0,nan,nan,0.0,nan,nan,near_full_extension,11,177fe34873a4cd7ca53447db16ed25ec8655a8064a4353e6497ca8ff44bc862d
shoulder_relative,reject,80,0.0013126883376654323,0.001511999926151475,1.0,0.0,0,0,0,nan,0.0,0.0,0,0,nan,nan,0.0,nan,nan,near_full_extension,12,177fe34873a4cd7ca53447db16ed25ec8655a8064a4353e6497ca8ff44bc862d
shoulder_relative,reject,80,0.0013092856994711389,0.0015050000001792796,1.0,0.0,0,0,0,nan,0.0,0.0,0,0,nan,nan,0.0,nan,nan,near_full_extension,13,177fe34873a4cd7ca53447db16ed25ec8655a8064a4353e6497ca8ff44bc862d
shoulder_relative,reject,80,0.0013457792570611142,0.0014890001693856902,1.0,0.0,0,0,0,nan,0.0,0.0,0,0,nan,nan,0.0,nan,nan,near_full_extension,14,177fe34873a4cd7ca53447db16ed25ec8655a8064a4353e6497ca8ff44bc862d
shoulder_relative,reject,80,0.0013043506571973143,0.0014730003385921009,1.0,0.0,0,0,0,nan,0.0,0.0,0,0,nan,nan,0.0,nan,nan,near_full_extension,15,177fe34873a4cd7ca53447db16ed25ec8655a8064a4353e6497ca8ff44bc862d
shoulder_relative,reject,80,0.0013545843882768946,0.0015360001270892099,1.0,0.0,0,0,0,nan,0.0,0.0,0,0,nan,nan,0.0,nan,nan,near_full_extension,16,177fe34873a4cd7ca53447db16ed25ec8655a8064a4353e6497ca8ff44bc862d
shoulder_relative,reject,80,0.00133964936907574,0.0015670002539991401,1.0,0.0,0,0,0,nan,0.0,0.0,0,0,nan,nan,0.0,nan,nan,near_full_extension,17,177fe34873a4cd7ca53447db16ed25ec8655a8064a4353e6497ca8ff44bc862d
shoulder_relative,reject,80,0.0013148311485234774,0.0015040000107546803,1.0,0.0,0,0,0,nan,0.0,0.0,0,0,nan,nan,0.0,nan,nan,near_full_extension,18,177fe34873a4cd7ca53447db16ed25ec8655a8064a4353e6497ca8ff44bc862d
shoulder_relative,reject,80,0.001355753277954585,0.0016529997992620338,1.0,0.0,0,0,0,nan,0.0,0.0,0,0,nan,nan,0.0,nan,nan,near_full_extension,19,177fe34873a4cd7ca53447db16ed25ec8655a8064a4353e6497ca8ff44bc862d
shoulder_relative,reject,80,0.0012819480368555312,0.0014700003703183029,1.0,0.0,0,0,0,nan,0.0,0.0,0,0,nan,nan,0.0,nan,nan,near_full_extension,20,177fe34873a4cd7ca53447db16ed25ec8655a8064a4353e6497ca8ff44bc862d
shoulder_relative,reject,80,0.00132422080135363,0.001479000275139697,1.0,0.0,0,0,0,nan,0.0,0.0,0,0,nan,nan,0.0,nan,nan,near_full_extension,21,177fe34873a4cd7ca53447db16ed25ec8655a8064a4353e6497ca8ff44bc862d
shoulder_relative,reject,80,0.001242584409277248,0.001424999936716631,1.0,0.0,0,0,0,nan,0.0,0.0,0,0,nan,nan,0.0,nan,nan,near_full_extension,22,177fe34873a4cd7ca53447db16ed25ec8655a8064a4353e6497ca8ff44bc862d
shoulder_relative,reject,80,0.0013054285442525395,0.001449000137654366,1.0,0.0,0,0,0,nan,0.0,0.0,0,0,nan,nan,0.0,nan,nan,near_full_extension,23,177fe34873a4cd7ca53447db16ed25ec8655a8064a4353e6497ca8ff44bc862d
shoulder_relative,reject,80,0.0012562467264768957,0.001466999947297154,1.0,0.0,0,0,0,nan,0.0,0.0,0,0,nan,nan,0.0,nan,nan,near_full_extension,24,177fe34873a4cd7ca53447db16ed25ec8655a8064a4353e6497ca8ff44bc862d
shoulder_relative,reject,80,0.0012620779340398838,0.0014030001693754457,1.0,0.0,0,0,0,nan,0.0,0.0,0,0,nan,nan,0.0,nan,nan,near_full_extension,25,177fe34873a4cd7ca53447db16ed25ec8655a8064a4353e6497ca8ff44bc862d
shoulder_relative,reject,80,0.0013094935071988746,0.001499999598308932,1.0,0.0,0,0,0,nan,0.0,0.0,0,0,nan,nan,0.0,nan,nan,near_full_extension,26,177fe34873a4cd7ca53447db16ed25ec8655a8064a4353e6497ca8ff44bc862d
shoulder_relative,reject,80,0.0013379220909918296,0.0015460000213352032,1.0,0.0,0,0,0,nan,0.0,0.0,0,0,nan,nan,0.0,nan,nan,near_full_extension,27,177fe34873a4cd7ca53447db16ed25ec8655a8064a4353e6497ca8ff44bc862d
shoulder_relative,reject,80,0.0012768961008892896,0.0014590000319003593,1.0,0.0,0,0,0,nan,0.0,0.0,0,0,nan,nan,0.0,nan,nan,near_full_extension,28,177fe34873a4cd7ca53447db16ed25ec8655a8064a4353e6497ca8ff44bc862d
shoulder_relative,reject,80,0.0013379480588373081,0.0015370001165138092,1.0,0.0,0,0,0,nan,0.0,0.0,0,0,nan,nan,0.0,nan,nan,near_full_extension,29,177fe34873a4cd7ca53447db16ed25ec8655a8064a4353e6497ca8ff44bc862d
shoulder_relative,reject,80,0.0012817922120652307,0.0014930001270840876,1.0,0.0,0,0,0,nan,0.0,0.0,0,0,nan,nan,0.7806444284496303,1.5755608957603062,2.0608658935032644,noisy_landmarks,0,0b1801dd333eaa2e0222bbff2a42050db5d9802ac8fbdb0a933f97a80fe7d463
shoulder_relative,reject,80,0.0013068701169780886,0.001476000306865899,1.0,0.0,0,0,0,nan,0.0,0.0,0,0,nan,nan,0.7513451544765821,1.634307008040106,1.9971697621326625,noisy_landmarks,1,b6b5f0efbff88d14838f03ddb414b1c337ca1e6f8543ed372ac2154426b9097b
shoulder_relative,reject,80,0.0012979740362921307,0.001463999979023356,1.0,0.0,0,0,0,nan,0.0,0.0,0,0,nan,nan,0.7353807822968729,1.5714809905004579,1.999263957720282,noisy_landmarks,2,b106f71dd6d09077a890be92f76df04498f4367e1e6f9a2a35ab3d1fc91c59e3
shoulder_relative,reject,80,0.0013385844275554909,0.001490999693487538,1.0,0.0,0,0,0,nan,0.0,0.0,0,0,nan,nan,0.6603163723035581,1.67661764986715,2.0223881462083395,noisy_landmarks,3,991dbf6707c0bf118aad1cbe68d0f6e409b93d5cd717fd12b68efe74741f9fb1
shoulder_relative,reject,80,0.0013532986875881242,0.001475999852118548,1.0,0.0,0,0,0,nan,0.0,0.0,0,0,nan,nan,0.7175970291590332,1.624495211720694,2.0358295248464975,noisy_landmarks,4,90cb0fe769646be8b423e3cacad031e943be326bf5b5bce75423b70541955077
shoulder_relative,reject,80,0.0013114675477316434,0.0015289997463696636,1.0,0.0,0,0,0,nan,0.0,0.0,0,0,nan,nan,0.7865154734636824,1.6342920349715275,2.1026341405186604,noisy_landmarks,5,683ef20f5e6f7e0d15adbba258bd10c0943806910a3205da1b7b05a10dcd57e4
shoulder_relative,reject,80,0.0013040389603702351,0.001484999756939942,1.0,0.0,0,0,0,nan,0.0,0.0,0,0,nan,nan,0.7780600412485386,1.643074513668235,2.081821437566955,noisy_landmarks,6,ea17465413cc03b506640dbf31f1f6e008b7eabb93023799785c9acdb9a6f5e2
shoulder_relative,reject,80,0.0012820779528584507,0.001481999788666144,1.0,0.0,0,0,0,nan,0.0,0.0,0,0,nan,nan,0.7757059979591684,1.5864071756376708,2.0603215831851,noisy_landmarks,7,0d8ef2a4f181451e40dd20c81a6b1715c2805e9f961affec2d52b7ae318b0683
shoulder_relative,reject,80,0.0012812077908496246,0.0014349998309626244,1.0,0.0,0,0,0,nan,0.0,0.0,0,0,nan,nan,0.8147594354766413,1.5480145575584314,2.154744609833306,noisy_landmarks,8,04cc3e69e32157a349cb7b289a221f7fd7d5b08800be38a8d00d16c6f17ed919
shoulder_relative,reject,80,0.0013665064877634657,0.0015480000001844019,1.0,0.0,0,0,0,nan,0.0,0.0,0,0,nan,nan,0.7554731247166174,1.6217368734867144,2.186782337504483,noisy_landmarks,9,9cf3c03d12cb0ea13ba18184595a89bcb1bb23aec6905597c91f4de38626a72d
shoulder_relative,reject,80,0.0013267403024750726,0.0014990000636316836,1.0,0.0,0,0,0,nan,0.0,0.0,0,0,nan,nan,0.7057403014667136,1.6423499051592096,2.1301801936456943,noisy_landmarks,10,457b096c66a8ba4b5755ec557acc83f1070433478d46eba08051551577a7cde1
shoulder_relative,reject,80,0.0013880000209043485,0.0015629998415533919,1.0,0.0,0,0,0,nan,0.0,0.0,0,0,nan,nan,0.8406770563848863,1.5617535773980888,2.214305167769138,noisy_landmarks,11,dc1db64978f8ad4d6a243a238929af154d90e0ef98e0b57255b07b126b71312c
shoulder_relative,reject,80,0.001285506523463364,0.0014330003068607766,1.0,0.0,0,0,0,nan,0.0,0.0,0,0,nan,nan,0.7620748818728921,1.5954858594764376,2.1754905436899,noisy_landmarks,12,956f4698bb574b1e5fb8e6a4c5a77495c53ae19adaa93601b611e34573f29ff7
shoulder_relative,reject,80,0.0013201558206898656,0.0015199998415482696,1.0,0.0,0,0,0,nan,0.0,0.0,0,0,nan,nan,0.8274852608454659,1.664047072446915,2.1122353133203062,noisy_landmarks,13,cff7be95774a75649ca4ec8c0ed6f1b39af9c5acf41b64b8c2c6020b857052f7
shoulder_relative,reject,80,0.0013797922150984817,0.0016050003068812657,1.0,0.0,0,0,0,nan,0.0,0.0,0,0,nan,nan,0.8008206692892692,1.6006820035961378,2.081612942067771,noisy_landmarks,14,1875cc3a35ffa49e7f67c72221e03d9828e898ecff381f39599c8e79604d77bd
shoulder_relative,reject,80,0.001333844194322138,0.0015250002434186172,1.0,0.0,0,0,0,nan,0.0,0.0,0,0,nan,nan,0.7000891631840118,1.6370835114191318,2.120966715318376,noisy_landmarks,15,f907c040862a0cee9f62a05e56345b08595f81f6acbfd08e5c60d6f3a0290383
shoulder_relative,reject,80,0.0013781558451440802,0.0015700002222729381,1.0,0.0,0,0,0,nan,0.0,0.0,0,0,nan,nan,0.8280102904168414,1.5423601228269783,2.289088276059896,noisy_landmarks,16,faa85044eba39c21e475cd572a3109c8e6071adc161e89ee0f817dad5e6a2d8f
shoulder_relative,reject,80,0.0013333116969858696,0.001508999957877677,1.0,0.0,0,0,0,nan,0.0,0.0,0,0,nan,nan,0.7978847882215077,1.6296512495370898,2.0535779240615373,noisy_landmarks,17,603e91c6d5ff109b053b2fb125c5dba910a56d692574b19574096a2e0bfe519a
shoulder_relative,reject,80,0.0013224415580497136,0.001505999989603879,1.0,0.0,0,0,0,nan,0.0,0.0,0,0,nan,nan,0.6813391867669555,1.5621686897839109,1.9127560817522917,noisy_landmarks,18,41db5416f9fadc2d97b2e7a13d9323d9bebfdc6d7f5d5f30c9a04411c69e47ed
shoulder_relative,reject,80,0.0013044155797639154,0.0014629999895987567,1.0,0.0,0,0,0,nan,0.0,0.0,0,0,nan,nan,0.7648467084106337,1.5254990746982053,2.0781782411586547,noisy_landmarks,19,e59bbb2608cc5b19d8521657435c2ef400919a78aa520821489c573ee67e66e1
shoulder_relative,reject,80,0.001353272707931026,0.0015229998098220676,1.0,0.0,0,0,0,nan,0.0,0.0,0,0,nan,nan,0.7548837202713148,1.6782046717290113,2.0297553682566614,noisy_landmarks,20,85799f38999c1cf86e8c7e6a1b6b08f737d1be4ccfcb3a237e9344c846b12dfc
shoulder_relative,reject,80,0.0012772987176574973,0.0015040000107546803,1.0,0.0,0,0,0,nan,0.0,0.0,0,0,nan,nan,0.8293244694164172,1.632586003317731,2.1523984484791376,noisy_landmarks,21,8fd9586b88b81ecacdceb0ec7328d57e9c0c05ff8916f15b074b474c62720211
shoulder_relative,reject,80,0.0013132987326323266,0.0014659999578725547,1.0,0.0,0,0,0,nan,0.0,0.0,0,0,nan,nan,0.7367423438680406,1.5516896607986281,2.0821248759838076,noisy_landmarks,22,644bf9982a7d1662d713e2a02b51f33cb76a4559cab3cead8cb9a92b1a6da72a
shoulder_relative,reject,80,0.0013368441744075557,0.0015549999261565972,1.0,0.0,0,0,0,nan,0.0,0.0,0,0,nan,nan,0.7897690226193751,1.583447724269075,2.079013354887985,noisy_landmarks,23,a4639d7d4f55368d41cc7be8b2a926c3dc38fbfa058017c279bdc5dffca14612
shoulder_relative,reject,80,0.001303519444003801,0.0014590000319003593,1.0,0.0,0,0,0,nan,0.0,0.0,0,0,nan,nan,0.751521032156033,1.6272107027661284,2.193918892737992,noisy_landmarks,24,ee46b1a91c03dc09c8aac096313ffe1ca4da12f232131e3cdfa3bf28cb427f6f
shoulder_relative,reject,80,0.0013173765938671595,0.0015240002539940178,1.0,0.0,0,0,0,nan,0.0,0.0,0,0,nan,nan,0.7913628777826509,1.5822348463766398,2.1070284198055838,noisy_landmarks,25,be2eb6efa975c02de92a1b2cdc25b6a9d42c13da8781e1c07520fe30dd50ee38
shoulder_relative,reject,80,0.0012849739965980467,0.0014709999049955513,1.0,0.0,0,0,0,nan,0.0,0.0,0,0,nan,nan,0.7271810582217503,1.5883006115352905,2.1551003829861872,noisy_landmarks,26,16d52b31f8cfa4a803224e989633930bb23300f6c257605b30f37469e7f57c64
shoulder_relative,reject,80,0.0012856623423478548,0.001514999894425273,1.0,0.0,0,0,0,nan,0.0,0.0,0,0,nan,nan,0.6422704507460512,1.6204601573358572,1.9650962763978077,noisy_landmarks,27,43360f8dd87c7861013a0aa0353d23fedb9e703b2f1d2de03a9e810ce0563651
shoulder_relative,reject,80,0.0013296363934611466,0.0014990000636316836,1.0,0.0,0,0,0,nan,0.0,0.0,0,0,nan,nan,0.6888770898729419,1.5884956590124852,2.0486368896774816,noisy_landmarks,28,7ff4c020357a5d17a61d043804322379b7515311e638c4a40bb9e003d80adb31
shoulder_relative,reject,80,0.0012893766242169395,0.0014590000319003593,1.0,0.0,0,0,0,nan,0.0,0.0,0,0,nan,nan,0.7170719489341297,1.5518054694630736,2.0524646718135866,noisy_landmarks,29,7541952faca5cf6a63116967f49bb1d58a62d62049dbf3e53fd081c59d961ceb
shoulder_relative,reject,80,0.001342548344954623,0.0016189997040783055,0.8125,0.1875,5,15,6,1.3,0.0,0.0,0,0,nan,nan,0.06553841364321877,1.7905306770709741,0.05609986881410345,one_second_dropout,0,8e7959c13081999952272b70cb77757eb6b69cb338ba5e006927d3c63a458683
shoulder_relative,reject,80,0.0013060322353633256,0.0016269996194751002,0.8125,0.1875,5,15,6,1.3,0.0,0.0,0,0,nan,nan,0.06553841364321877,1.7905306770709741,0.05609986881410345,one_second_dropout,1,8e7959c13081999952272b70cb77757eb6b69cb338ba5e006927d3c63a458683
shoulder_relative,reject,80,0.0013636129463726143,0.001687000349193113,0.8125,0.1875,5,15,6,1.3,0.0,0.0,0,0,nan,nan,0.06553841364321877,1.7905306770709741,0.05609986881410345,one_second_dropout,2,8e7959c13081999952272b70cb77757eb6b69cb338ba5e006927d3c63a458683
shoulder_relative,reject,80,0.001291532249348576,0.0016220001270994544,0.8125,0.1875,5,15,6,1.3,0.0,0.0,0,0,nan,nan,0.06553841364321877,1.7905306770709741,0.05609986881410345,one_second_dropout,3,8e7959c13081999952272b70cb77757eb6b69cb338ba5e006927d3c63a458683
shoulder_relative,reject,80,0.001367016150857859,0.0016640001376799773,0.8125,0.1875,5,15,6,1.3,0.0,0.0,0,0,nan,nan,0.06553841364321877,1.7905306770709741,0.05609986881410345,one_second_dropout,4,8e7959c13081999952272b70cb77757eb6b69cb338ba5e006927d3c63a458683
shoulder_relative,reject,80,0.0013400968019859941,0.0016169997252291068,0.8125,0.1875,5,15,6,1.3,0.0,0.0,0,0,nan,nan,0.06553841364321877,1.7905306770709741,0.05609986881410345,one_second_dropout,5,8e7959c13081999952272b70cb77757eb6b69cb338ba5e006927d3c63a458683
shoulder_relative,reject,80,0.0013394031875871024,0.00167500002135057,0.8125,0.1875,5,15,6,1.3,0.0,0.0,0,0,nan,nan,0.06553841364321877,1.7905306770709741,0.05609986881410345,one_second_dropout,6,8e7959c13081999952272b70cb77757eb6b69cb338ba5e006927d3c63a458683
shoulder_relative,reject,80,0.0013652742191263842,0.0017639999896346126,0.8125,0.1875,5,15,6,1.3,0.0,0.0,0,0,nan,nan,0.06553841364321877,1.7905306770709741,0.05609986881410345,one_second_dropout,7,8e7959c13081999952272b70cb77757eb6b69cb338ba5e006927d3c63a458683
shoulder_relative,reject,80,0.0013221451662238611,0.0016469998627144378,0.8125,0.1875,5,15,6,1.3,0.0,0.0,0,0,nan,nan,0.06553841364321877,1.7905306770709741,0.05609986881410345,one_second_dropout,8,8e7959c13081999952272b70cb77757eb6b69cb338ba5e006927d3c63a458683
shoulder_relative,reject,80,0.0013964999887379705,0.001641999915591441,0.8125,0.1875,5,15,6,1.3,0.0,0.0,0,0,nan,nan,0.06553841364321877,1.7905306770709741,0.05609986881410345,one_second_dropout,9,8e7959c13081999952272b70cb77757eb6b69cb338ba5e006927d3c63a458683
shoulder_relative,reject,80,0.0014084193788866902,0.0016950002645899076,0.8125,0.1875,5,15,6,1.3,0.0,0.0,0,0,nan,nan,0.06553841364321877,1.7905306770709741,0.05609986881410345,one_second_dropout,10,8e7959c13081999952272b70cb77757eb6b69cb338ba5e006927d3c63a458683
shoulder_relative,reject,80,0.00136949999555767,0.0015960004020598717,0.8125,0.1875,5,15,6,1.3,0.0,0.0,0,0,nan,nan,0.06553841364321877,1.7905306770709741,0.05609986881410345,one_second_dropout,11,8e7959c13081999952272b70cb77757eb6b69cb338ba5e006927d3c63a458683
shoulder_relative,reject,80,0.0013316128887151623,0.001650999820412835,0.8125,0.1875,5,15,6,1.3,0.0,0.0,0,0,nan,nan,0.06553841364321877,1.7905306770709741,0.05609986881410345,one_second_dropout,12,8e7959c13081999952272b70cb77757eb6b69cb338ba5e006927d3c63a458683
shoulder_relative,reject,80,0.0013992580314210969,0.0018149999050365295,0.8125,0.1875,5,15,6,1.3,0.0,0.0,0,0,nan,nan,0.06553841364321877,1.7905306770709741,0.05609986881410345,one_second_dropout,13,8e7959c13081999952272b70cb77757eb6b69cb338ba5e006927d3c63a458683
shoulder_relative,reject,80,0.0012929355263270649,0.0016639996829326265,0.8125,0.1875,5,15,6,1.3,0.0,0.0,0,0,nan,nan,0.06553841364321877,1.7905306770709741,0.05609986881410345,one_second_dropout,14,8e7959c13081999952272b70cb77757eb6b69cb338ba5e006927d3c63a458683
shoulder_relative,reject,80,0.0013565483582609768,0.0017549996300658677,0.8125,0.1875,5,15,6,1.3,0.0,0.0,0,0,nan,nan,0.06553841364321877,1.7905306770709741,0.05609986881410345,one_second_dropout,15,8e7959c13081999952272b70cb77757eb6b69cb338ba5e006927d3c63a458683
shoulder_relative,reject,80,0.0014598225671732272,0.0018199998521595262,0.8125,0.1875,5,15,6,1.3,0.0,0.0,0,0,nan,nan,0.06553841364321877,1.7905306770709741,0.05609986881410345,one_second_dropout,16,8e7959c13081999952272b70cb77757eb6b69cb338ba5e006927d3c63a458683
shoulder_relative,reject,80,0.0013571774718823895,0.0016490002963109873,0.8125,0.1875,5,15,6,1.3,0.0,0.0,0,0,nan,nan,0.06553841364321877,1.7905306770709741,0.05609986881410345,one_second_dropout,17,8e7959c13081999952272b70cb77757eb6b69cb338ba5e006927d3c63a458683
shoulder_relative,reject,80,0.0013696451626474886,0.001734999841573881,0.8125,0.1875,5,15,6,1.3,0.0,0.0,0,0,nan,nan,0.06553841364321877,1.7905306770709741,0.05609986881410345,one_second_dropout,18,8e7959c13081999952272b70cb77757eb6b69cb338ba5e006927d3c63a458683
shoulder_relative,reject,80,0.001339258042501188,0.001642000370338792,0.8125,0.1875,5,15,6,1.3,0.0,0.0,0,0,nan,nan,0.06553841364321877,1.7905306770709741,0.05609986881410345,one_second_dropout,19,8e7959c13081999952272b70cb77757eb6b69cb338ba5e006927d3c63a458683
shoulder_relative,reject,80,0.0013528871139926431,0.0017180000213556923,0.8125,0.1875,5,15,6,1.3,0.0,0.0,0,0,nan,nan,0.06553841364321877,1.7905306770709741,0.05609986881410345,one_second_dropout,20,8e7959c13081999952272b70cb77757eb6b69cb338ba5e006927d3c63a458683
shoulder_relative,reject,80,0.0012877903461025375,0.00158099965119618,0.8125,0.1875,5,15,6,1.3,0.0,0.0,0,0,nan,nan,0.06553841364321877,1.7905306770709741,0.05609986881410345,one_second_dropout,21,8e7959c13081999952272b70cb77757eb6b69cb338ba5e006927d3c63a458683
shoulder_relative,reject,80,0.0013336612908225957,0.0015750001693959348,0.8125,0.1875,5,15,6,1.3,0.0,0.0,0,0,nan,nan,0.06553841364321877,1.7905306770709741,0.05609986881410345,one_second_dropout,22,8e7959c13081999952272b70cb77757eb6b69cb338ba5e006927d3c63a458683
shoulder_relative,reject,80,0.0013472902889677038,0.0016860003597685136,0.8125,0.1875,5,15,6,1.3,0.0,0.0,0,0,nan,nan,0.06553841364321877,1.7905306770709741,0.05609986881410345,one_second_dropout,23,8e7959c13081999952272b70cb77757eb6b69cb338ba5e006927d3c63a458683
shoulder_relative,reject,80,0.0013947096410828958,0.0016499998309882358,0.8125,0.1875,5,15,6,1.3,0.0,0.0,0,0,nan,nan,0.06553841364321877,1.7905306770709741,0.05609986881410345,one_second_dropout,24,8e7959c13081999952272b70cb77757eb6b69cb338ba5e006927d3c63a458683
shoulder_relative,reject,80,0.001316548392541365,0.0015919999896141235,0.8125,0.1875,5,15,6,1.3,0.0,0.0,0,0,nan,nan,0.06553841364321877,1.7905306770709741,0.05609986881410345,one_second_dropout,25,8e7959c13081999952272b70cb77757eb6b69cb338ba5e006927d3c63a458683
shoulder_relative,reject,80,0.0013320806550426265,0.0016680000953783747,0.8125,0.1875,5,15,6,1.3,0.0,0.0,0,0,nan,nan,0.06553841364321877,1.7905306770709741,0.05609986881410345,one_second_dropout,26,8e7959c13081999952272b70cb77757eb6b69cb338ba5e006927d3c63a458683
shoulder_relative,reject,80,0.0014511935454896547,0.001683999926171964,0.8125,0.1875,5,15,6,1.3,0.0,0.0,0,0,nan,nan,0.06553841364321877,1.7905306770709741,0.05609986881410345,one_second_dropout,27,8e7959c13081999952272b70cb77757eb6b69cb338ba5e006927d3c63a458683
shoulder_relative,reject,80,0.0013219677634145727,0.0016700000742275734,0.8125,0.1875,5,15,6,1.3,0.0,0.0,0,0,nan,nan,0.06553841364321877,1.7905306770709741,0.05609986881410345,one_second_dropout,28,8e7959c13081999952272b70cb77757eb6b69cb338ba5e006927d3c63a458683
shoulder_relative,reject,80,0.0013092096504542202,0.0015919999896141235,0.8125,0.1875,5,15,6,1.3,0.0,0.0,0,0,nan,nan,0.06553841364321877,1.7905306770709741,0.05609986881410345,one_second_dropout,29,8e7959c13081999952272b70cb77757eb6b69cb338ba5e006927d3c63a458683
shoulder_relative,reject,80,0.0011965584436238006,0.0013640001270687208,0.8625,0.1375,0,0,0,nan,13.75,0.0,0,0,nan,nan,0.7189446954853399,1.4009762745340297,0.046889442590892436,workspace_boundary_crossing,0,93b3275e2711fe4877f1e2efb09bec94e83d458937545c86b16e837dd106bd17
shoulder_relative,reject,80,0.0013068571478198736,0.0015219998203974683,0.8625,0.1375,0,0,0,nan,13.75,0.0,0,0,nan,nan,0.7189446954853399,1.4009762745340297,0.046889442590892436,workspace_boundary_crossing,1,93b3275e2711fe4877f1e2efb09bec94e83d458937545c86b16e837dd106bd17
shoulder_relative,reject,80,0.0012629090881752993,0.0014709999049955513,0.8625,0.1375,0,0,0,nan,13.75,0.0,0,0,nan,nan,0.7189446954853399,1.4009762745340297,0.046889442590892436,workspace_boundary_crossing,2,93b3275e2711fe4877f1e2efb09bec94e83d458937545c86b16e837dd106bd17
shoulder_relative,reject,80,0.0012085064814268012,0.0013910002962802537,0.8625,0.1375,0,0,0,nan,13.75,0.0,0,0,nan,nan,0.7189446954853399,1.4009762745340297,0.046889442590892436,workspace_boundary_crossing,3,93b3275e2711fe4877f1e2efb09bec94e83d458937545c86b16e837dd106bd17
shoulder_relative,reject,80,0.001225233766242375,0.0014839997675153427,0.8625,0.1375,0,0,0,nan,13.75,0.0,0,0,nan,nan,0.7189446954853399,1.4009762745340297,0.046889442590892436,workspace_boundary_crossing,4,93b3275e2711fe4877f1e2efb09bec94e83d458937545c86b16e837dd106bd17
shoulder_relative,reject,80,0.001233883119914333,0.0014480001482297666,0.8625,0.1375,0,0,0,nan,13.75,0.0,0,0,nan,nan,0.7189446954853399,1.4009762745340297,0.046889442590892436,workspace_boundary_crossing,5,93b3275e2711fe4877f1e2efb09bec94e83d458937545c86b16e837dd106bd17
shoulder_relative,reject,80,0.001226142853443275,0.0014480001482297666,0.8625,0.1375,0,0,0,nan,13.75,0.0,0,0,nan,nan,0.7189446954853399,1.4009762745340297,0.046889442590892436,workspace_boundary_crossing,6,93b3275e2711fe4877f1e2efb09bec94e83d458937545c86b16e837dd106bd17
shoulder_relative,reject,80,0.001266480496694869,0.001479000275139697,0.8625,0.1375,0,0,0,nan,13.75,0.0,0,0,nan,nan,0.7189446954853399,1.4009762745340297,0.046889442590892436,workspace_boundary_crossing,7,93b3275e2711fe4877f1e2efb09bec94e83d458937545c86b16e837dd106bd17
shoulder_relative,reject,80,0.0012657922277205878,0.0015099999473022763,0.8625,0.1375,0,0,0,nan,13.75,0.0,0,0,nan,nan,0.7189446954853399,1.4009762745340297,0.046889442590892436,workspace_boundary_crossing,8,93b3275e2711fe4877f1e2efb09bec94e83d458937545c86b16e837dd106bd17
shoulder_relative,reject,80,0.0012265844190267954,0.0015010000424808823,0.8625,0.1375,0,0,0,nan,13.75,0.0,0,0,nan,nan,0.7189446954853399,1.4009762745340297,0.046889442590892436,workspace_boundary_crossing,9,93b3275e2711fe4877f1e2efb09bec94e83d458937545c86b16e837dd106bd17
shoulder_relative,reject,80,0.0012482467224929547,0.0015489999896090012,0.8625,0.1375,0,0,0,nan,13.75,0.0,0,0,nan,nan,0.7189446954853399,1.4009762745340297,0.046889442590892436,workspace_boundary_crossing,10,93b3275e2711fe4877f1e2efb09bec94e83d458937545c86b16e837dd106bd17
shoulder_relative,reject,80,0.0012596493823886184,0.0014450001799559686,0.8625,0.1375,0,0,0,nan,13.75,0.0,0,0,nan,nan,0.7189446954853399,1.4009762745340297,0.046889442590892436,workspace_boundary_crossing,11,93b3275e2711fe4877f1e2efb09bec94e83d458937545c86b16e837dd106bd17
shoulder_relative,reject,80,0.001258779226285602,0.0015250002434186172,0.8625,0.1375,0,0,0,nan,13.75,0.0,0,0,nan,nan,0.7189446954853399,1.4009762745340297,0.046889442590892436,workspace_boundary_crossing,12,93b3275e2711fe4877f1e2efb09bec94e83d458937545c86b16e837dd106bd17
shoulder_relative,reject,80,0.001209753256923498,0.0014920001376594882,0.8625,0.1375,0,0,0,nan,13.75,0.0,0,0,nan,nan,0.7189446954853399,1.4009762745340297,0.046889442590892436,workspace_boundary_crossing,13,93b3275e2711fe4877f1e2efb09bec94e83d458937545c86b16e837dd106bd17
shoulder_relative,reject,80,0.0012753896055971393,0.0015219998203974683,0.8625,0.1375,0,0,0,nan,13.75,0.0,0,0,nan,nan,0.7189446954853399,1.4009762745340297,0.046889442590892436,workspace_boundary_crossing,14,93b3275e2711fe4877f1e2efb09bec94e83d458937545c86b16e837dd106bd17
shoulder_relative,reject,80,0.0012100129708131418,0.0014449997252086177,0.8625,0.1375,0,0,0,nan,13.75,0.0,0,0,nan,nan,0.7189446954853399,1.4009762745340297,0.046889442590892436,workspace_boundary_crossing,15,93b3275e2711fe4877f1e2efb09bec94e83d458937545c86b16e837dd106bd17
shoulder_relative,reject,80,0.0012899091097415885,0.0015279997569450643,0.8625,0.1375,0,0,0,nan,13.75,0.0,0,0,nan,nan,0.7189446954853399,1.4009762745340297,0.046889442590892436,workspace_boundary_crossing,16,93b3275e2711fe4877f1e2efb09bec94e83d458937545c86b16e837dd106bd17
shoulder_relative,reject,80,0.001277259751124755,0.0015450000319106039,0.8625,0.1375,0,0,0,nan,13.75,0.0,0,0,nan,nan,0.7189446954853399,1.4009762745340297,0.046889442590892436,workspace_boundary_crossing,17,93b3275e2711fe4877f1e2efb09bec94e83d458937545c86b16e837dd106bd17
shoulder_relative,reject,80,0.001297818170161162,0.0015050000001792796,0.8625,0.1375,0,0,0,nan,13.75,0.0,0,0,nan,nan,0.7189446954853399,1.4009762745340297,0.046889442590892436,workspace_boundary_crossing,18,93b3275e2711fe4877f1e2efb09bec94e83d458937545c86b16e837dd106bd17
shoulder_relative,reject,80,0.0012343766211888106,0.0014780002857150976,0.8625,0.1375,0,0,0,nan,13.75,0.0,0,0,nan,nan,0.7189446954853399,1.4009762745340297,0.046889442590892436,workspace_boundary_crossing,19,93b3275e2711fe4877f1e2efb09bec94e83d458937545c86b16e837dd106bd17
shoulder_relative,reject,80,0.0012349870279673245,0.0014810002539888956,0.8625,0.1375,0,0,0,nan,13.75,0.0,0,0,nan,nan,0.7189446954853399,1.4009762745340297,0.046889442590892436,workspace_boundary_crossing,20,93b3275e2711fe4877f1e2efb09bec94e83d458937545c86b16e837dd106bd17
shoulder_relative,reject,80,0.0012747922034116988,0.0015609998627041932,0.8625,0.1375,0,0,0,nan,13.75,0.0,0,0,nan,nan,0.7189446954853399,1.4009762745340297,0.046889442590892436,workspace_boundary_crossing,21,93b3275e2711fe4877f1e2efb09bec94e83d458937545c86b16e837dd106bd17
shoulder_relative,reject,80,0.0012184025751605975,0.0014299998838396277,0.8625,0.1375,0,0,0,nan,13.75,0.0,0,0,nan,nan,0.7189446954853399,1.4009762745340297,0.046889442590892436,workspace_boundary_crossing,22,93b3275e2711fe4877f1e2efb09bec94e83d458937545c86b16e837dd106bd17
shoulder_relative,reject,80,0.0012441168665090672,0.001511999926151475,0.8625,0.1375,0,0,0,nan,13.75,0.0,0,0,nan,nan,0.7189446954853399,1.4009762745340297,0.046889442590892436,workspace_boundary_crossing,23,93b3275e2711fe4877f1e2efb09bec94e83d458937545c86b16e837dd106bd17
shoulder_relative,reject,80,0.001270428571854597,0.0015800001165189315,0.8625,0.1375,0,0,0,nan,13.75,0.0,0,0,nan,nan,0.7189446954853399,1.4009762745340297,0.046889442590892436,workspace_boundary_crossing,24,93b3275e2711fe4877f1e2efb09bec94e83d458937545c86b16e837dd106bd17
shoulder_relative,reject,80,0.0012215844010340818,0.001493999661761336,0.8625,0.1375,0,0,0,nan,13.75,0.0,0,0,nan,nan,0.7189446954853399,1.4009762745340297,0.046889442590892436,workspace_boundary_crossing,25,93b3275e2711fe4877f1e2efb09bec94e83d458937545c86b16e837dd106bd17
shoulder_relative,reject,80,0.001286519464328749,0.0015159998838498723,0.8625,0.1375,0,0,0,nan,13.75,0.0,0,0,nan,nan,0.7189446954853399,1.4009762745340297,0.046889442590892436,workspace_boundary_crossing,26,93b3275e2711fe4877f1e2efb09bec94e83d458937545c86b16e837dd106bd17
shoulder_relative,reject,80,0.0013050389970413125,0.0015999999050109182,0.8625,0.1375,0,0,0,nan,13.75,0.0,0,0,nan,nan,0.7189446954853399,1.4009762745340297,0.046889442590892436,workspace_boundary_crossing,27,93b3275e2711fe4877f1e2efb09bec94e83d458937545c86b16e837dd106bd17
shoulder_relative,reject,80,0.00120702594216851,0.001436999809811823,0.8625,0.1375,0,0,0,nan,13.75,0.0,0,0,nan,nan,0.7189446954853399,1.4009762745340297,0.046889442590892436,workspace_boundary_crossing,28,93b3275e2711fe4877f1e2efb09bec94e83d458937545c86b16e837dd106bd17
shoulder_relative,reject,80,0.001268974029970833,0.0014799998098169453,0.8625,0.1375,0,0,0,nan,13.75,0.0,0,0,nan,nan,0.7189446954853399,1.4009762745340297,0.046889442590892436,workspace_boundary_crossing,29,93b3275e2711fe4877f1e2efb09bec94e83d458937545c86b16e837dd106bd17
shoulder_relative,reject,80,0.0013139480646029145,0.0014840002222626936,1.0,0.0,0,0,0,nan,0.0,0.0,0,0,nan,nan,0.10999999999999999,0.3759563320108666,0.0,obstacle_intersection,0,eb8b7d9e4d56f3c375d373da04affa7b70db8f5bd7148d2d633754e2d36b962f
shoulder_relative,reject,80,0.0013125584452857518,0.0014499996723316144,1.0,0.0,0,0,0,nan,0.0,0.0,0,0,nan,nan,0.10999999999999999,0.3759563320108666,0.0,obstacle_intersection,1,eb8b7d9e4d56f3c375d373da04affa7b70db8f5bd7148d2d633754e2d36b962f
shoulder_relative,reject,80,0.0012587792380972214,0.0014739998732693493,1.0,0.0,0,0,0,nan,0.0,0.0,0,0,nan,nan,0.10999999999999999,0.3759563320108666,0.0,obstacle_intersection,2,eb8b7d9e4d56f3c375d373da04affa7b70db8f5bd7148d2d633754e2d36b962f
shoulder_relative,reject,80,0.001301246770295124,0.001517999862699071,1.0,0.0,0,0,0,nan,0.0,0.0,0,0,nan,nan,0.10999999999999999,0.3759563320108666,0.0,obstacle_intersection,3,eb8b7d9e4d56f3c375d373da04affa7b70db8f5bd7148d2d633754e2d36b962f
shoulder_relative,reject,80,0.0012357272916906604,0.0013910002962802537,1.0,0.0,0,0,0,nan,0.0,0.0,0,0,nan,nan,0.10999999999999999,0.3759563320108666,0.0,obstacle_intersection,4,eb8b7d9e4d56f3c375d373da04affa7b70db8f5bd7148d2d633754e2d36b962f
shoulder_relative,reject,80,0.0013106363817846083,0.0015380001059384085,1.0,0.0,0,0,0,nan,0.0,0.0,0,0,nan,nan,0.10999999999999999,0.3759563320108666,0.0,obstacle_intersection,5,eb8b7d9e4d56f3c375d373da04affa7b70db8f5bd7148d2d633754e2d36b962f
shoulder_relative,reject,80,0.0013000779514871507,0.0015079999684530776,1.0,0.0,0,0,0,nan,0.0,0.0,0,0,nan,nan,0.10999999999999999,0.3759563320108666,0.0,obstacle_intersection,6,eb8b7d9e4d56f3c375d373da04affa7b70db8f5bd7148d2d633754e2d36b962f
shoulder_relative,reject,80,0.0013411948309006326,0.0015020000319054816,1.0,0.0,0,0,0,nan,0.0,0.0,0,0,nan,nan,0.10999999999999999,0.3759563320108666,0.0,obstacle_intersection,7,eb8b7d9e4d56f3c375d373da04affa7b70db8f5bd7148d2d633754e2d36b962f
shoulder_relative,reject,80,0.0012717013033851528,0.0014469997040578164,1.0,0.0,0,0,0,nan,0.0,0.0,0,0,nan,nan,0.10999999999999999,0.3759563320108666,0.0,obstacle_intersection,8,eb8b7d9e4d56f3c375d373da04affa7b70db8f5bd7148d2d633754e2d36b962f
shoulder_relative,reject,80,0.0013155194588384271,0.0015420000636368059,1.0,0.0,0,0,0,nan,0.0,0.0,0,0,nan,nan,0.10999999999999999,0.3759563320108666,0.0,obstacle_intersection,9,eb8b7d9e4d56f3c375d373da04affa7b70db8f5bd7148d2d633754e2d36b962f
shoulder_relative,reject,80,0.0012571298694555562,0.0013939998098067008,1.0,0.0,0,0,0,nan,0.0,0.0,0,0,nan,nan,0.10999999999999999,0.3759563320108666,0.0,obstacle_intersection,10,eb8b7d9e4d56f3c375d373da04affa7b70db8f5bd7148d2d633754e2d36b962f
shoulder_relative,reject,80,0.0013521038832172432,0.0015790001270943321,1.0,0.0,0,0,0,nan,0.0,0.0,0,0,nan,nan,0.10999999999999999,0.3759563320108666,0.0,obstacle_intersection,11,eb8b7d9e4d56f3c375d373da04affa7b70db8f5bd7148d2d633754e2d36b962f
shoulder_relative,reject,80,0.00134089606779691,0.001490999693487538,1.0,0.0,0,0,0,nan,0.0,0.0,0,0,nan,nan,0.10999999999999999,0.3759563320108666,0.0,obstacle_intersection,12,eb8b7d9e4d56f3c375d373da04affa7b70db8f5bd7148d2d633754e2d36b962f
shoulder_relative,reject,80,0.0012598182058661826,0.0014110000847722404,1.0,0.0,0,0,0,nan,0.0,0.0,0,0,nan,nan,0.10999999999999999,0.3759563320108666,0.0,obstacle_intersection,13,eb8b7d9e4d56f3c375d373da04affa7b70db8f5bd7148d2d633754e2d36b962f
shoulder_relative,reject,80,0.0013448052236703738,0.0015480000001844019,1.0,0.0,0,0,0,nan,0.0,0.0,0,0,nan,nan,0.10999999999999999,0.3759563320108666,0.0,obstacle_intersection,14,eb8b7d9e4d56f3c375d373da04affa7b70db8f5bd7148d2d633754e2d36b962f
shoulder_relative,reject,80,0.0012502077820558894,0.001449000137654366,1.0,0.0,0,0,0,nan,0.0,0.0,0,0,nan,nan,0.10999999999999999,0.3759563320108666,0.0,obstacle_intersection,15,eb8b7d9e4d56f3c375d373da04affa7b70db8f5bd7148d2d633754e2d36b962f
shoulder_relative,reject,80,0.0013248181740100216,0.0015099999473022763,1.0,0.0,0,0,0,nan,0.0,0.0,0,0,nan,nan,0.10999999999999999,0.3759563320108666,0.0,obstacle_intersection,16,eb8b7d9e4d56f3c375d373da04affa7b70db8f5bd7148d2d633754e2d36b962f
shoulder_relative,reject,80,0.0012451558579012673,0.0013909998415329028,1.0,0.0,0,0,0,nan,0.0,0.0,0,0,nan,nan,0.10999999999999999,0.3759563320108666,0.0,obstacle_intersection,17,eb8b7d9e4d56f3c375d373da04affa7b70db8f5bd7148d2d633754e2d36b962f
shoulder_relative,reject,80,0.0012818051812234455,0.001440000232832972,1.0,0.0,0,0,0,nan,0.0,0.0,0,0,nan,nan,0.10999999999999999,0.3759563320108666,0.0,obstacle_intersection,18,eb8b7d9e4d56f3c375d373da04affa7b70db8f5bd7148d2d633754e2d36b962f
shoulder_relative,reject,80,0.0013058441774254398,0.001523999799246667,1.0,0.0,0,0,0,nan,0.0,0.0,0,0,nan,nan,0.10999999999999999,0.3759563320108666,0.0,obstacle_intersection,19,eb8b7d9e4d56f3c375d373da04affa7b70db8f5bd7148d2d633754e2d36b962f
shoulder_relative,reject,80,0.001351597406878741,0.0015770001482451335,1.0,0.0,0,0,0,nan,0.0,0.0,0,0,nan,nan,0.10999999999999999,0.3759563320108666,0.0,obstacle_intersection,20,eb8b7d9e4d56f3c375d373da04affa7b70db8f5bd7148d2d633754e2d36b962f
shoulder_relative,reject,80,0.0012848052262727702,0.001448999682907015,1.0,0.0,0,0,0,nan,0.0,0.0,0,0,nan,nan,0.10999999999999999,0.3759563320108666,0.0,obstacle_intersection,21,eb8b7d9e4d56f3c375d373da04affa7b70db8f5bd7148d2d633754e2d36b962f
shoulder_relative,reject,80,0.001313987048853086,0.0014890001693856902,1.0,0.0,0,0,0,nan,0.0,0.0,0,0,nan,nan,0.10999999999999999,0.3759563320108666,0.0,obstacle_intersection,22,eb8b7d9e4d56f3c375d373da04affa7b70db8f5bd7148d2d633754e2d36b962f
shoulder_relative,reject,80,0.0012554155546240509,0.0014110000847722404,1.0,0.0,0,0,0,nan,0.0,0.0,0,0,nan,nan,0.10999999999999999,0.3759563320108666,0.0,obstacle_intersection,23,eb8b7d9e4d56f3c375d373da04affa7b70db8f5bd7148d2d633754e2d36b962f
shoulder_relative,reject,80,0.0013130519170311806,0.00145800004247576,1.0,0.0,0,0,0,nan,0.0,0.0,0,0,nan,nan,0.10999999999999999,0.3759563320108666,0.0,obstacle_intersection,24,eb8b7d9e4d56f3c375d373da04affa7b70db8f5bd7148d2d633754e2d36b962f
shoulder_relative,reject,80,0.0012789090843315616,0.00145800004247576,1.0,0.0,0,0,0,nan,0.0,0.0,0,0,nan,nan,0.10999999999999999,0.3759563320108666,0.0,obstacle_intersection,25,eb8b7d9e4d56f3c375d373da04affa7b70db8f5bd7148d2d633754e2d36b962f
shoulder_relative,reject,80,0.0012531558264503497,0.0014570000530511606,1.0,0.0,0,0,0,nan,0.0,0.0,0,0,nan,nan,0.10999999999999999,0.3759563320108666,0.0,obstacle_intersection,26,eb8b7d9e4d56f3c375d373da04affa7b70db8f5bd7148d2d633754e2d36b962f
shoulder_relative,reject,80,0.0012950259918976701,0.0014629999895987567,1.0,0.0,0,0,0,nan,0.0,0.0,0,0,nan,nan,0.10999999999999999,0.3759563320108666,0.0,obstacle_intersection,27,eb8b7d9e4d56f3c375d373da04affa7b70db8f5bd7148d2d633754e2d36b962f
shoulder_relative,reject,80,0.0013109480490826385,0.0014960000953578856,1.0,0.0,0,0,0,nan,0.0,0.0,0,0,nan,nan,0.10999999999999999,0.3759563320108666,0.0,obstacle_intersection,28,eb8b7d9e4d56f3c375d373da04affa7b70db8f5bd7148d2d633754e2d36b962f
shoulder_relative,reject,80,0.0013099999717257572,0.0015390000953630079,1.0,0.0,0,0,0,nan,0.0,0.0,0,0,nan,nan,0.10999999999999999,0.3759563320108666,0.0,obstacle_intersection,29,eb8b7d9e4d56f3c375d373da04affa7b70db8f5bd7148d2d633754e2d36b962f
shoulder_relative,clamp,80,0.001466051958527419,0.0016110002434288617,1.0,0.0,0,0,0,nan,0.0,0.0,0,0,nan,nan,0.2588216996819622,1.591465819795957,0.08055365778435367,horizontal_sweep,0,26144b426aae9b86aec45d41514b815fab3c472ce45eeeeb33e642d68ffef3f9
shoulder_relative,clamp,80,0.0014887013176948212,0.0017090001165342983,1.0,0.0,0,0,0,nan,0.0,0.0,0,0,nan,nan,0.2588216996819622,1.591465819795957,0.08055365778435367,horizontal_sweep,1,26144b426aae9b86aec45d41514b815fab3c472ce45eeeeb33e642d68ffef3f9
shoulder_relative,clamp,80,0.001473922081943299,0.00167500002135057,1.0,0.0,0,0,0,nan,0.0,0.0,0,0,nan,nan,0.2588216996819622,1.591465819795957,0.08055365778435367,horizontal_sweep,2,26144b426aae9b86aec45d41514b815fab3c472ce45eeeeb33e642d68ffef3f9
shoulder_relative,clamp,80,0.0015152857415230685,0.0017130000742326956,1.0,0.0,0,0,0,nan,0.0,0.0,0,0,nan,nan,0.2588216996819622,1.591465819795957,0.08055365778435367,horizontal_sweep,3,26144b426aae9b86aec45d41514b815fab3c472ce45eeeeb33e642d68ffef3f9
shoulder_relative,clamp,80,0.0015795844479111725,0.0016879998838703614,1.0,0.0,0,0,0,nan,0.0,0.0,0,0,nan,nan,0.2588216996819622,1.591465819795957,0.08055365778435367,horizontal_sweep,4,26144b426aae9b86aec45d41514b815fab3c472ce45eeeeb33e642d68ffef3f9
shoulder_relative,clamp,80,0.0015047922337922122,0.00176799994733301,1.0,0.0,0,0,0,nan,0.0,0.0,0,0,nan,nan,0.2588216996819622,1.591465819795957,0.08055365778435367,horizontal_sweep,5,26144b426aae9b86aec45d41514b815fab3c472ce45eeeeb33e642d68ffef3f9
shoulder_relative,clamp,80,0.0014691168848026768,0.001630000042496249,1.0,0.0,0,0,0,nan,0.0,0.0,0,0,nan,nan,0.2588216996819622,1.591465819795957,0.08055365778435367,horizontal_sweep,6,26144b426aae9b86aec45d41514b815fab3c472ce45eeeeb33e642d68ffef3f9
shoulder_relative,clamp,80,0.001455194788749478,0.0017000002117129043,1.0,0.0,0,0,0,nan,0.0,0.0,0,0,nan,nan,0.2588216996819622,1.591465819795957,0.08055365778435367,horizontal_sweep,7,26144b426aae9b86aec45d41514b815fab3c472ce45eeeeb33e642d68ffef3f9
shoulder_relative,clamp,80,0.0014469740315028255,0.0015900000107649248,1.0,0.0,0,0,0,nan,0.0,0.0,0,0,nan,nan,0.2588216996819622,1.591465819795957,0.08055365778435367,horizontal_sweep,8,26144b426aae9b86aec45d41514b815fab3c472ce45eeeeb33e642d68ffef3f9
shoulder_relative,clamp,80,0.0014437922528758192,0.0016429999050160404,1.0,0.0,0,0,0,nan,0.0,0.0,0,0,nan,nan,0.2588216996819622,1.591465819795957,0.08055365778435367,horizontal_sweep,9,26144b426aae9b86aec45d41514b815fab3c472ce45eeeeb33e642d68ffef3f9
shoulder_relative,clamp,80,0.0014774285619904577,0.0016439998944406398,1.0,0.0,0,0,0,nan,0.0,0.0,0,0,nan,nan,0.2588216996819622,1.591465819795957,0.08055365778435367,horizontal_sweep,10,26144b426aae9b86aec45d41514b815fab3c472ce45eeeeb33e642d68ffef3f9
shoulder_relative,clamp,80,0.0014420389478883326,0.0016399999367422424,1.0,0.0,0,0,0,nan,0.0,0.0,0,0,nan,nan,0.2588216996819622,1.591465819795957,0.08055365778435367,horizontal_sweep,11,26144b426aae9b86aec45d41514b815fab3c472ce45eeeeb33e642d68ffef3f9
shoulder_relative,clamp,80,0.0014485454375499575,0.001705000158835901,1.0,0.0,0,0,0,nan,0.0,0.0,0,0,nan,nan,0.2588216996819622,1.591465819795957,0.08055365778435367,horizontal_sweep,12,26144b426aae9b86aec45d41514b815fab3c472ce45eeeeb33e642d68ffef3f9
shoulder_relative,clamp,80,0.0014925324519156544,0.001829000211728271,1.0,0.0,0,0,0,nan,0.0,0.0,0,0,nan,nan,0.2588216996819622,1.591465819795957,0.08055365778435367,horizontal_sweep,13,26144b426aae9b86aec45d41514b815fab3c472ce45eeeeb33e642d68ffef3f9
shoulder_relative,clamp,80,0.0014154026060865575,0.0015810001059435308,1.0,0.0,0,0,0,nan,0.0,0.0,0,0,nan,nan,0.2588216996819622,1.591465819795957,0.08055365778435367,horizontal_sweep,14,26144b426aae9b86aec45d41514b815fab3c472ce45eeeeb33e642d68ffef3f9
shoulder_relative,clamp,80,0.001505519487016665,0.001737999809847679,1.0,0.0,0,0,0,nan,0.0,0.0,0,0,nan,nan,0.2588216996819622,1.591465819795957,0.08055365778435367,horizontal_sweep,15,26144b426aae9b86aec45d41514b815fab3c472ce45eeeeb33e642d68ffef3f9
shoulder_relative,clamp,80,0.0014590259702167891,0.0015980003809090704,1.0,0.0,0,0,0,nan,0.0,0.0,0,0,nan,nan,0.2588216996819622,1.591465819795957,0.08055365778435367,horizontal_sweep,16,26144b426aae9b86aec45d41514b815fab3c472ce45eeeeb33e642d68ffef3f9
shoulder_relative,clamp,80,0.0014694285580065167,0.001677999989624368,1.0,0.0,0,0,0,nan,0.0,0.0,0,0,nan,nan,0.2588216996819622,1.591465819795957,0.08055365778435367,horizontal_sweep,17,26144b426aae9b86aec45d41514b815fab3c472ce45eeeeb33e642d68ffef3f9
shoulder_relative,clamp,80,0.001474922077273708,0.0017100001059588976,1.0,0.0,0,0,0,nan,0.0,0.0,0,0,nan,nan,0.2588216996819622,1.591465819795957,0.08055365778435367,horizontal_sweep,18,26144b426aae9b86aec45d41514b815fab3c472ce45eeeeb33e642d68ffef3f9
shoulder_relative,clamp,80,0.0014478830891746768,0.0015880000319157261,1.0,0.0,0,0,0,nan,0.0,0.0,0,0,nan,nan,0.2588216996819622,1.591465819795957,0.08055365778435367,horizontal_sweep,19,26144b426aae9b86aec45d41514b815fab3c472ce45eeeeb33e642d68ffef3f9
shoulder_relative,clamp,80,0.001555168850032927,0.0018440000530972611,1.0,0.0,0,0,0,nan,0.0,0.0,0,0,nan,nan,0.2588216996819622,1.591465819795957,0.08055365778435367,horizontal_sweep,20,26144b426aae9b86aec45d41514b815fab3c472ce45eeeeb33e642d68ffef3f9
shoulder_relative,clamp,80,0.0014964805211695727,0.0017520001165394206,1.0,0.0,0,0,0,nan,0.0,0.0,0,0,nan,nan,0.2588216996819622,1.591465819795957,0.08055365778435367,horizontal_sweep,21,26144b426aae9b86aec45d41514b815fab3c472ce45eeeeb33e642d68ffef3f9
shoulder_relative,clamp,80,0.001466012986088867,0.0016399999367422424,1.0,0.0,0,0,0,nan,0.0,0.0,0,0,nan,nan,0.2588216996819622,1.591465819795957,0.08055365778435367,horizontal_sweep,22,26144b426aae9b86aec45d41514b815fab3c472ce45eeeeb33e642d68ffef3f9
shoulder_relative,clamp,80,0.0014970389509164613,0.0016760000107751694,1.0,0.0,0,0,0,nan,0.0,0.0,0,0,nan,nan,0.2588216996819622,1.591465819795957,0.08055365778435367,horizontal_sweep,23,26144b426aae9b86aec45d41514b815fab3c472ce45eeeeb33e642d68ffef3f9
shoulder_relative,clamp,80,0.0014411168856234078,0.0015800001165189315,1.0,0.0,0,0,0,nan,0.0,0.0,0,0,nan,nan,0.2588216996819622,1.591465819795957,0.08055365778435367,horizontal_sweep,24,26144b426aae9b86aec45d41514b815fab3c472ce45eeeeb33e642d68ffef3f9
shoulder_relative,clamp,80,0.001456857173795836,0.0016879998838703614,1.0,0.0,0,0,0,nan,0.0,0.0,0,0,nan,nan,0.2588216996819622,1.591465819795957,0.08055365778435367,horizontal_sweep,25,26144b426aae9b86aec45d41514b815fab3c472ce45eeeeb33e642d68ffef3f9
shoulder_relative,clamp,80,0.001490597442879535,0.0016500002857355867,1.0,0.0,0,0,0,nan,0.0,0.0,0,0,nan,nan,0.2588216996819622,1.591465819795957,0.08055365778435367,horizontal_sweep,26,26144b426aae9b86aec45d41514b815fab3c472ce45eeeeb33e642d68ffef3f9
shoulder_relative,clamp,80,0.0014371817914335143,0.0016139997569553088,1.0,0.0,0,0,0,nan,0.0,0.0,0,0,nan,nan,0.2588216996819622,1.591465819795957,0.08055365778435367,horizontal_sweep,27,26144b426aae9b86aec45d41514b815fab3c472ce45eeeeb33e642d68ffef3f9
shoulder_relative,clamp,80,0.0014700389884082696,0.0016250000953732524,1.0,0.0,0,0,0,nan,0.0,0.0,0,0,nan,nan,0.2588216996819622,1.591465819795957,0.08055365778435367,horizontal_sweep,28,26144b426aae9b86aec45d41514b815fab3c472ce45eeeeb33e642d68ffef3f9
shoulder_relative,clamp,80,0.0014474285957736097,0.0016659996617818251,1.0,0.0,0,0,0,nan,0.0,0.0,0,0,nan,nan,0.2588216996819622,1.591465819795957,0.08055365778435367,horizontal_sweep,29,26144b426aae9b86aec45d41514b815fab3c472ce45eeeeb33e642d68ffef3f9
shoulder_relative,clamp,80,0.0014989480747884388,0.001693000285740709,1.0,0.0,0,0,0,nan,0.0,0.0,0,0,nan,nan,0.21568474973496854,1.5898863163574493,0.08055365778435367,vertical_sweep,0,629272caf471f89606b5dd3049b26f55990e596954231224db53f6c031c7f5d0
shoulder_relative,clamp,80,0.0014721688596371488,0.0016920002963161096,1.0,0.0,0,0,0,nan,0.0,0.0,0,0,nan,nan,0.21568474973496854,1.5898863163574493,0.08055365778435367,vertical_sweep,1,629272caf471f89606b5dd3049b26f55990e596954231224db53f6c031c7f5d0
shoulder_relative,clamp,80,0.001494584419608098,0.0017610000213608146,1.0,0.0,0,0,0,nan,0.0,0.0,0,0,nan,nan,0.21568474973496854,1.5898863163574493,0.08055365778435367,vertical_sweep,2,629272caf471f89606b5dd3049b26f55990e596954231224db53f6c031c7f5d0
shoulder_relative,clamp,80,0.0013998701433592942,0.0016260000847978517,1.0,0.0,0,0,0,nan,0.0,0.0,0,0,nan,nan,0.21568474973496854,1.5898863163574493,0.08055365778435367,vertical_sweep,3,629272caf471f89606b5dd3049b26f55990e596954231224db53f6c031c7f5d0
shoulder_relative,clamp,80,0.0014428700961179384,0.0016320000213454477,1.0,0.0,0,0,0,nan,0.0,0.0,0,0,nan,nan,0.21568474973496854,1.5898863163574493,0.08055365778435367,vertical_sweep,4,629272caf471f89606b5dd3049b26f55990e596954231224db53f6c031c7f5d0
shoulder_relative,clamp,80,0.0014832338076137769,0.001728999905026285,1.0,0.0,0,0,0,nan,0.0,0.0,0,0,nan,nan,0.21568474973496854,1.5898863163574493,0.08055365778435367,vertical_sweep,5,629272caf471f89606b5dd3049b26f55990e596954231224db53f6c031c7f5d0
shoulder_relative,clamp,80,0.00147172725271296,0.001618000169401057,1.0,0.0,0,0,0,nan,0.0,0.0,0,0,nan,nan,0.21568474973496854,1.5898863163574493,0.08055365778435367,vertical_sweep,6,629272caf471f89606b5dd3049b26f55990e596954231224db53f6c031c7f5d0
shoulder_relative,clamp,80,0.0015123896269137553,0.0016980002328637056,1.0,0.0,0,0,0,nan,0.0,0.0,0,0,nan,nan,0.21568474973496854,1.5898863163574493,0.08055365778435367,vertical_sweep,7,629272caf471f89606b5dd3049b26f55990e596954231224db53f6c031c7f5d0
shoulder_relative,clamp,80,0.0014593116932925798,0.0016130002222780604,1.0,0.0,0,0,0,nan,0.0,0.0,0,0,nan,nan,0.21568474973496854,1.5898863163574493,0.08055365778435367,vertical_sweep,8,629272caf471f89606b5dd3049b26f55990e596954231224db53f6c031c7f5d0
shoulder_relative,clamp,80,0.0014660908660020637,0.0017150000530818943,1.0,0.0,0,0,0,nan,0.0,0.0,0,0,nan,nan,0.21568474973496854,1.5898863163574493,0.08055365778435367,vertical_sweep,9,629272caf471f89606b5dd3049b26f55990e596954231224db53f6c031c7f5d0
shoulder_relative,clamp,80,0.0014212597578717849,0.0016290000530716497,1.0,0.0,0,0,0,nan,0.0,0.0,0,0,nan,nan,0.21568474973496854,1.5898863163574493,0.08055365778435367,vertical_sweep,10,629272caf471f89606b5dd3049b26f55990e596954231224db53f6c031c7f5d0
shoulder_relative,clamp,80,0.00148994804594504,0.0016640001376799773,1.0,0.0,0,0,0,nan,0.0,0.0,0,0,nan,nan,0.21568474973496854,1.5898863163574493,0.08055365778435367,vertical_sweep,11,629272caf471f89606b5dd3049b26f55990e596954231224db53f6c031c7f5d0
shoulder_relative,clamp,80,0.0014947532903321402,0.0016849999155965634,1.0,0.0,0,0,0,nan,0.0,0.0,0,0,nan,nan,0.21568474973496854,1.5898863163574493,0.08055365778435367,vertical_sweep,12,629272caf471f89606b5dd3049b26f55990e596954231224db53f6c031c7f5d0
shoulder_relative,clamp,80,0.0014820519310604424,0.001720000000204891,1.0,0.0,0,0,0,nan,0.0,0.0,0,0,nan,nan,0.21568474973496854,1.5898863163574493,0.08055365778435367,vertical_sweep,13,629272caf471f89606b5dd3049b26f55990e596954231224db53f6c031c7f5d0
shoulder_relative,clamp,80,0.001503948033723055,0.0017299998944508843,1.0,0.0,0,0,0,nan,0.0,0.0,0,0,nan,nan,0.21568474973496854,1.5898863163574493,0.08055365778435367,vertical_sweep,14,629272caf471f89606b5dd3049b26f55990e596954231224db53f6c031c7f5d0
shoulder_relative,clamp,80,0.001487922093344553,0.0017089996617869474,1.0,0.0,0,0,0,nan,0.0,0.0,0,0,nan,nan,0.21568474973496854,1.5898863163574493,0.08055365778435367,vertical_sweep,15,629272caf471f89606b5dd3049b26f55990e596954231224db53f6c031c7f5d0
shoulder_relative,clamp,80,0.0014759999820463626,0.00176799994733301,1.0,0.0,0,0,0,nan,0.0,0.0,0,0,nan,nan,0.21568474973496854,1.5898863163574493,0.08055365778435367,vertical_sweep,16,629272caf471f89606b5dd3049b26f55990e596954231224db53f6c031c7f5d0
shoulder_relative,clamp,80,0.0015139091208931693,0.001707999672362348,1.0,0.0,0,0,0,nan,0.0,0.0,0,0,nan,nan,0.21568474973496854,1.5898863163574493,0.08055365778435367,vertical_sweep,17,629272caf471f89606b5dd3049b26f55990e596954231224db53f6c031c7f5d0
shoulder_relative,clamp,80,0.0014794675073723986,0.0016979997781163547,1.0,0.0,0,0,0,nan,0.0,0.0,0,0,nan,nan,0.21568474973496854,1.5898863163574493,0.08055365778435367,vertical_sweep,18,629272caf471f89606b5dd3049b26f55990e596954231224db53f6c031c7f5d0
shoulder_relative,clamp,80,0.0015397532160341734,0.0016730000425013714,1.0,0.0,0,0,0,nan,0.0,0.0,0,0,nan,nan,0.21568474973496854,1.5898863163574493,0.08055365778435367,vertical_sweep,19,629272caf471f89606b5dd3049b26f55990e596954231224db53f6c031c7f5d0
shoulder_relative,clamp,80,0.0014451298892555469,0.0016100002540042624,1.0,0.0,0,0,0,nan,0.0,0.0,0,0,nan,nan,0.21568474973496854,1.5898863163574493,0.08055365778435367,vertical_sweep,20,629272caf471f89606b5dd3049b26f55990e596954231224db53f6c031c7f5d0
shoulder_relative,clamp,80,0.0014457662166330613,0.0016520002645847853,1.0,0.0,0,0,0,nan,0.0,0.0,0,0,nan,nan,0.21568474973496854,1.5898863163574493,0.08055365778435367,vertical_sweep,21,629272caf471f89606b5dd3049b26f55990e596954231224db53f6c031c7f5d0
shoulder_relative,clamp,80,0.0014562207932660338,0.0017779998415790033,1.0,0.0,0,0,0,nan,0.0,0.0,0,0,nan,nan,0.21568474973496854,1.5898863163574493,0.08055365778435367,vertical_sweep,22,629272caf471f89606b5dd3049b26f55990e596954231224db53f6c031c7f5d0
shoulder_relative,clamp,80,0.0014514026092497675,0.0016700000742275734,1.0,0.0,0,0,0,nan,0.0,0.0,0,0,nan,nan,0.21568474973496854,1.5898863163574493,0.08055365778435367,vertical_sweep,23,629272caf471f89606b5dd3049b26f55990e596954231224db53f6c031c7f5d0
shoulder_relative,clamp,80,0.0014790130316887607,0.0017260003914998379,1.0,0.0,0,0,0,nan,0.0,0.0,0,0,nan,nan,0.21568474973496854,1.5898863163574493,0.08055365778435367,vertical_sweep,24,629272caf471f89606b5dd3049b26f55990e596954231224db53f6c031c7f5d0
shoulder_relative,clamp,80,0.0015027272733183147,0.0017429997569706757,1.0,0.0,0,0,0,nan,0.0,0.0,0,0,nan,nan,0.21568474973496854,1.5898863163574493,0.08055365778435367,vertical_sweep,25,629272caf471f89606b5dd3049b26f55990e596954231224db53f6c031c7f5d0
shoulder_relative,clamp,80,0.0014521428257266253,0.001615000201127259,1.0,0.0,0,0,0,nan,0.0,0.0,0,0,nan,nan,0.21568474973496854,1.5898863163574493,0.08055365778435367,vertical_sweep,26,629272caf471f89606b5dd3049b26f55990e596954231224db53f6c031c7f5d0
shoulder_relative,clamp,80,0.0014264804877865418,0.0015639998309779912,1.0,0.0,0,0,0,nan,0.0,0.0,0,0,nan,nan,0.21568474973496854,1.5898863163574493,0.08055365778435367,vertical_sweep,27,629272caf471f89606b5dd3049b26f55990e596954231224db53f6c031c7f5d0
shoulder_relative,clamp,80,0.0015033247109386139,0.0017190000107802916,1.0,0.0,0,0,0,nan,0.0,0.0,0,0,nan,nan,0.21568474973496854,1.5898863163574493,0.08055365778435367,vertical_sweep,28,629272caf471f89606b5dd3049b26f55990e596954231224db53f6c031c7f5d0
shoulder_relative,clamp,80,0.0015289350423180231,0.0017780002963263541,1.0,0.0,0,0,0,nan,0.0,0.0,0,0,nan,nan,0.21568474973496854,1.5898863163574493,0.08055365778435367,vertical_sweep,29,629272caf471f89606b5dd3049b26f55990e596954231224db53f6c031c7f5d0
shoulder_relative,clamp,80,0.0014631038609806708,0.0016610001694061793,1.0,0.0,0,0,0,nan,0.0,0.0,0,0,nan,nan,0.4492472638515502,1.5701441180837694,0.09499816440653487,circle,0,42247944be5fa752a9f29712f2ed675af5ff74baede5f2e22e5f68a3c6c543d3
shoulder_relative,clamp,80,0.0014703246583317726,0.001638999947317643,1.0,0.0,0,0,0,nan,0.0,0.0,0,0,nan,nan,0.4492472638515502,1.5701441180837694,0.09499816440653487,circle,1,42247944be5fa752a9f29712f2ed675af5ff74baede5f2e22e5f68a3c6c543d3
shoulder_relative,clamp,80,0.0015228441976409181,0.0016790004337963182,1.0,0.0,0,0,0,nan,0.0,0.0,0,0,nan,nan,0.4492472638515502,1.5701441180837694,0.09499816440653487,circle,2,42247944be5fa752a9f29712f2ed675af5ff74baede5f2e22e5f68a3c6c543d3
shoulder_relative,clamp,80,0.0014380000118455734,0.00167500002135057,1.0,0.0,0,0,0,nan,0.0,0.0,0,0,nan,nan,0.4492472638515502,1.5701441180837694,0.09499816440653487,circle,3,42247944be5fa752a9f29712f2ed675af5ff74baede5f2e22e5f68a3c6c543d3
shoulder_relative,clamp,80,0.0014982337316641033,0.0017689999367576092,1.0,0.0,0,0,0,nan,0.0,0.0,0,0,nan,nan,0.4492472638515502,1.5701441180837694,0.09499816440653487,circle,4,42247944be5fa752a9f29712f2ed675af5ff74baede5f2e22e5f68a3c6c543d3
shoulder_relative,clamp,80,0.001436181796103105,0.0016689996300556231,1.0,0.0,0,0,0,nan,0.0,0.0,0,0,nan,nan,0.4492472638515502,1.5701441180837694,0.09499816440653487,circle,5,42247944be5fa752a9f29712f2ed675af5ff74baede5f2e22e5f68a3c6c543d3
shoulder_relative,clamp,80,0.0015078960911653536,0.0016949998098425567,1.0,0.0,0,0,0,nan,0.0,0.0,0,0,nan,nan,0.4492472638515502,1.5701441180837694,0.09499816440653487,circle,6,42247944be5fa752a9f29712f2ed675af5ff74baede5f2e22e5f68a3c6c543d3
shoulder_relative,clamp,80,0.0014517012955779633,0.0016539997886866331,1.0,0.0,0,0,0,nan,0.0,0.0,0,0,nan,nan,0.4492472638515502,1.5701441180837694,0.09499816440653487,circle,7,42247944be5fa752a9f29712f2ed675af5ff74baede5f2e22e5f68a3c6c543d3
shoulder_relative,clamp,80,0.001489142883278342,0.0017639999896346126,1.0,0.0,0,0,0,nan,0.0,0.0,0,0,nan,nan,0.4492472638515502,1.5701441180837694,0.09499816440653487,circle,8,42247944be5fa752a9f29712f2ed675af5ff74baede5f2e22e5f68a3c6c543d3
shoulder_relative,clamp,80,0.001462051965394163,0.001686999894445762,1.0,0.0,0,0,0,nan,0.0,0.0,0,0,nan,nan,0.4492472638515502,1.5701441180837694,0.09499816440653487,circle,9,42247944be5fa752a9f29712f2ed675af5ff74baede5f2e22e5f68a3c6c543d3
shoulder_relative,clamp,80,0.001475519520799817,0.0016849999155965634,1.0,0.0,0,0,0,nan,0.0,0.0,0,0,nan,nan,0.4492472638515502,1.5701441180837694,0.09499816440653487,circle,10,42247944be5fa752a9f29712f2ed675af5ff74baede5f2e22e5f68a3c6c543d3
shoulder_relative,clamp,80,0.0014304025655717425,0.0016280000636470504,1.0,0.0,0,0,0,nan,0.0,0.0,0,0,nan,nan,0.4492472638515502,1.5701441180837694,0.09499816440653487,circle,11,42247944be5fa752a9f29712f2ed675af5ff74baede5f2e22e5f68a3c6c543d3
shoulder_relative,clamp,80,0.0015270519040089536,0.001756000074237818,1.0,0.0,0,0,0,nan,0.0,0.0,0,0,nan,nan,0.4492472638515502,1.5701441180837694,0.09499816440653487,circle,12,42247944be5fa752a9f29712f2ed675af5ff74baede5f2e22e5f68a3c6c543d3
shoulder_relative,clamp,80,0.0014225973883457029,0.0016409999261668418,1.0,0.0,0,0,0,nan,0.0,0.0,0,0,nan,nan,0.4492472638515502,1.5701441180837694,0.09499816440653487,circle,13,42247944be5fa752a9f29712f2ed675af5ff74baede5f2e22e5f68a3c6c543d3
shoulder_relative,clamp,80,0.0015245194868815839,0.001657000211707782,1.0,0.0,0,0,0,nan,0.0,0.0,0,0,nan,nan,0.4492472638515502,1.5701441180837694,0.09499816440653487,circle,14,42247944be5fa752a9f29712f2ed675af5ff74baede5f2e22e5f68a3c6c543d3
shoulder_relative,clamp,80,0.001476013027980104,0.0016730000425013714,1.0,0.0,0,0,0,nan,0.0,0.0,0,0,nan,nan,0.4492472638515502,1.5701441180837694,0.09499816440653487,circle,15,42247944be5fa752a9f29712f2ed675af5ff74baede5f2e22e5f68a3c6c543d3
shoulder_relative,clamp,80,0.0014630649003537384,0.0016310000319208484,1.0,0.0,0,0,0,nan,0.0,0.0,0,0,nan,nan,0.4492472638515502,1.5701441180837694,0.09499816440653487,circle,16,42247944be5fa752a9f29712f2ed675af5ff74baede5f2e22e5f68a3c6c543d3
shoulder_relative,clamp,80,0.0014358441314305476,0.0016539997886866331,1.0,0.0,0,0,0,nan,0.0,0.0,0,0,nan,nan,0.4492472638515502,1.5701441180837694,0.09499816440653487,circle,17,42247944be5fa752a9f29712f2ed675af5ff74baede5f2e22e5f68a3c6c543d3
shoulder_relative,clamp,80,0.0014842597176373767,0.001705000158835901,1.0,0.0,0,0,0,nan,0.0,0.0,0,0,nan,nan,0.4492472638515502,1.5701441180837694,0.09499816440653487,circle,18,42247944be5fa752a9f29712f2ed675af5ff74baede5f2e22e5f68a3c6c543d3
shoulder_relative,clamp,80,0.0014700649503479385,0.0016290000530716497,1.0,0.0,0,0,0,nan,0.0,0.0,0,0,nan,nan,0.4492472638515502,1.5701441180837694,0.09499816440653487,circle,19,42247944be5fa752a9f29712f2ed675af5ff74baede5f2e22e5f68a3c6c543d3
shoulder_relative,clamp,80,0.0015071688379409008,0.0017029997252393514,1.0,0.0,0,0,0,nan,0.0,0.0,0,0,nan,nan,0.4492472638515502,1.5701441180837694,0.09499816440653487,circle,20,42247944be5fa752a9f29712f2ed675af5ff74baede5f2e22e5f68a3c6c543d3
shoulder_relative,clamp,80,0.0014317272682281138,0.0016239996512013022,1.0,0.0,0,0,0,nan,0.0,0.0,0,0,nan,nan,0.4492472638515502,1.5701441180837694,0.09499816440653487,circle,21,42247944be5fa752a9f29712f2ed675af5ff74baede5f2e22e5f68a3c6c543d3
shoulder_relative,clamp,80,0.0014881168787617858,0.0016519998098374344,1.0,0.0,0,0,0,nan,0.0,0.0,0,0,nan,nan,0.4492472638515502,1.5701441180837694,0.09499816440653487,circle,22,42247944be5fa752a9f29712f2ed675af5ff74baede5f2e22e5f68a3c6c543d3
shoulder_relative,clamp,80,0.00152729871370429,0.0018390001059742644,1.0,0.0,0,0,0,nan,0.0,0.0,0,0,nan,nan,0.4492472638515502,1.5701441180837694,0.09499816440653487,circle,23,42247944be5fa752a9f29712f2ed675af5ff74baede5f2e22e5f68a3c6c543d3
shoulder_relative,clamp,80,0.0015083506318128988,0.0016770000001997687,1.0,0.0,0,0,0,nan,0.0,0.0,0,0,nan,nan,0.4492472638515502,1.5701441180837694,0.09499816440653487,circle,24,42247944be5fa752a9f29712f2ed675af5ff74baede5f2e22e5f68a3c6c543d3
shoulder_relative,clamp,80,0.0014962208013741191,0.0017359998309984803,1.0,0.0,0,0,0,nan,0.0,0.0,0,0,nan,nan,0.4492472638515502,1.5701441180837694,0.09499816440653487,circle,25,42247944be5fa752a9f29712f2ed675af5ff74baede5f2e22e5f68a3c6c543d3
shoulder_relative,clamp,80,0.001486155831010471,0.0017250004020752385,1.0,0.0,0,0,0,nan,0.0,0.0,0,0,nan,nan,0.4492472638515502,1.5701441180837694,0.09499816440653487,circle,26,42247944be5fa752a9f29712f2ed675af5ff74baede5f2e22e5f68a3c6c543d3
shoulder_relative,clamp,80,0.0014396623496454536,0.0016320000213454477,1.0,0.0,0,0,0,nan,0.0,0.0,0,0,nan,nan,0.4492472638515502,1.5701441180837694,0.09499816440653487,circle,27,42247944be5fa752a9f29712f2ed675af5ff74baede5f2e22e5f68a3c6c543d3
shoulder_relative,clamp,80,0.001484298701887548,0.0016029998732847162,1.0,0.0,0,0,0,nan,0.0,0.0,0,0,nan,nan,0.4492472638515502,1.5701441180837694,0.09499816440653487,circle,28,42247944be5fa752a9f29712f2ed675af5ff74baede5f2e22e5f68a3c6c543d3
shoulder_relative,clamp,80,0.001473090910090454,0.0016250000953732524,1.0,0.0,0,0,0,nan,0.0,0.0,0,0,nan,nan,0.4492472638515502,1.5701441180837694,0.09499816440653487,circle,29,42247944be5fa752a9f29712f2ed675af5ff74baede5f2e22e5f68a3c6c543d3
shoulder_relative,clamp,80,0.0015117012870697571,0.0017270003809244372,1.0,0.0,0,0,0,nan,0.0,0.0,0,0,nan,nan,0.46256096653939577,1.7159814371801745,0.1279154673405977,figure_eight,0,f46a8a506ac6b057895c618ac2d52f6526ea2c9ea28c00e1f30d80f87b624740
shoulder_relative,clamp,80,0.0014710389896444886,0.0016770000001997687,1.0,0.0,0,0,0,nan,0.0,0.0,0,0,nan,nan,0.46256096653939577,1.7159814371801745,0.1279154673405977,figure_eight,1,f46a8a506ac6b057895c618ac2d52f6526ea2c9ea28c00e1f30d80f87b624740
shoulder_relative,clamp,80,0.0015072467355715267,0.0016920002963161096,1.0,0.0,0,0,0,nan,0.0,0.0,0,0,nan,nan,0.46256096653939577,1.7159814371801745,0.1279154673405977,figure_eight,2,f46a8a506ac6b057895c618ac2d52f6526ea2c9ea28c00e1f30d80f87b624740
shoulder_relative,clamp,80,0.0014547012815691906,0.0016729995877540205,1.0,0.0,0,0,0,nan,0.0,0.0,0,0,nan,nan,0.46256096653939577,1.7159814371801745,0.1279154673405977,figure_eight,3,f46a8a506ac6b057895c618ac2d52f6526ea2c9ea28c00e1f30d80f87b624740
shoulder_relative,clamp,80,0.001524025967889677,0.001686999894445762,1.0,0.0,0,0,0,nan,0.0,0.0,0,0,nan,nan,0.46256096653939577,1.7159814371801745,0.1279154673405977,figure_eight,4,f46a8a506ac6b057895c618ac2d52f6526ea2c9ea28c00e1f30d80f87b624740
shoulder_relative,clamp,80,0.001445558426622755,0.0016969997886917554,1.0,0.0,0,0,0,nan,0.0,0.0,0,0,nan,nan,0.46256096653939577,1.7159814371801745,0.1279154673405977,figure_eight,5,f46a8a506ac6b057895c618ac2d52f6526ea2c9ea28c00e1f30d80f87b624740
shoulder_relative,clamp,80,0.0015416363720606723,0.0017240004126506392,1.0,0.0,0,0,0,nan,0.0,0.0,0,0,nan,nan,0.46256096653939577,1.7159814371801745,0.1279154673405977,figure_eight,6,f46a8a506ac6b057895c618ac2d52f6526ea2c9ea28c00e1f30d80f87b624740
shoulder_relative,clamp,80,0.00143268831474321,0.0016440003491879907,1.0,0.0,0,0,0,nan,0.0,0.0,0,0,nan,nan,0.46256096653939577,1.7159814371801745,0.1279154673405977,figure_eight,7,f46a8a506ac6b057895c618ac2d52f6526ea2c9ea28c00e1f30d80f87b624740
shoulder_relative,clamp,80,0.0015017013219540468,0.0016760000107751694,1.0,0.0,0,0,0,nan,0.0,0.0,0,0,nan,nan,0.46256096653939577,1.7159814371801745,0.1279154673405977,figure_eight,8,f46a8a506ac6b057895c618ac2d52f6526ea2c9ea28c00e1f30d80f87b624740
shoulder_relative,clamp,80,0.001491870121257803,0.0016880003386177123,1.0,0.0,0,0,0,nan,0.0,0.0,0,0,nan,nan,0.46256096653939577,1.7159814371801745,0.1279154673405977,figure_eight,9,f46a8a506ac6b057895c618ac2d52f6526ea2c9ea28c00e1f30d80f87b624740
shoulder_relative,clamp,80,0.001506727284169,0.0016460003280371893,1.0,0.0,0,0,0,nan,0.0,0.0,0,0,nan,nan,0.46256096653939577,1.7159814371801745,0.1279154673405977,figure_eight,10,f46a8a506ac6b057895c618ac2d52f6526ea2c9ea28c00e1f30d80f87b624740
shoulder_relative,clamp,80,0.0015152857001824002,0.0018209998415841255,1.0,0.0,0,0,0,nan,0.0,0.0,0,0,nan,nan,0.46256096653939577,1.7159814371801745,0.1279154673405977,figure_eight,11,f46a8a506ac6b057895c618ac2d52f6526ea2c9ea28c00e1f30d80f87b624740
shoulder_relative,clamp,80,0.0015112077917010893,0.0016819999473227654,1.0,0.0,0,0,0,nan,0.0,0.0,0,0,nan,nan,0.46256096653939577,1.7159814371801745,0.1279154673405977,figure_eight,12,f46a8a506ac6b057895c618ac2d52f6526ea2c9ea28c00e1f30d80f87b624740
shoulder_relative,clamp,80,0.001415311686145429,0.0016260000847978517,1.0,0.0,0,0,0,nan,0.0,0.0,0,0,nan,nan,0.46256096653939577,1.7159814371801745,0.1279154673405977,figure_eight,13,f46a8a506ac6b057895c618ac2d52f6526ea2c9ea28c00e1f30d80f87b624740
shoulder_relative,clamp,80,0.0015467142286259142,0.0016949998098425567,1.0,0.0,0,0,0,nan,0.0,0.0,0,0,nan,nan,0.46256096653939577,1.7159814371801745,0.1279154673405977,figure_eight,14,f46a8a506ac6b057895c618ac2d52f6526ea2c9ea28c00e1f30d80f87b624740
shoulder_relative,clamp,80,0.0014741428765466787,0.0018279997675563209,1.0,0.0,0,0,0,nan,0.0,0.0,0,0,nan,nan,0.46256096653939577,1.7159814371801745,0.1279154673405977,figure_eight,15,f46a8a506ac6b057895c618ac2d52f6526ea2c9ea28c00e1f30d80f87b624740
shoulder_relative,clamp,80,0.0015645064903965957,0.001759000042511616,1.0,0.0,0,0,0,nan,0.0,0.0,0,0,nan,nan,0.46256096653939577,1.7159814371801745,0.1279154673405977,figure_eight,16,f46a8a506ac6b057895c618ac2d52f6526ea2c9ea28c00e1f30d80f87b624740
shoulder_relative,clamp,80,0.0014539221162770198,0.0016640001376799773,1.0,0.0,0,0,0,nan,0.0,0.0,0,0,nan,nan,0.46256096653939577,1.7159814371801745,0.1279154673405977,figure_eight,17,f46a8a506ac6b057895c618ac2d52f6526ea2c9ea28c00e1f30d80f87b624740
shoulder_relative,clamp,80,0.0014798311517020542,0.0016259996300505009,1.0,0.0,0,0,0,nan,0.0,0.0,0,0,nan,nan,0.46256096653939577,1.7159814371801745,0.1279154673405977,figure_eight,18,f46a8a506ac6b057895c618ac2d52f6526ea2c9ea28c00e1f30d80f87b624740
shoulder_relative,clamp,80,0.0014978701404867354,0.0016589997358096298,1.0,0.0,0,0,0,nan,0.0,0.0,0,0,nan,nan,0.46256096653939577,1.7159814371801745,0.1279154673405977,figure_eight,19,f46a8a506ac6b057895c618ac2d52f6526ea2c9ea28c00e1f30d80f87b624740
shoulder_relative,clamp,80,0.0015155194639439949,0.0017639999896346126,1.0,0.0,0,0,0,nan,0.0,0.0,0,0,nan,nan,0.46256096653939577,1.7159814371801745,0.1279154673405977,figure_eight,20,f46a8a506ac6b057895c618ac2d52f6526ea2c9ea28c00e1f30d80f87b624740
shoulder_relative,clamp,80,0.0014808051614695556,0.0016969997886917554,1.0,0.0,0,0,0,nan,0.0,0.0,0,0,nan,nan,0.46256096653939577,1.7159814371801745,0.1279154673405977,figure_eight,21,f46a8a506ac6b057895c618ac2d52f6526ea2c9ea28c00e1f30d80f87b624740
shoulder_relative,clamp,80,0.0014860649051635327,0.0016460003280371893,1.0,0.0,0,0,0,nan,0.0,0.0,0,0,nan,nan,0.46256096653939577,1.7159814371801745,0.1279154673405977,figure_eight,22,f46a8a506ac6b057895c618ac2d52f6526ea2c9ea28c00e1f30d80f87b624740
shoulder_relative,clamp,80,0.0014419740312275411,0.001641999915591441,1.0,0.0,0,0,0,nan,0.0,0.0,0,0,nan,nan,0.46256096653939577,1.7159814371801745,0.1279154673405977,figure_eight,23,f46a8a506ac6b057895c618ac2d52f6526ea2c9ea28c00e1f30d80f87b624740
shoulder_relative,clamp,80,0.0015222727455835269,0.0016979997781163547,1.0,0.0,0,0,0,nan,0.0,0.0,0,0,nan,nan,0.46256096653939577,1.7159814371801745,0.1279154673405977,figure_eight,24,f46a8a506ac6b057895c618ac2d52f6526ea2c9ea28c00e1f30d80f87b624740
shoulder_relative,clamp,80,0.0014706103755017536,0.0017099996512115467,1.0,0.0,0,0,0,nan,0.0,0.0,0,0,nan,nan,0.46256096653939577,1.7159814371801745,0.1279154673405977,figure_eight,25,f46a8a506ac6b057895c618ac2d52f6526ea2c9ea28c00e1f30d80f87b624740
shoulder_relative,clamp,80,0.0015362207976705848,0.001734999841573881,1.0,0.0,0,0,0,nan,0.0,0.0,0,0,nan,nan,0.46256096653939577,1.7159814371801745,0.1279154673405977,figure_eight,26,f46a8a506ac6b057895c618ac2d52f6526ea2c9ea28c00e1f30d80f87b624740
shoulder_relative,clamp,80,0.0014649090780358756,0.001669000084802974,1.0,0.0,0,0,0,nan,0.0,0.0,0,0,nan,nan,0.46256096653939577,1.7159814371801745,0.1279154673405977,figure_eight,27,f46a8a506ac6b057895c618ac2d52f6526ea2c9ea28c00e1f30d80f87b624740
shoulder_relative,clamp,80,0.0014601428415221857,0.0016519998098374344,1.0,0.0,0,0,0,nan,0.0,0.0,0,0,nan,nan,0.46256096653939577,1.7159814371801745,0.1279154673405977,figure_eight,28,f46a8a506ac6b057895c618ac2d52f6526ea2c9ea28c00e1f30d80f87b624740
shoulder_relative,clamp,80,0.0015083766114699969,0.0017419997675460763,1.0,0.0,0,0,0,nan,0.0,0.0,0,0,nan,nan,0.46256096653939577,1.7159814371801745,0.1279154673405977,figure_eight,29,f46a8a506ac6b057895c618ac2d52f6526ea2c9ea28c00e1f30d80f87b624740
shoulder_relative,clamp,80,0.0014659870595840568,0.00168999986271956,1.0,0.0,0,0,0,nan,0.0,0.0,0,0,nan,nan,0.07150000000000001,1.1071487177940904,nan,step_input,0,855a8b16a15d313b647766e2b06d310950d80af3d587a0382fc30ec6688dbbc4
shoulder_relative,clamp,80,0.0014775974209028805,0.001657000211707782,1.0,0.0,0,0,0,nan,0.0,0.0,0,0,nan,nan,0.07150000000000001,1.1071487177940904,nan,step_input,1,855a8b16a15d313b647766e2b06d310950d80af3d587a0382fc30ec6688dbbc4
shoulder_relative,clamp,80,0.0015113506296157457,0.001638999947317643,1.0,0.0,0,0,0,nan,0.0,0.0,0,0,nan,nan,0.07150000000000001,1.1071487177940904,nan,step_input,2,855a8b16a15d313b647766e2b06d310950d80af3d587a0382fc30ec6688dbbc4
shoulder_relative,clamp,80,0.0014530649470496475,0.0016559997675358318,1.0,0.0,0,0,0,nan,0.0,0.0,0,0,nan,nan,0.07150000000000001,1.1071487177940904,nan,step_input,3,855a8b16a15d313b647766e2b06d310950d80af3d587a0382fc30ec6688dbbc4
shoulder_relative,clamp,80,0.0014883116996138774,0.0016620001588307787,1.0,0.0,0,0,0,nan,0.0,0.0,0,0,nan,nan,0.07150000000000001,1.1071487177940904,nan,step_input,4,855a8b16a15d313b647766e2b06d310950d80af3d587a0382fc30ec6688dbbc4
shoulder_relative,clamp,80,0.001514194802628292,0.0016760000107751694,1.0,0.0,0,0,0,nan,0.0,0.0,0,0,nan,nan,0.07150000000000001,1.1071487177940904,nan,step_input,5,855a8b16a15d313b647766e2b06d310950d80af3d587a0382fc30ec6688dbbc4
shoulder_relative,clamp,80,0.0015304026124180997,0.0018430000636726618,1.0,0.0,0,0,0,nan,0.0,0.0,0,0,nan,nan,0.07150000000000001,1.1071487177940904,nan,step_input,6,855a8b16a15d313b647766e2b06d310950d80af3d587a0382fc30ec6688dbbc4
shoulder_relative,clamp,80,0.00147012986700873,0.0017580000530870166,1.0,0.0,0,0,0,nan,0.0,0.0,0,0,nan,nan,0.07150000000000001,1.1071487177940904,nan,step_input,7,855a8b16a15d313b647766e2b06d310950d80af3d587a0382fc30ec6688dbbc4
shoulder_relative,clamp,80,0.0015743116937183123,0.0018329997146793175,1.0,0.0,0,0,0,nan,0.0,0.0,0,0,nan,nan,0.07150000000000001,1.1071487177940904,nan,step_input,8,855a8b16a15d313b647766e2b06d310950d80af3d587a0382fc30ec6688dbbc4
shoulder_relative,clamp,80,0.0015472337508981582,0.0017420002222934272,1.0,0.0,0,0,0,nan,0.0,0.0,0,0,nan,nan,0.07150000000000001,1.1071487177940904,nan,step_input,9,855a8b16a15d313b647766e2b06d310950d80af3d587a0382fc30ec6688dbbc4
shoulder_relative,clamp,80,0.0014996493601674129,0.001690000317466911,1.0,0.0,0,0,0,nan,0.0,0.0,0,0,nan,nan,0.07150000000000001,1.1071487177940904,nan,step_input,10,855a8b16a15d313b647766e2b06d310950d80af3d587a0382fc30ec6688dbbc4
shoulder_relative,clamp,80,0.001477103842852876,0.0016659996617818251,1.0,0.0,0,0,0,nan,0.0,0.0,0,0,nan,nan,0.07150000000000001,1.1071487177940904,nan,step_input,11,855a8b16a15d313b647766e2b06d310950d80af3d587a0382fc30ec6688dbbc4
shoulder_relative,clamp,80,0.001503103892711995,0.0017099996512115467,1.0,0.0,0,0,0,nan,0.0,0.0,0,0,nan,nan,0.07150000000000001,1.1071487177940904,nan,step_input,12,855a8b16a15d313b647766e2b06d310950d80af3d587a0382fc30ec6688dbbc4
shoulder_relative,clamp,80,0.0015086752977981927,0.0016799999684735667,1.0,0.0,0,0,0,nan,0.0,0.0,0,0,nan,nan,0.07150000000000001,1.1071487177940904,nan,step_input,13,855a8b16a15d313b647766e2b06d310950d80af3d587a0382fc30ec6688dbbc4
shoulder_relative,clamp,80,0.0014960779339304139,0.0017490001482656226,1.0,0.0,0,0,0,nan,0.0,0.0,0,0,nan,nan,0.07150000000000001,1.1071487177940904,nan,step_input,14,855a8b16a15d313b647766e2b06d310950d80af3d587a0382fc30ec6688dbbc4
shoulder_relative,clamp,80,0.0014838441198993348,0.001743999746395275,1.0,0.0,0,0,0,nan,0.0,0.0,0,0,nan,nan,0.07150000000000001,1.1071487177940904,nan,step_input,15,855a8b16a15d313b647766e2b06d310950d80af3d587a0382fc30ec6688dbbc4
shoulder_relative,clamp,80,0.0014631558557297254,0.0016189997040783055,1.0,0.0,0,0,0,nan,0.0,0.0,0,0,nan,nan,0.07150000000000001,1.1071487177940904,nan,step_input,16,855a8b16a15d313b647766e2b06d310950d80af3d587a0382fc30ec6688dbbc4
shoulder_relative,clamp,80,0.0014942207752784425,0.0017429997569706757,1.0,0.0,0,0,0,nan,0.0,0.0,0,0,nan,nan,0.07150000000000001,1.1071487177940904,nan,step_input,17,855a8b16a15d313b647766e2b06d310950d80af3d587a0382fc30ec6688dbbc4
shoulder_relative,clamp,80,0.001495207766015778,0.001642000370338792,1.0,0.0,0,0,0,nan,0.0,0.0,0,0,nan,nan,0.07150000000000001,1.1071487177940904,nan,step_input,18,855a8b16a15d313b647766e2b06d310950d80af3d587a0382fc30ec6688dbbc4
shoulder_relative,clamp,80,0.0015426623293307502,0.0018010000530921388,1.0,0.0,0,0,0,nan,0.0,0.0,0,0,nan,nan,0.07150000000000001,1.1071487177940904,nan,step_input,19,855a8b16a15d313b647766e2b06d310950d80af3d587a0382fc30ec6688dbbc4
shoulder_relative,clamp,80,0.0015113246676760768,0.0016859999050211627,1.0,0.0,0,0,0,nan,0.0,0.0,0,0,nan,nan,0.07150000000000001,1.1071487177940904,nan,step_input,20,855a8b16a15d313b647766e2b06d310950d80af3d587a0382fc30ec6688dbbc4
shoulder_relative,clamp,80,0.001481883113488688,0.0018240002646052744,1.0,0.0,0,0,0,nan,0.0,0.0,0,0,nan,nan,0.07150000000000001,1.1071487177940904,nan,step_input,21,855a8b16a15d313b647766e2b06d310950d80af3d587a0382fc30ec6688dbbc4
shoulder_relative,clamp,80,0.0015208051754834505,0.0017510001271148212,1.0,0.0,0,0,0,nan,0.0,0.0,0,0,nan,nan,0.07150000000000001,1.1071487177940904,nan,step_input,22,855a8b16a15d313b647766e2b06d310950d80af3d587a0382fc30ec6688dbbc4
shoulder_relative,clamp,80,0.0014579090752881534,0.0015789996723469812,1.0,0.0,0,0,0,nan,0.0,0.0,0,0,nan,nan,0.07150000000000001,1.1071487177940904,nan,step_input,23,855a8b16a15d313b647766e2b06d310950d80af3d587a0382fc30ec6688dbbc4
shoulder_relative,clamp,80,0.0014879740408471295,0.0017370002751704305,1.0,0.0,0,0,0,nan,0.0,0.0,0,0,nan,nan,0.07150000000000001,1.1071487177940904,nan,step_input,24,855a8b16a15d313b647766e2b06d310950d80af3d587a0382fc30ec6688dbbc4
shoulder_relative,clamp,80,0.0014997921980820692,0.0016949998098425567,1.0,0.0,0,0,0,nan,0.0,0.0,0,0,nan,nan,0.07150000000000001,1.1071487177940904,nan,step_input,25,855a8b16a15d313b647766e2b06d310950d80af3d587a0382fc30ec6688dbbc4
shoulder_relative,clamp,80,0.0015376493362740118,0.0017030001799867023,1.0,0.0,0,0,0,nan,0.0,0.0,0,0,nan,nan,0.07150000000000001,1.1071487177940904,nan,step_input,26,855a8b16a15d313b647766e2b06d310950d80af3d587a0382fc30ec6688dbbc4
shoulder_relative,clamp,80,0.0014924545542850285,0.0016939998204179574,1.0,0.0,0,0,0,nan,0.0,0.0,0,0,nan,nan,0.07150000000000001,1.1071487177940904,nan,step_input,27,855a8b16a15d313b647766e2b06d310950d80af3d587a0382fc30ec6688dbbc4
shoulder_relative,clamp,80,0.001486857145918494,0.001720000000204891,1.0,0.0,0,0,0,nan,0.0,0.0,0,0,nan,nan,0.07150000000000001,1.1071487177940904,nan,step_input,28,855a8b16a15d313b647766e2b06d310950d80af3d587a0382fc30ec6688dbbc4
shoulder_relative,clamp,80,0.0014882987009266137,0.001642000370338792,1.0,0.0,0,0,0,nan,0.0,0.0,0,0,nan,nan,0.07150000000000001,1.1071487177940904,nan,step_input,29,855a8b16a15d313b647766e2b06d310950d80af3d587a0382fc30ec6688dbbc4
shoulder_relative,clamp,80,0.0014725065006864675,0.001722999968478689,1.0,0.0,0,0,0,nan,0.0,0.0,0,0,nan,nan,0.0,nan,nan,near_full_extension,0,177fe34873a4cd7ca53447db16ed25ec8655a8064a4353e6497ca8ff44bc862d
shoulder_relative,clamp,80,0.0014592077687583778,0.0016379999578930438,1.0,0.0,0,0,0,nan,0.0,0.0,0,0,nan,nan,0.0,nan,nan,near_full_extension,1,177fe34873a4cd7ca53447db16ed25ec8655a8064a4353e6497ca8ff44bc862d
shoulder_relative,clamp,80,0.0015248960767462155,0.0017339998521492817,1.0,0.0,0,0,0,nan,0.0,0.0,0,0,nan,nan,0.0,nan,nan,near_full_extension,2,177fe34873a4cd7ca53447db16ed25ec8655a8064a4353e6497ca8ff44bc862d
shoulder_relative,clamp,80,0.0015123766164148722,0.0017920001482707448,1.0,0.0,0,0,0,nan,0.0,0.0,0,0,nan,nan,0.0,nan,nan,near_full_extension,3,177fe34873a4cd7ca53447db16ed25ec8655a8064a4353e6497ca8ff44bc862d
shoulder_relative,clamp,80,0.0014258182279984074,0.0016500002857355867,1.0,0.0,0,0,0,nan,0.0,0.0,0,0,nan,nan,0.0,nan,nan,near_full_extension,4,177fe34873a4cd7ca53447db16ed25ec8655a8064a4353e6497ca8ff44bc862d
shoulder_relative,clamp,80,0.0014970259876640561,0.00167500002135057,1.0,0.0,0,0,0,nan,0.0,0.0,0,0,nan,nan,0.0,nan,nan,near_full_extension,5,177fe34873a4cd7ca53447db16ed25ec8655a8064a4353e6497ca8ff44bc862d
shoulder_relative,clamp,80,0.0014790649260390495,0.0016580002011323813,1.0,0.0,0,0,0,nan,0.0,0.0,0,0,nan,nan,0.0,nan,nan,near_full_extension,6,177fe34873a4cd7ca53447db16ed25ec8655a8064a4353e6497ca8ff44bc862d
shoulder_relative,clamp,80,0.0014734285747630116,0.0017150000530818943,1.0,0.0,0,0,0,nan,0.0,0.0,0,0,nan,nan,0.0,nan,nan,near_full_extension,7,177fe34873a4cd7ca53447db16ed25ec8655a8064a4353e6497ca8ff44bc862d
shoulder_relative,clamp,80,0.001470766182574625,0.0016279996088996995,1.0,0.0,0,0,0,nan,0.0,0.0,0,0,nan,nan,0.0,nan,nan,near_full_extension,8,177fe34873a4cd7ca53447db16ed25ec8655a8064a4353e6497ca8ff44bc862d
shoulder_relative,clamp,80,0.0014563506620224752,0.0016890003280423116,1.0,0.0,0,0,0,nan,0.0,0.0,0,0,nan,nan,0.0,nan,nan,near_full_extension,9,177fe34873a4cd7ca53447db16ed25ec8655a8064a4353e6497ca8ff44bc862d
shoulder_relative,clamp,80,0.0014985714376773292,0.0017239999579032883,1.0,0.0,0,0,0,nan,0.0,0.0,0,0,nan,nan,0.0,nan,nan,near_full_extension,10,177fe34873a4cd7ca53447db16ed25ec8655a8064a4353e6497ca8ff44bc862d
shoulder_relative,clamp,80,0.0014710519410852743,0.0016439998944406398,1.0,0.0,0,0,0,nan,0.0,0.0,0,0,nan,nan,0.0,nan,nan,near_full_extension,11,177fe34873a4cd7ca53447db16ed25ec8655a8064a4353e6497ca8ff44bc862d
shoulder_relative,clamp,80,0.0015835064725440854,0.0018109999473381322,1.0,0.0,0,0,0,nan,0.0,0.0,0,0,nan,nan,0.0,nan,nan,near_full_extension,12,177fe34873a4cd7ca53447db16ed25ec8655a8064a4353e6497ca8ff44bc862d
shoulder_relative,clamp,80,0.0014786363414253634,0.0016580002011323813,1.0,0.0,0,0,0,nan,0.0,0.0,0,0,nan,nan,0.0,nan,nan,near_full_extension,13,177fe34873a4cd7ca53447db16ed25ec8655a8064a4353e6497ca8ff44bc862d
shoulder_relative,clamp,80,0.0015516363194589533,0.00176799994733301,1.0,0.0,0,0,0,nan,0.0,0.0,0,0,nan,nan,0.0,nan,nan,near_full_extension,14,177fe34873a4cd7ca53447db16ed25ec8655a8064a4353e6497ca8ff44bc862d
shoulder_relative,clamp,80,0.0014529480533572307,0.0016659996617818251,1.0,0.0,0,0,0,nan,0.0,0.0,0,0,nan,nan,0.0,nan,nan,near_full_extension,15,177fe34873a4cd7ca53447db16ed25ec8655a8064a4353e6497ca8ff44bc862d
shoulder_relative,clamp,80,0.0015106103954214585,0.001672000053076772,1.0,0.0,0,0,0,nan,0.0,0.0,0,0,nan,nan,0.0,nan,nan,near_full_extension,16,177fe34873a4cd7ca53447db16ed25ec8655a8064a4353e6497ca8ff44bc862d
shoulder_relative,clamp,80,0.0014907532440465966,0.001702000190562103,1.0,0.0,0,0,0,nan,0.0,0.0,0,0,nan,nan,0.0,nan,nan,near_full_extension,17,177fe34873a4cd7ca53447db16ed25ec8655a8064a4353e6497ca8ff44bc862d
shoulder_relative,clamp,80,0.0014405974165034516,0.0016220001270994544,1.0,0.0,0,0,0,nan,0.0,0.0,0,0,nan,nan,0.0,nan,nan,near_full_extension,18,177fe34873a4cd7ca53447db16ed25ec8655a8064a4353e6497ca8ff44bc862d
shoulder_relative,clamp,80,0.0014374286011288504,0.0015849996088945772,1.0,0.0,0,0,0,nan,0.0,0.0,0,0,nan,nan,0.0,nan,nan,near_full_extension,19,177fe34873a4cd7ca53447db16ed25ec8655a8064a4353e6497ca8ff44bc862d
shoulder_relative,clamp,80,0.001503155828402952,0.0016760000107751694,1.0,0.0,0,0,0,nan,0.0,0.0,0,0,nan,nan,0.0,nan,nan,near_full_extension,20,177fe34873a4cd7ca53447db16ed25ec8655a8064a4353e6497ca8ff44bc862d
shoulder_relative,clamp,80,0.0015294286026505983,0.0016849999155965634,1.0,0.0,0,0,0,nan,0.0,0.0,0,0,nan,nan,0.0,nan,nan,near_full_extension,21,177fe34873a4cd7ca53447db16ed25ec8655a8064a4353e6497ca8ff44bc862d
shoulder_relative,clamp,80,0.0015279870063018102,0.0017630000002100132,1.0,0.0,0,0,0,nan,0.0,0.0,0,0,nan,nan,0.0,nan,nan,near_full_extension,22,177fe34873a4cd7ca53447db16ed25ec8655a8064a4353e6497ca8ff44bc862d
shoulder_relative,clamp,80,0.0014848571375402466,0.0016980002328637056,1.0,0.0,0,0,0,nan,0.0,0.0,0,0,nan,nan,0.0,nan,nan,near_full_extension,23,177fe34873a4cd7ca53447db16ed25ec8655a8064a4353e6497ca8ff44bc862d
shoulder_relative,clamp,80,0.001506207785519995,0.001644999883865239,1.0,0.0,0,0,0,nan,0.0,0.0,0,0,nan,nan,0.0,nan,nan,near_full_extension,24,177fe34873a4cd7ca53447db16ed25ec8655a8064a4353e6497ca8ff44bc862d
shoulder_relative,clamp,80,0.0014809610216947146,0.0017429997569706757,1.0,0.0,0,0,0,nan,0.0,0.0,0,0,nan,nan,0.0,nan,nan,near_full_extension,25,177fe34873a4cd7ca53447db16ed25ec8655a8064a4353e6497ca8ff44bc862d
shoulder_relative,clamp,80,0.0015106493442367714,0.0016589997358096298,1.0,0.0,0,0,0,nan,0.0,0.0,0,0,nan,nan,0.0,nan,nan,near_full_extension,26,177fe34873a4cd7ca53447db16ed25ec8655a8064a4353e6497ca8ff44bc862d
shoulder_relative,clamp,80,0.00147671427792422,0.001699000222288305,1.0,0.0,0,0,0,nan,0.0,0.0,0,0,nan,nan,0.0,nan,nan,near_full_extension,27,177fe34873a4cd7ca53447db16ed25ec8655a8064a4353e6497ca8ff44bc862d
shoulder_relative,clamp,80,0.0014856753579523057,0.0016310000319208484,1.0,0.0,0,0,0,nan,0.0,0.0,0,0,nan,nan,0.0,nan,nan,near_full_extension,28,177fe34873a4cd7ca53447db16ed25ec8655a8064a4353e6497ca8ff44bc862d
shoulder_relative,clamp,80,0.0014471298621989356,0.001615000201127259,1.0,0.0,0,0,0,nan,0.0,0.0,0,0,nan,nan,0.0,nan,nan,near_full_extension,29,177fe34873a4cd7ca53447db16ed25ec8655a8064a4353e6497ca8ff44bc862d
shoulder_relative,clamp,80,0.0015356753311761013,0.0016760000107751694,1.0,0.0,0,0,0,nan,0.0,0.0,0,0,nan,nan,0.7806444284496303,1.5755608957603062,2.0608658935032644,noisy_landmarks,0,0b1801dd333eaa2e0222bbff2a42050db5d9802ac8fbdb0a933f97a80fe7d463
shoulder_relative,clamp,80,0.0014609610028761474,0.0016260000847978517,1.0,0.0,0,0,0,nan,0.0,0.0,0,0,nan,nan,0.7513451544765821,1.634307008040106,1.9971697621326625,noisy_landmarks,1,b6b5f0efbff88d14838f03ddb414b1c337ca1e6f8543ed372ac2154426b9097b
shoulder_relative,clamp,80,0.0015632857063686166,0.0017120000848080963,1.0,0.0,0,0,0,nan,0.0,0.0,0,0,nan,nan,0.7353807822968729,1.5714809905004579,1.999263957720282,noisy_landmarks,2,b106f71dd6d09077a890be92f76df04498f4367e1e6f9a2a35ab3d1fc91c59e3
shoulder_relative,clamp,80,0.0015165843995584344,0.0017239999579032883,1.0,0.0,0,0,0,nan,0.0,0.0,0,0,nan,nan,0.6603163723035581,1.67661764986715,2.0223881462083395,noisy_landmarks,3,991dbf6707c0bf118aad1cbe68d0f6e409b93d5cd717fd12b68efe74741f9fb1
shoulder_relative,clamp,80,0.0014571038889982164,0.001635999979043845,1.0,0.0,0,0,0,nan,0.0,0.0,0,0,nan,nan,0.7175970291590332,1.624495211720694,2.0358295248464975,noisy_landmarks,4,90cb0fe769646be8b423e3cacad031e943be326bf5b5bce75423b70541955077
shoulder_relative,clamp,80,0.00150472733484885,0.0017339998521492817,1.0,0.0,0,0,0,nan,0.0,0.0,0,0,nan,nan,0.7865154734636824,1.6342920349715275,2.1026341405186604,noisy_landmarks,5,683ef20f5e6f7e0d15adbba258bd10c0943806910a3205da1b7b05a10dcd57e4
shoulder_relative,clamp,80,0.001494246743123921,0.0016879998838703614,1.0,0.0,0,0,0,nan,0.0,0.0,0,0,nan,nan,0.7780600412485386,1.643074513668235,2.081821437566955,noisy_landmarks,6,ea17465413cc03b506640dbf31f1f6e008b7eabb93023799785c9acdb9a6f5e2
shoulder_relative,clamp,80,0.0015271298902267258,0.0017360002857458312,1.0,0.0,0,0,0,nan,0.0,0.0,0,0,nan,nan,0.7757059979591684,1.5864071756376708,2.0603215831851,noisy_landmarks,7,0d8ef2a4f181451e40dd20c81a6b1715c2805e9f961affec2d52b7ae318b0683
shoulder_relative,clamp,80,0.001534402570116497,0.0018579999050416518,1.0,0.0,0,0,0,nan,0.0,0.0,0,0,nan,nan,0.8147594354766413,1.5480145575584314,2.154744609833306,noisy_landmarks,8,04cc3e69e32157a349cb7b289a221f7fd7d5b08800be38a8d00d16c6f17ed919
shoulder_relative,clamp,80,0.0014758311703804178,0.0016580002011323813,1.0,0.0,0,0,0,nan,0.0,0.0,0,0,nan,nan,0.7554731247166174,1.6217368734867144,2.186782337504483,noisy_landmarks,9,9cf3c03d12cb0ea13ba18184595a89bcb1bb23aec6905597c91f4de38626a72d
shoulder_relative,clamp,80,0.0015053506221984327,0.0017130000742326956,1.0,0.0,0,0,0,nan,0.0,0.0,0,0,nan,nan,0.7057403014667136,1.6423499051592096,2.1301801936456943,noisy_landmarks,10,457b096c66a8ba4b5755ec557acc83f1070433478d46eba08051551577a7cde1
shoulder_relative,clamp,80,0.0014753116776372228,0.0016580002011323813,1.0,0.0,0,0,0,nan,0.0,0.0,0,0,nan,nan,0.8406770563848863,1.5617535773980888,2.214305167769138,noisy_landmarks,11,dc1db64978f8ad4d6a243a238929af154d90e0ef98e0b57255b07b126b71312c
shoulder_relative,clamp,80,0.0014547922015103192,0.001627000074222451,1.0,0.0,0,0,0,nan,0.0,0.0,0,0,nan,nan,0.7620748818728921,1.5954858594764376,2.1754905436899,noisy_landmarks,12,956f4698bb574b1e5fb8e6a4c5a77495c53ae19adaa93601b611e34573f29ff7
shoulder_relative,clamp,80,0.0014884934922496564,0.0016590001905569807,1.0,0.0,0,0,0,nan,0.0,0.0,0,0,nan,nan,0.8274852608454659,1.664047072446915,2.1122353133203062,noisy_landmarks,13,cff7be95774a75649ca4ec8c0ed6f1b39af9c5acf41b64b8c2c6020b857052f7
shoulder_relative,clamp,80,0.001500026009090142,0.001666000116529176,1.0,0.0,0,0,0,nan,0.0,0.0,0,0,nan,nan,0.8008206692892692,1.6006820035961378,2.081612942067771,noisy_landmarks,14,1875cc3a35ffa49e7f67c72221e03d9828e898ecff381f39599c8e79604d77bd
shoulder_relative,clamp,80,0.001519701291053698,0.0017370002751704305,1.0,0.0,0,0,0,nan,0.0,0.0,0,0,nan,nan,0.7000891631840118,1.6370835114191318,2.120966715318376,noisy_landmarks,15,f907c040862a0cee9f62a05e56345b08595f81f6acbfd08e5c60d6f3a0290383
shoulder_relative,clamp,80,0.0014688961315399653,0.0016500002857355867,1.0,0.0,0,0,0,nan,0.0,0.0,0,0,nan,nan,0.8280102904168414,1.5423601228269783,2.289088276059896,noisy_landmarks,16,faa85044eba39c21e475cd572a3109c8e6071adc161e89ee0f817dad5e6a2d8f
shoulder_relative,clamp,80,0.001493441550928174,0.0016849999155965634,1.0,0.0,0,0,0,nan,0.0,0.0,0,0,nan,nan,0.7978847882215077,1.6296512495370898,2.0535779240615373,noisy_landmarks,17,603e91c6d5ff109b053b2fb125c5dba910a56d692574b19574096a2e0bfe519a
shoulder_relative,clamp,80,0.0014906753286985414,0.0016550002328585833,1.0,0.0,0,0,0,nan,0.0,0.0,0,0,nan,nan,0.6813391867669555,1.5621686897839109,1.9127560817522917,noisy_landmarks,18,41db5416f9fadc2d97b2e7a13d9323d9bebfdc6d7f5d5f30c9a04411c69e47ed
shoulder_relative,clamp,80,0.0014569350773322716,0.0016879998838703614,1.0,0.0,0,0,0,nan,0.0,0.0,0,0,nan,nan,0.7648467084106337,1.5254990746982053,2.0781782411586547,noisy_landmarks,19,e59bbb2608cc5b19d8521657435c2ef400919a78aa520821489c573ee67e66e1
shoulder_relative,clamp,80,0.0015345973555337298,0.0017090001165342983,1.0,0.0,0,0,0,nan,0.0,0.0,0,0,nan,nan,0.7548837202713148,1.6782046717290113,2.0297553682566614,noisy_landmarks,20,85799f38999c1cf86e8c7e6a1b6b08f737d1be4ccfcb3a237e9344c846b12dfc
shoulder_relative,clamp,80,0.0014755065043951239,0.0016199996935029048,1.0,0.0,0,0,0,nan,0.0,0.0,0,0,nan,nan,0.8293244694164172,1.632586003317731,2.1523984484791376,noisy_landmarks,21,8fd9586b88b81ecacdceb0ec7328d57e9c0c05ff8916f15b074b474c62720211
shoulder_relative,clamp,80,0.0015005454486810494,0.0017059996935131494,1.0,0.0,0,0,0,nan,0.0,0.0,0,0,nan,nan,0.7367423438680406,1.5516896607986281,2.0821248759838076,noisy_landmarks,22,644bf9982a7d1662d713e2a02b51f33cb76a4559cab3cead8cb9a92b1a6da72a
shoulder_relative,clamp,80,0.0015115194412816902,0.0017120000848080963,1.0,0.0,0,0,0,nan,0.0,0.0,0,0,nan,nan,0.7897690226193751,1.583447724269075,2.079013354887985,noisy_landmarks,23,a4639d7d4f55368d41cc7be8b2a926c3dc38fbfa058017c279bdc5dffca14612
shoulder_relative,clamp,80,0.0014481169001827495,0.0015840000742173288,1.0,0.0,0,0,0,nan,0.0,0.0,0,0,nan,nan,0.751521032156033,1.6272107027661284,2.193918892737992,noisy_landmarks,24,ee46b1a91c03dc09c8aac096313ffe1ca4da12f232131e3cdfa3bf28cb427f6f
shoulder_relative,clamp,80,0.0014818182027337063,0.0016789999790489674,1.0,0.0,0,0,0,nan,0.0,0.0,0,0,nan,nan,0.7913628777826509,1.5822348463766398,2.1070284198055838,noisy_landmarks,25,be2eb6efa975c02de92a1b2cdc25b6a9d42c13da8781e1c07520fe30dd50ee38
shoulder_relative,clamp,80,0.0014815324560346764,0.001701999735814752,1.0,0.0,0,0,0,nan,0.0,0.0,0,0,nan,nan,0.7271810582217503,1.5883006115352905,2.1551003829861872,noisy_landmarks,26,16d52b31f8cfa4a803224e989633930bb23300f6c257605b30f37469e7f57c64
shoulder_relative,clamp,80,0.0014783636701891241,0.0016439998944406398,1.0,0.0,0,0,0,nan,0.0,0.0,0,0,nan,nan,0.6422704507460512,1.6204601573358572,1.9650962763978077,noisy_landmarks,27,43360f8dd87c7861013a0aa0353d23fedb9e703b2f1d2de03a9e810ce0563651
shoulder_relative,clamp,80,0.0014808311824673218,0.0016519998098374344,1.0,0.0,0,0,0,nan,0.0,0.0,0,0,nan,nan,0.6888770898729419,1.5884956590124852,2.0486368896774816,noisy_landmarks,28,7ff4c020357a5d17a61d043804322379b7515311e638c4a40bb9e003d80adb31
shoulder_relative,clamp,80,0.001526727279364328,0.0017359998309984803,1.0,0.0,0,0,0,nan,0.0,0.0,0,0,nan,nan,0.7170719489341297,1.5518054694630736,2.0524646718135866,noisy_landmarks,29,7541952faca5cf6a63116967f49bb1d58a62d62049dbf3e53fd081c59d961ceb
shoulder_relative,clamp,80,0.0015691774156185866,0.001886000063677784,0.8125,0.1875,5,15,6,1.3,0.0,0.0,0,0,nan,nan,0.06553841364321877,1.7905306770709741,0.05609986881410345,one_second_dropout,0,8e7959c13081999952272b70cb77757eb6b69cb338ba5e006927d3c63a458683
shoulder_relative,clamp,80,0.0014833870761410048,0.001859000349213602,0.8125,0.1875,5,15,6,1.3,0.0,0.0,0,0,nan,nan,0.06553841364321877,1.7905306770709741,0.05609986881410345,one_second_dropout,1,8e7959c13081999952272b70cb77757eb6b69cb338ba5e006927d3c63a458683
shoulder_relative,clamp,80,0.0015081774372740784,0.0018240002646052744,0.8125,0.1875,5,15,6,1.3,0.0,0.0,0,0,nan,nan,0.06553841364321877,1.7905306770709741,0.05609986881410345,one_second_dropout,2,8e7959c13081999952272b70cb77757eb6b69cb338ba5e006927d3c63a458683
shoulder_relative,clamp,80,0.001502903255494593,0.0017129996194853447,0.8125,0.1875,5,15,6,1.3,0.0,0.0,0,0,nan,nan,0.06553841364321877,1.7905306770709741,0.05609986881410345,one_second_dropout,3,8e7959c13081999952272b70cb77757eb6b69cb338ba5e006927d3c63a458683
shoulder_relative,clamp,80,0.0017372902719568716,0.0020169995877949987,0.8125,0.1875,5,15,6,1.3,0.0,0.0,0,0,nan,nan,0.06553841364321877,1.7905306770709741,0.05609986881410345,one_second_dropout,4,8e7959c13081999952272b70cb77757eb6b69cb338ba5e006927d3c63a458683
shoulder_relative,clamp,80,0.0014817903114993486,0.0017879997358249966,0.8125,0.1875,5,15,6,1.3,0.0,0.0,0,0,nan,nan,0.06553841364321877,1.7905306770709741,0.05609986881410345,one_second_dropout,5,8e7959c13081999952272b70cb77757eb6b69cb338ba5e006927d3c63a458683
shoulder_relative,clamp,80,0.001526338682226431,0.0019570002223190386,0.8125,0.1875,5,15,6,1.3,0.0,0.0,0,0,nan,nan,0.06553841364321877,1.7905306770709741,0.05609986881410345,one_second_dropout,6,8e7959c13081999952272b70cb77757eb6b69cb338ba5e006927d3c63a458683
shoulder_relative,clamp,80,0.0015638870903081448,0.002045000201178482,0.8125,0.1875,5,15,6,1.3,0.0,0.0,0,0,nan,nan,0.06553841364321877,1.7905306770709741,0.05609986881410345,one_second_dropout,7,8e7959c13081999952272b70cb77757eb6b69cb338ba5e006927d3c63a458683
shoulder_relative,clamp,80,0.0015195967666987863,0.0018509999790694565,0.8125,0.1875,5,15,6,1.3,0.0,0.0,0,0,nan,nan,0.06553841364321877,1.7905306770709741,0.05609986881410345,one_second_dropout,8,8e7959c13081999952272b70cb77757eb6b69cb338ba5e006927d3c63a458683
shoulder_relative,clamp,80,0.0014903387402169287,0.0018679997992876451,0.8125,0.1875,5,15,6,1.3,0.0,0.0,0,0,nan,nan,0.06553841364321877,1.7905306770709741,0.05609986881410345,one_second_dropout,9,8e7959c13081999952272b70cb77757eb6b69cb338ba5e006927d3c63a458683
shoulder_relative,clamp,80,0.0015268871075316002,0.001958000211743638,0.8125,0.1875,5,15,6,1.3,0.0,0.0,0,0,nan,nan,0.06553841364321877,1.7905306770709741,0.05609986881410345,one_second_dropout,10,8e7959c13081999952272b70cb77757eb6b69cb338ba5e006927d3c63a458683
shoulder_relative,clamp,80,0.0014753225646164801,0.0017930001376953442,0.8125,0.1875,5,15,6,1.3,0.0,0.0,0,0,nan,nan,0.06553841364321877,1.7905306770709741,0.05609986881410345,one_second_dropout,11,8e7959c13081999952272b70cb77757eb6b69cb338ba5e006927d3c63a458683
shoulder_relative,clamp,80,0.0015104677356336446,0.0017869997464003973,0.8125,0.1875,5,15,6,1.3,0.0,0.0,0,0,nan,nan,0.06553841364321877,1.7905306770709741,0.05609986881410345,one_second_dropout,12,8e7959c13081999952272b70cb77757eb6b69cb338ba5e006927d3c63a458683
shoulder_relative,clamp,80,0.00150419356442956,0.0019559997781470884,0.8125,0.1875,5,15,6,1.3,0.0,0.0,0,0,nan,nan,0.06553841364321877,1.7905306770709741,0.05609986881410345,one_second_dropout,13,8e7959c13081999952272b70cb77757eb6b69cb338ba5e006927d3c63a458683
shoulder_relative,clamp,80,0.0015438225809996384,0.0020170000425423495,0.8125,0.1875,5,15,6,1.3,0.0,0.0,0,0,nan,nan,0.06553841364321877,1.7905306770709741,0.05609986881410345,one_second_dropout,14,8e7959c13081999952272b70cb77757eb6b69cb338ba5e006927d3c63a458683
shoulder_relative,clamp,80,0.0015474193391597627,0.0018999999156221747,0.8125,0.1875,5,15,6,1.3,0.0,0.0,0,0,nan,nan,0.06553841364321877,1.7905306770709741,0.05609986881410345,one_second_dropout,15,8e7959c13081999952272b70cb77757eb6b69cb338ba5e006927d3c63a458683
shoulder_relative,clamp,80,0.0015276935212774157,0.0019300000531075057,0.8125,0.1875,5,15,6,1.3,0.0,0.0,0,0,nan,nan,0.06553841364321877,1.7905306770709741,0.05609986881410345,one_second_dropout,16,8e7959c13081999952272b70cb77757eb6b69cb338ba5e006927d3c63a458683
shoulder_relative,clamp,80,0.0015000806240183715,0.0018639998415892478,0.8125,0.1875,5,15,6,1.3,0.0,0.0,0,0,nan,nan,0.06553841364321877,1.7905306770709741,0.05609986881410345,one_second_dropout,17,8e7959c13081999952272b70cb77757eb6b69cb338ba5e006927d3c63a458683
shoulder_relative,clamp,80,0.0015046935444725904,0.001785999756975798,0.8125,0.1875,5,15,6,1.3,0.0,0.0,0,0,nan,nan,0.06553841364321877,1.7905306770709741,0.05609986881410345,one_second_dropout,18,8e7959c13081999952272b70cb77757eb6b69cb338ba5e006927d3c63a458683
shoulder_relative,clamp,80,0.0015622257882158361,0.001925000105984509,0.8125,0.1875,5,15,6,1.3,0.0,0.0,0,0,nan,nan,0.06553841364321877,1.7905306770709741,0.05609986881410345,one_second_dropout,19,8e7959c13081999952272b70cb77757eb6b69cb338ba5e006927d3c63a458683
shoulder_relative,clamp,80,0.001507838723844015,0.0018939999790745787,0.8125,0.1875,5,15,6,1.3,0.0,0.0,0,0,nan,nan,0.06553841364321877,1.7905306770709741,0.05609986881410345,one_second_dropout,20,8e7959c13081999952272b70cb77757eb6b69cb338ba5e006927d3c63a458683
shoulder_relative,clamp,80,0.0015358548133066975,0.0018239998098579235,0.8125,0.1875,5,15,6,1.3,0.0,0.0,0,0,nan,nan,0.06553841364321877,1.7905306770709741,0.05609986881410345,one_second_dropout,21,8e7959c13081999952272b70cb77757eb6b69cb338ba5e006927d3c63a458683
shoulder_relative,clamp,80,0.0015141290385790559,0.0017830002434493508,0.8125,0.1875,5,15,6,1.3,0.0,0.0,0,0,nan,nan,0.06553841364321877,1.7905306770709741,0.05609986881410345,one_second_dropout,22,8e7959c13081999952272b70cb77757eb6b69cb338ba5e006927d3c63a458683
shoulder_relative,clamp,80,0.0015360806467088555,0.0019449998944764957,0.8125,0.1875,5,15,6,1.3,0.0,0.0,0,0,nan,nan,0.06553841364321877,1.7905306770709741,0.05609986881410345,one_second_dropout,23,8e7959c13081999952272b70cb77757eb6b69cb338ba5e006927d3c63a458683
shoulder_relative,clamp,80,0.0015117902876227163,0.0018669998098630458,0.8125,0.1875,5,15,6,1.3,0.0,0.0,0,0,nan,nan,0.06553841364321877,1.7905306770709741,0.05609986881410345,one_second_dropout,24,8e7959c13081999952272b70cb77757eb6b69cb338ba5e006927d3c63a458683
shoulder_relative,clamp,80,0.0015547096286501337,0.001967000116565032,0.8125,0.1875,5,15,6,1.3,0.0,0.0,0,0,nan,nan,0.06553841364321877,1.7905306770709741,0.05609986881410345,one_second_dropout,25,8e7959c13081999952272b70cb77757eb6b69cb338ba5e006927d3c63a458683
shoulder_relative,clamp,80,0.0014703709674053712,0.0018390001059742644,0.8125,0.1875,5,15,6,1.3,0.0,0.0,0,0,nan,nan,0.06553841364321877,1.7905306770709741,0.05609986881410345,one_second_dropout,26,8e7959c13081999952272b70cb77757eb6b69cb338ba5e006927d3c63a458683
shoulder_relative,clamp,80,0.0015251774555274037,0.0018539999473432545,0.8125,0.1875,5,15,6,1.3,0.0,0.0,0,0,nan,nan,0.06553841364321877,1.7905306770709741,0.05609986881410345,one_second_dropout,27,8e7959c13081999952272b70cb77757eb6b69cb338ba5e006927d3c63a458683
shoulder_relative,clamp,80,0.0015400000114412602,0.0019260000954091083,0.8125,0.1875,5,15,6,1.3,0.0,0.0,0,0,nan,nan,0.06553841364321877,1.7905306770709741,0.05609986881410345,one_second_dropout,28,8e7959c13081999952272b70cb77757eb6b69cb338ba5e006927d3c63a458683
shoulder_relative,clamp,80,0.001565661323770802,0.0019439999050518963,0.8125,0.1875,5,15,6,1.3,0.0,0.0,0,0,nan,nan,0.06553841364321877,1.7905306770709741,0.05609986881410345,one_second_dropout,29,8e7959c13081999952272b70cb77757eb6b69cb338ba5e006927d3c63a458683
shoulder_relative,clamp,80,0.0017565194842996765,0.0030330002118716948,1.0,0.0,0,0,0,nan,13.75,0.01466427542112974,0,0,nan,nan,0.7224999999999999,1.3864345703678593,0.04619989196455578,workspace_boundary_crossing,0,93b3275e2711fe4877f1e2efb09bec94e83d458937545c86b16e837dd106bd17
shoulder_relative,clamp,80,0.0017583506219538817,0.0031549998311675154,1.0,0.0,0,0,0,nan,13.75,0.01466427542112974,0,0,nan,nan,0.7224999999999999,1.3864345703678593,0.04619989196455578,workspace_boundary_crossing,1,93b3275e2711fe4877f1e2efb09bec94e83d458937545c86b16e837dd106bd17
shoulder_relative,clamp,80,0.0017359091118548833,0.002975999905174831,1.0,0.0,0,0,0,nan,13.75,0.01466427542112974,0,0,nan,nan,0.7224999999999999,1.3864345703678593,0.04619989196455578,workspace_boundary_crossing,2,93b3275e2711fe4877f1e2efb09bec94e83d458937545c86b16e837dd106bd17
shoulder_relative,clamp,80,0.0017373246576768563,0.0029200000426499173,1.0,0.0,0,0,0,nan,13.75,0.01466427542112974,0,0,nan,nan,0.7224999999999999,1.3864345703678593,0.04619989196455578,workspace_boundary_crossing,3,93b3275e2711fe4877f1e2efb09bec94e83d458937545c86b16e837dd106bd17
shoulder_relative,clamp,80,0.0017291688466200441,0.003031000233022496,1.0,0.0,0,0,0,nan,13.75,0.01466427542112974,0,0,nan,nan,0.7224999999999999,1.3864345703678593,0.04619989196455578,workspace_boundary_crossing,4,93b3275e2711fe4877f1e2efb09bec94e83d458937545c86b16e837dd106bd17
shoulder_relative,clamp,80,0.00172031169703197,0.0031409999792231247,1.0,0.0,0,0,0,nan,13.75,0.01466427542112974,0,0,nan,nan,0.7224999999999999,1.3864345703678593,0.04619989196455578,workspace_boundary_crossing,5,93b3275e2711fe4877f1e2efb09bec94e83d458937545c86b16e837dd106bd17
shoulder_relative,clamp,80,0.0017171168901886512,0.0029329999051697087,1.0,0.0,0,0,0,nan,13.75,0.01466427542112974,0,0,nan,nan,0.7224999999999999,1.3864345703678593,0.04619989196455578,workspace_boundary_crossing,6,93b3275e2711fe4877f1e2efb09bec94e83d458937545c86b16e837dd106bd17
shoulder_relative,clamp,80,0.0017565844304895167,0.0028959998417121824,1.0,0.0,0,0,0,nan,13.75,0.01466427542112974,0,0,nan,nan,0.7224999999999999,1.3864345703678593,0.04619989196455578,workspace_boundary_crossing,7,93b3275e2711fe4877f1e2efb09bec94e83d458937545c86b16e837dd106bd17
shoulder_relative,clamp,80,0.001764870145737629,0.002967000000353437,1.0,0.0,0,0,0,nan,13.75,0.01466427542112974,0,0,nan,nan,0.7224999999999999,1.3864345703678593,0.04619989196455578,workspace_boundary_crossing,8,93b3275e2711fe4877f1e2efb09bec94e83d458937545c86b16e837dd106bd17
shoulder_relative,clamp,80,0.0017037013177204326,0.002940000285889255,1.0,0.0,0,0,0,nan,13.75,0.01466427542112974,0,0,nan,nan,0.7224999999999999,1.3864345703678593,0.04619989196455578,workspace_boundary_crossing,9,93b3275e2711fe4877f1e2efb09bec94e83d458937545c86b16e837dd106bd17
shoulder_relative,clamp,80,0.0017693506709871474,0.003052000010939082,1.0,0.0,0,0,0,nan,13.75,0.01466427542112974,0,0,nan,nan,0.7224999999999999,1.3864345703678593,0.04619989196455578,workspace_boundary_crossing,10,93b3275e2711fe4877f1e2efb09bec94e83d458937545c86b16e837dd106bd17
shoulder_relative,clamp,80,0.001809298690251988,0.003102999926340999,1.0,0.0,0,0,0,nan,13.75,0.01466427542112974,0,0,nan,nan,0.7224999999999999,1.3864345703678593,0.04619989196455578,workspace_boundary_crossing,11,93b3275e2711fe4877f1e2efb09bec94e83d458937545c86b16e837dd106bd17
shoulder_relative,clamp,80,0.0017761039053802016,0.0030860001061228104,1.0,0.0,0,0,0,nan,13.75,0.01466427542112974,0,0,nan,nan,0.7224999999999999,1.3864345703678593,0.04619989196455578,workspace_boundary_crossing,12,93b3275e2711fe4877f1e2efb09bec94e83d458937545c86b16e837dd106bd17
shoulder_relative,clamp,80,0.0017364285632574103,0.002954999672510894,1.0,0.0,0,0,0,nan,13.75,0.01466427542112974,0,0,nan,nan,0.7224999999999999,1.3864345703678593,0.04619989196455578,workspace_boundary_crossing,13,93b3275e2711fe4877f1e2efb09bec94e83d458937545c86b16e837dd106bd17
shoulder_relative,clamp,80,0.0017173376257339336,0.0029659995561814867,1.0,0.0,0,0,0,nan,13.75,0.01466427542112974,0,0,nan,nan,0.7224999999999999,1.3864345703678593,0.04619989196455578,workspace_boundary_crossing,14,93b3275e2711fe4877f1e2efb09bec94e83d458937545c86b16e837dd106bd17
shoulder_relative,clamp,80,0.0017447142962229516,0.0029560001166828442,1.0,0.0,0,0,0,nan,13.75,0.01466427542112974,0,0,nan,nan,0.7224999999999999,1.3864345703678593,0.04619989196455578,workspace_boundary_crossing,15,93b3275e2711fe4877f1e2efb09bec94e83d458937545c86b16e837dd106bd17
shoulder_relative,clamp,80,0.0017302727251439869,0.0032830002965056337,1.0,0.0,0,0,0,nan,13.75,0.01466427542112974,0,0,nan,nan,0.7224999999999999,1.3864345703678593,0.04619989196455578,workspace_boundary_crossing,16,93b3275e2711fe4877f1e2efb09bec94e83d458937545c86b16e837dd106bd17
shoulder_relative,clamp,80,0.0017405584133354881,0.0030050000532355625,1.0,0.0,0,0,0,nan,13.75,0.01466427542112974,0,0,nan,nan,0.7224999999999999,1.3864345703678593,0.04619989196455578,workspace_boundary_crossing,17,93b3275e2711fe4877f1e2efb09bec94e83d458937545c86b16e837dd106bd17
shoulder_relative,clamp,80,0.0017273116466274044,0.002975999905174831,1.0,0.0,0,0,0,nan,13.75,0.01466427542112974,0,0,nan,nan,0.7224999999999999,1.3864345703678593,0.04619989196455578,workspace_boundary_crossing,18,93b3275e2711fe4877f1e2efb09bec94e83d458937545c86b16e837dd106bd17
shoulder_relative,clamp,80,0.0016844025960924595,0.0029049997465335764,1.0,0.0,0,0,0,nan,13.75,0.01466427542112974,0,0,nan,nan,0.7224999999999999,1.3864345703678593,0.04619989196455578,workspace_boundary_crossing,19,93b3275e2711fe4877f1e2efb09bec94e83d458937545c86b16e837dd106bd17
shoulder_relative,clamp,80,0.0017226623274293703,0.003213999661966227,1.0,0.0,0,0,0,nan,13.75,0.01466427542112974,0,0,nan,nan,0.7224999999999999,1.3864345703678593,0.04619989196455578,workspace_boundary_crossing,20,93b3275e2711fe4877f1e2efb09bec94e83d458937545c86b16e837dd106bd17
shoulder_relative,clamp,80,0.0017255324919106343,0.0031280001167033333,1.0,0.0,0,0,0,nan,13.75,0.01466427542112974,0,0,nan,nan,0.7224999999999999,1.3864345703678593,0.04619989196455578,workspace_boundary_crossing,21,93b3275e2711fe4877f1e2efb09bec94e83d458937545c86b16e837dd106bd17
shoulder_relative,clamp,80,0.001774493491459659,0.0030770002013014164,1.0,0.0,0,0,0,nan,13.75,0.01466427542112974,0,0,nan,nan,0.7224999999999999,1.3864345703678593,0.04619989196455578,workspace_boundary_crossing,22,93b3275e2711fe4877f1e2efb09bec94e83d458937545c86b16e837dd106bd17
shoulder_relative,clamp,80,0.0016805973883764365,0.002946000222436851,1.0,0.0,0,0,0,nan,13.75,0.01466427542112974,0,0,nan,nan,0.7224999999999999,1.3864345703678593,0.04619989196455578,workspace_boundary_crossing,23,93b3275e2711fe4877f1e2efb09bec94e83d458937545c86b16e837dd106bd17
shoulder_relative,clamp,80,0.0017268960725126013,0.0030019996302144136,1.0,0.0,0,0,0,nan,13.75,0.01466427542112974,0,0,nan,nan,0.7224999999999999,1.3864345703678593,0.04619989196455578,workspace_boundary_crossing,24,93b3275e2711fe4877f1e2efb09bec94e83d458937545c86b16e837dd106bd17
shoulder_relative,clamp,80,0.0017470519751795663,0.0031549998311675154,1.0,0.0,0,0,0,nan,13.75,0.01466427542112974,0,0,nan,nan,0.7224999999999999,1.3864345703678593,0.04619989196455578,workspace_boundary_crossing,25,93b3275e2711fe4877f1e2efb09bec94e83d458937545c86b16e837dd106bd17
shoulder_relative,clamp,80,0.0017115714647595516,0.0031230001695803367,1.0,0.0,0,0,0,nan,13.75,0.01466427542112974,0,0,nan,nan,0.7224999999999999,1.3864345703678593,0.04619989196455578,workspace_boundary_crossing,26,93b3275e2711fe4877f1e2efb09bec94e83d458937545c86b16e837dd106bd17
shoulder_relative,clamp,80,0.0017049610328462954,0.0031219997254083864,1.0,0.0,0,0,0,nan,13.75,0.01466427542112974,0,0,nan,nan,0.7224999999999999,1.3864345703678593,0.04619989196455578,workspace_boundary_crossing,27,93b3275e2711fe4877f1e2efb09bec94e83d458937545c86b16e837dd106bd17
shoulder_relative,clamp,80,0.001696337670643055,0.0028659997042268515,1.0,0.0,0,0,0,nan,13.75,0.01466427542112974,0,0,nan,nan,0.7224999999999999,1.3864345703678593,0.04619989196455578,workspace_boundary_crossing,28,93b3275e2711fe4877f1e2efb09bec94e83d458937545c86b16e837dd106bd17
shoulder_relative,clamp,80,0.0018270909106820011,0.0034419999792589806,1.0,0.0,0,0,0,nan,13.75,0.01466427542112974,0,0,nan,nan,0.7224999999999999,1.3864345703678593,0.04619989196455578,workspace_boundary_crossing,29,93b3275e2711fe4877f1e2efb09bec94e83d458937545c86b16e837dd106bd17
shoulder_relative,clamp,80,0.001557389611673886,0.001776999852154404,1.0,0.0,0,0,0,nan,0.0,0.0,0,0,nan,nan,0.10999999999999999,0.3759563320108666,0.0,obstacle_intersection,0,eb8b7d9e4d56f3c375d373da04affa7b70db8f5bd7148d2d633754e2d36b962f
shoulder_relative,clamp,80,0.0014616233453456186,0.0016740000319259707,1.0,0.0,0,0,0,nan,0.0,0.0,0,0,nan,nan,0.10999999999999999,0.3759563320108666,0.0,obstacle_intersection,1,eb8b7d9e4d56f3c375d373da04affa7b70db8f5bd7148d2d633754e2d36b962f
shoulder_relative,clamp,80,0.0015105584597305015,0.001708000127109699,1.0,0.0,0,0,0,nan,0.0,0.0,0,0,nan,nan,0.10999999999999999,0.3759563320108666,0.0,obstacle_intersection,2,eb8b7d9e4d56f3c375d373da04affa7b70db8f5bd7148d2d633754e2d36b962f
shoulder_relative,clamp,80,0.0014400519263857293,0.0016569997569604311,1.0,0.0,0,0,0,nan,0.0,0.0,0,0,nan,nan,0.10999999999999999,0.3759563320108666,0.0,obstacle_intersection,3,eb8b7d9e4d56f3c375d373da04affa7b70db8f5bd7148d2d633754e2d36b962f
shoulder_relative,clamp,80,0.0014344675285180776,0.0016099997992569115,1.0,0.0,0,0,0,nan,0.0,0.0,0,0,nan,nan,0.10999999999999999,0.3759563320108666,0.0,obstacle_intersection,4,eb8b7d9e4d56f3c375d373da04affa7b70db8f5bd7148d2d633754e2d36b962f
shoulder_relative,clamp,80,0.0014438181734748197,0.0015890000213403255,1.0,0.0,0,0,0,nan,0.0,0.0,0,0,nan,nan,0.10999999999999999,0.3759563320108666,0.0,obstacle_intersection,5,eb8b7d9e4d56f3c375d373da04affa7b70db8f5bd7148d2d633754e2d36b962f
shoulder_relative,clamp,80,0.0014919090523556867,0.0016850003703439143,1.0,0.0,0,0,0,nan,0.0,0.0,0,0,nan,nan,0.10999999999999999,0.3759563320108666,0.0,obstacle_intersection,6,eb8b7d9e4d56f3c375d373da04affa7b70db8f5bd7148d2d633754e2d36b962f
shoulder_relative,clamp,80,0.0014924934971945318,0.0016710000636521727,1.0,0.0,0,0,0,nan,0.0,0.0,0,0,nan,nan,0.10999999999999999,0.3759563320108666,0.0,obstacle_intersection,7,eb8b7d9e4d56f3c375d373da04affa7b70db8f5bd7148d2d633754e2d36b962f
shoulder_relative,clamp,80,0.0014855584229192206,0.0016459998732898384,1.0,0.0,0,0,0,nan,0.0,0.0,0,0,nan,nan,0.10999999999999999,0.3759563320108666,0.0,obstacle_intersection,8,eb8b7d9e4d56f3c375d373da04affa7b70db8f5bd7148d2d633754e2d36b962f
shoulder_relative,clamp,80,0.001471831153623923,0.0016539997886866331,1.0,0.0,0,0,0,nan,0.0,0.0,0,0,nan,nan,0.10999999999999999,0.3759563320108666,0.0,obstacle_intersection,9,eb8b7d9e4d56f3c375d373da04affa7b70db8f5bd7148d2d633754e2d36b962f
shoulder_relative,clamp,80,0.001562350704474526,0.0017990000742429402,1.0,0.0,0,0,0,nan,0.0,0.0,0,0,nan,nan,0.10999999999999999,0.3759563320108666,0.0,obstacle_intersection,10,eb8b7d9e4d56f3c375d373da04affa7b70db8f5bd7148d2d633754e2d36b962f
shoulder_relative,clamp,80,0.0014889480624262503,0.0017009997463901527,1.0,0.0,0,0,0,nan,0.0,0.0,0,0,nan,nan,0.10999999999999999,0.3759563320108666,0.0,obstacle_intersection,11,eb8b7d9e4d56f3c375d373da04affa7b70db8f5bd7148d2d633754e2d36b962f
shoulder_relative,clamp,80,0.001489051945619784,0.0016170001799764577,1.0,0.0,0,0,0,nan,0.0,0.0,0,0,nan,nan,0.10999999999999999,0.3759563320108666,0.0,obstacle_intersection,12,eb8b7d9e4d56f3c375d373da04affa7b70db8f5bd7148d2d633754e2d36b962f
shoulder_relative,clamp,80,0.0014668181428497554,0.0016269996194751002,1.0,0.0,0,0,0,nan,0.0,0.0,0,0,nan,nan,0.10999999999999999,0.3759563320108666,0.0,obstacle_intersection,13,eb8b7d9e4d56f3c375d373da04affa7b70db8f5bd7148d2d633754e2d36b962f
shoulder_relative,clamp,80,0.0015282208114040731,0.0016740000319259707,1.0,0.0,0,0,0,nan,0.0,0.0,0,0,nan,nan,0.10999999999999999,0.3759563320108666,0.0,obstacle_intersection,14,eb8b7d9e4d56f3c375d373da04affa7b70db8f5bd7148d2d633754e2d36b962f
shoulder_relative,clamp,80,0.0014900649396374567,0.0016610001694061793,1.0,0.0,0,0,0,nan,0.0,0.0,0,0,nan,nan,0.10999999999999999,0.3759563320108666,0.0,obstacle_intersection,15,eb8b7d9e4d56f3c375d373da04affa7b70db8f5bd7148d2d633754e2d36b962f
shoulder_relative,clamp,80,0.0015247402814849637,0.0017500001376902219,1.0,0.0,0,0,0,nan,0.0,0.0,0,0,nan,nan,0.10999999999999999,0.3759563320108666,0.0,obstacle_intersection,16,eb8b7d9e4d56f3c375d373da04affa7b70db8f5bd7148d2d633754e2d36b962f
shoulder_relative,clamp,80,0.0014332077661457368,0.0016559997675358318,1.0,0.0,0,0,0,nan,0.0,0.0,0,0,nan,nan,0.10999999999999999,0.3759563320108666,0.0,obstacle_intersection,17,eb8b7d9e4d56f3c375d373da04affa7b70db8f5bd7148d2d633754e2d36b962f
shoulder_relative,clamp,80,0.0014998830825883394,0.001749999682942871,1.0,0.0,0,0,0,nan,0.0,0.0,0,0,nan,nan,0.10999999999999999,0.3759563320108666,0.0,obstacle_intersection,18,eb8b7d9e4d56f3c375d373da04affa7b70db8f5bd7148d2d633754e2d36b962f
shoulder_relative,clamp,80,0.0015452337543315302,0.0018129999261873309,1.0,0.0,0,0,0,nan,0.0,0.0,0,0,nan,nan,0.10999999999999999,0.3759563320108666,0.0,obstacle_intersection,19,eb8b7d9e4d56f3c375d373da04affa7b70db8f5bd7148d2d633754e2d36b962f
shoulder_relative,clamp,80,0.0015890908822233565,0.0017399997886968777,1.0,0.0,0,0,0,nan,0.0,0.0,0,0,nan,nan,0.10999999999999999,0.3759563320108666,0.0,obstacle_intersection,20,eb8b7d9e4d56f3c375d373da04affa7b70db8f5bd7148d2d633754e2d36b962f
shoulder_relative,clamp,80,0.0015037402614301778,0.0017059996935131494,1.0,0.0,0,0,0,nan,0.0,0.0,0,0,nan,nan,0.10999999999999999,0.3759563320108666,0.0,obstacle_intersection,21,eb8b7d9e4d56f3c375d373da04affa7b70db8f5bd7148d2d633754e2d36b962f
shoulder_relative,clamp,80,0.001484480547675615,0.0016459998732898384,1.0,0.0,0,0,0,nan,0.0,0.0,0,0,nan,nan,0.10999999999999999,0.3759563320108666,0.0,obstacle_intersection,22,eb8b7d9e4d56f3c375d373da04affa7b70db8f5bd7148d2d633754e2d36b962f
shoulder_relative,clamp,80,0.001469142882177204,0.001630000042496249,1.0,0.0,0,0,0,nan,0.0,0.0,0,0,nan,nan,0.10999999999999999,0.3759563320108666,0.0,obstacle_intersection,23,eb8b7d9e4d56f3c375d373da04affa7b70db8f5bd7148d2d633754e2d36b962f
shoulder_relative,clamp,80,0.0015204026236791503,0.0017030001799867023,1.0,0.0,0,0,0,nan,0.0,0.0,0,0,nan,nan,0.10999999999999999,0.3759563320108666,0.0,obstacle_intersection,24,eb8b7d9e4d56f3c375d373da04affa7b70db8f5bd7148d2d633754e2d36b962f
shoulder_relative,clamp,80,0.001580818165662508,0.0016770000001997687,1.0,0.0,0,0,0,nan,0.0,0.0,0,0,nan,nan,0.10999999999999999,0.3759563320108666,0.0,obstacle_intersection,25,eb8b7d9e4d56f3c375d373da04affa7b70db8f5bd7148d2d633754e2d36b962f
shoulder_relative,clamp,80,0.001469480493697474,0.001641999915591441,1.0,0.0,0,0,0,nan,0.0,0.0,0,0,nan,nan,0.10999999999999999,0.3759563320108666,0.0,obstacle_intersection,26,eb8b7d9e4d56f3c375d373da04affa7b70db8f5bd7148d2d633754e2d36b962f
shoulder_relative,clamp,80,0.0015114415613684937,0.001695999799267156,1.0,0.0,0,0,0,nan,0.0,0.0,0,0,nan,nan,0.10999999999999999,0.3759563320108666,0.0,obstacle_intersection,27,eb8b7d9e4d56f3c375d373da04affa7b70db8f5bd7148d2d633754e2d36b962f
shoulder_relative,clamp,80,0.0015091298975038355,0.0016459998732898384,1.0,0.0,0,0,0,nan,0.0,0.0,0,0,nan,nan,0.10999999999999999,0.3759563320108666,0.0,obstacle_intersection,28,eb8b7d9e4d56f3c375d373da04affa7b70db8f5bd7148d2d633754e2d36b962f
shoulder_relative,clamp,80,0.0014653896101521383,0.0016379999578930438,1.0,0.0,0,0,0,nan,0.0,0.0,0,0,nan,nan,0.10999999999999999,0.3759563320108666,0.0,obstacle_intersection,29,eb8b7d9e4d56f3c375d373da04affa7b70db8f5bd7148d2d633754e2d36b962f
shoulder_relative,cbf_qp,80,6.9769506882901675,9.859467000296718,1.0,0.0,0,0,0,nan,72.5,0.21992706609267101,0,0,0.014047069696928066,-0.03595293030307195,0.4183054907324671,1.5907576538063317,0.1366377457139501,horizontal_sweep,0,26144b426aae9b86aec45d41514b815fab3c472ce45eeeeb33e642d68ffef3f9
shoulder_relative,cbf_qp,80,7.004973857130443,9.934459999840328,1.0,0.0,0,0,0,nan,72.5,0.21992706609267101,0,0,0.014047069696928066,-0.03595293030307195,0.4183054907324671,1.5907576538063317,0.1366377457139501,horizontal_sweep,1,26144b426aae9b86aec45d41514b815fab3c472ce45eeeeb33e642d68ffef3f9
shoulder_relative,cbf_qp,80,7.015286350664398,9.911195999848132,1.0,0.0,0,0,0,nan,72.5,0.21992706609267101,0,0,0.014047069696928066,-0.03595293030307195,0.4183054907324671,1.5907576538063317,0.1366377457139501,horizontal_sweep,2,26144b426aae9b86aec45d41514b815fab3c472ce45eeeeb33e642d68ffef3f9
shoulder_relative,cbf_qp,80,7.152971649312739,10.138382000150159,1.0,0.0,0,0,0,nan,72.5,0.21992706609267101,0,0,0.014047069696928066,-0.03595293030307195,0.4183054907324671,1.5907576538063317,0.1366377457139501,horizontal_sweep,3,26144b426aae9b86aec45d41514b815fab3c472ce45eeeeb33e642d68ffef3f9
shoulder_relative,cbf_qp,80,7.143368129848793,10.11962799975663,1.0,0.0,0,0,0,nan,72.5,0.21992706609267101,0,0,0.014047069696928066,-0.03595293030307195,0.4183054907324671,1.5907576538063317,0.1366377457139501,horizontal_sweep,4,26144b426aae9b86aec45d41514b815fab3c472ce45eeeeb33e642d68ffef3f9
shoulder_relative,cbf_qp,80,7.140727311689734,10.071521000099892,1.0,0.0,0,0,0,nan,72.5,0.21992706609267101,0,0,0.014047069696928066,-0.03595293030307195,0.4183054907324671,1.5907576538063317,0.1366377457139501,horizontal_sweep,5,26144b426aae9b86aec45d41514b815fab3c472ce45eeeeb33e642d68ffef3f9
shoulder_relative,cbf_qp,80,7.148826000012413,10.090645999753178,1.0,0.0,0,0,0,nan,72.5,0.21992706609267101,0,0,0.014047069696928066,-0.03595293030307195,0.4183054907324671,1.5907576538063317,0.1366377457139501,horizontal_sweep,6,26144b426aae9b86aec45d41514b815fab3c472ce45eeeeb33e642d68ffef3f9
shoulder_relative,cbf_qp,80,7.150936675310283,10.10588999997708,1.0,0.0,0,0,0,nan,72.5,0.21992706609267101,0,0,0.014047069696928066,-0.03595293030307195,0.4183054907324671,1.5907576538063317,0.1366377457139501,horizontal_sweep,7,26144b426aae9b86aec45d41514b815fab3c472ce45eeeeb33e642d68ffef3f9
shoulder_relative,cbf_qp,80,7.175822999959729,10.168630999942252,1.0,0.0,0,0,0,nan,72.5,0.21992706609267101,0,0,0.014047069696928066,-0.03595293030307195,0.4183054907324671,1.5907576538063317,0.1366377457139501,horizontal_sweep,8,26144b426aae9b86aec45d41514b815fab3c472ce45eeeeb33e642d68ffef3f9
shoulder_relative,cbf_qp,80,7.177616753241719,10.140869999759161,1.0,0.0,0,0,0,nan,72.5,0.21992706609267101,0,0,0.014047069696928066,-0.03595293030307195,0.4183054907324671,1.5907576538063317,0.1366377457139501,horizontal_sweep,9,26144b426aae9b86aec45d41514b815fab3c472ce45eeeeb33e642d68ffef3f9
shoulder_relative,cbf_qp,80,7.139520467492955,10.095097999965219,1.0,0.0,0,0,0,nan,72.5,0.21992706609267101,0,0,0.014047069696928066,-0.03595293030307195,0.4183054907324671,1.5907576538063317,0.1366377457139501,horizontal_sweep,10,26144b426aae9b86aec45d41514b815fab3c472ce45eeeeb33e642d68ffef3f9
shoulder_relative,cbf_qp,80,7.137307961040113,10.078214999794,1.0,0.0,0,0,0,nan,72.5,0.21992706609267101,0,0,0.014047069696928066,-0.03595293030307195,0.4183054907324671,1.5907576538063317,0.1366377457139501,horizontal_sweep,11,26144b426aae9b86aec45d41514b815fab3c472ce45eeeeb33e642d68ffef3f9
shoulder_relative,cbf_qp,80,7.1553212467190495,10.101580000082322,1.0,0.0,0,0,0,nan,72.5,0.21992706609267101,0,0,0.014047069696928066,-0.03595293030307195,0.4183054907324671,1.5907576538063317,0.1366377457139501,horizontal_sweep,12,26144b426aae9b86aec45d41514b815fab3c472ce45eeeeb33e642d68ffef3f9
shoulder_relative,cbf_qp,80,7.160408246788877,10.116343999925448,1.0,0.0,0,0,0,nan,72.5,0.21992706609267101,0,0,0.014047069696928066,-0.03595293030307195,0.4183054907324671,1.5907576538063317,0.1366377457139501,horizontal_sweep,13,26144b426aae9b86aec45d41514b815fab3c472ce45eeeeb33e642d68ffef3f9
shoulder_relative,cbf_qp,80,7.119692662334793,10.063649000130681,1.0,0.0,0,0,0,nan,72.5,0.21992706609267101,0,0,0.014047069696928066,-0.03595293030307195,0.4183054907324671,1.5907576538063317,0.1366377457139501,horizontal_sweep,14,26144b426aae9b86aec45d41514b815fab3c472ce45eeeeb33e642d68ffef3f9
shoulder_relative,cbf_qp,80,7.143752935049137,10.079454999868176,1.0,0.0,0,0,0,nan,72.5,0.21992706609267101,0,0,0.014047069696928066,-0.03595293030307195,0.4183054907324671,1.5907576538063317,0.1366377457139501,horizontal_sweep,15,26144b426aae9b86aec45d41514b815fab3c472ce45eeeeb33e642d68ffef3f9
shoulder_relative,cbf_qp,80,7.160744792192371,10.130318999927113,1.0,0.0,0,0,0,nan,72.5,0.21992706609267101,0,0,0.014047069696928066,-0.03595293030307195,0.4183054907324671,1.5907576538063317,0.1366377457139501,horizontal_sweep,16,26144b426aae9b86aec45d41514b815fab3c472ce45eeeeb33e642d68ffef3f9
shoulder_relative,cbf_qp,80,7.153318870122903,10.119320999820047,1.0,0.0,0,0,0,nan,72.5,0.21992706609267101,0,0,0.014047069696928066,-0.03595293030307195,0.4183054907324671,1.5907576538063317,0.1366377457139501,horizontal_sweep,17,26144b426aae9b86aec45d41514b815fab3c472ce45eeeeb33e642d68ffef3f9
shoulder_relative,cbf_qp,80,7.176979337665606,10.20218100029524,1.0,0.0,0,0,0,nan,72.5,0.21992706609267101,0,0,0.014047069696928066,-0.03595293030307195,0.4183054907324671,1.5907576538063317,0.1366377457139501,horizontal_sweep,18,26144b426aae9b86aec45d41514b815fab3c472ce45eeeeb33e642d68ffef3f9
shoulder_relative,cbf_qp,80,7.15948233766256,10.136693000276864,1.0,0.0,0,0,0,nan,72.5,0.21992706609267101,0,0,0.014047069696928066,-0.03595293030307195,0.4183054907324671,1.5907576538063317,0.1366377457139501,horizontal_sweep,19,26144b426aae9b86aec45d41514b815fab3c472ce45eeeeb33e642d68ffef3f9
shoulder_relative,cbf_qp,80,7.187661402599883,10.287851000157389,1.0,0.0,0,0,0,nan,72.5,0.21992706609267101,0,0,0.014047069696928066,-0.03595293030307195,0.4183054907324671,1.5907576538063317,0.1366377457139501,horizontal_sweep,20,26144b426aae9b86aec45d41514b815fab3c472ce45eeeeb33e642d68ffef3f9
shoulder_relative,cbf_qp,80,7.143950337667302,10.110859999713284,1.0,0.0,0,0,0,nan,72.5,0.21992706609267101,0,0,0.014047069696928066,-0.03595293030307195,0.4183054907324671,1.5907576538063317,0.1366377457139501,horizontal_sweep,21,26144b426aae9b86aec45d41514b815fab3c472ce45eeeeb33e642d68ffef3f9
shoulder_relative,cbf_qp,80,7.1722005065106265,10.175110999625758,1.0,0.0,0,0,0,nan,72.5,0.21992706609267101,0,0,0.014047069696928066,-0.03595293030307195,0.4183054907324671,1.5907576538063317,0.1366377457139501,horizontal_sweep,22,26144b426aae9b86aec45d41514b815fab3c472ce45eeeeb33e642d68ffef3f9
shoulder_relative,cbf_qp,80,7.13548109092994,10.109250000368775,1.0,0.0,0,0,0,nan,72.5,0.21992706609267101,0,0,0.014047069696928066,-0.03595293030307195,0.4183054907324671,1.5907576538063317,0.1366377457139501,horizontal_sweep,23,26144b426aae9b86aec45d41514b815fab3c472ce45eeeeb33e642d68ffef3f9
shoulder_relative,cbf_qp,80,7.16194888314789,10.197016000347503,1.0,0.0,0,0,0,nan,72.5,0.21992706609267101,0,0,0.014047069696928066,-0.03595293030307195,0.4183054907324671,1.5907576538063317,0.1366377457139501,horizontal_sweep,24,26144b426aae9b86aec45d41514b815fab3c472ce45eeeeb33e642d68ffef3f9
shoulder_relative,cbf_qp,80,7.177752272730084,10.226375999991433,1.0,0.0,0,0,0,nan,72.5,0.21992706609267101,0,0,0.014047069696928066,-0.03595293030307195,0.4183054907324671,1.5907576538063317,0.1366377457139501,horizontal_sweep,25,26144b426aae9b86aec45d41514b815fab3c472ce45eeeeb33e642d68ffef3f9
shoulder_relative,cbf_qp,80,7.160609961008415,10.161357000015414,1.0,0.0,0,0,0,nan,72.5,0.21992706609267101,0,0,0.014047069696928066,-0.03595293030307195,0.4183054907324671,1.5907576538063317,0.1366377457139501,horizontal_sweep,26,26144b426aae9b86aec45d41514b815fab3c472ce45eeeeb33e642d68ffef3f9
shoulder_relative,cbf_qp,80,7.165352961042767,10.150232999876607,1.0,0.0,0,0,0,nan,72.5,0.21992706609267101,0,0,0.014047069696928066,-0.03595293030307195,0.4183054907324671,1.5907576538063317,0.1366377457139501,horizontal_sweep,27,26144b426aae9b86aec45d41514b815fab3c472ce45eeeeb33e642d68ffef3f9
shoulder_relative,cbf_qp,80,7.107494597386738,10.04152499990596,1.0,0.0,0,0,0,nan,72.5,0.21992706609267101,0,0,0.014047069696928066,-0.03595293030307195,0.4183054907324671,1.5907576538063317,0.1366377457139501,horizontal_sweep,28,26144b426aae9b86aec45d41514b815fab3c472ce45eeeeb33e642d68ffef3f9
shoulder_relative,cbf_qp,80,7.118120038964437,10.040177000064432,1.0,0.0,0,0,0,nan,72.5,0.21992706609267101,0,0,0.014047069696928066,-0.03595293030307195,0.4183054907324671,1.5907576538063317,0.1366377457139501,horizontal_sweep,29,26144b426aae9b86aec45d41514b815fab3c472ce45eeeeb33e642d68ffef3f9
shoulder_relative,cbf_qp,80,6.51033857139418,10.105531999670347,1.0,0.0,0,0,0,nan,66.25,0.20688809664724225,0,0,0.014047069696928066,-0.03595293030307195,0.34932408852726593,1.6677448434344877,0.12994039029396165,vertical_sweep,0,629272caf471f89606b5dd3049b26f55990e596954231224db53f6c031c7f5d0
shoulder_relative,cbf_qp,80,6.507809181803404,10.097193999627052,1.0,0.0,0,0,0,nan,66.25,0.20688809664724225,0,0,0.014047069696928066,-0.03595293030307195,0.34932408852726593,1.6677448434344877,0.12994039029396165,vertical_sweep,1,629272caf471f89606b5dd3049b26f55990e596954231224db53f6c031c7f5d0
shoulder_relative,cbf_qp,80,6.4939635454697076,10.097846000007848,1.0,0.0,0,0,0,nan,66.25,0.20688809664724225,0,0,0.014047069696928066,-0.03595293030307195,0.34932408852726593,1.6677448434344877,0.12994039029396165,vertical_sweep,2,629272caf471f89606b5dd3049b26f55990e596954231224db53f6c031c7f5d0
shoulder_relative,cbf_qp,80,6.475522662380432,10.098530000050232,1.0,0.0,0,0,0,nan,66.25,0.20688809664724225,0,0,0.014047069696928066,-0.03595293030307195,0.34932408852726593,1.6677448434344877,0.12994039029396165,vertical_sweep,3,629272caf471f89606b5dd3049b26f55990e596954231224db53f6c031c7f5d0
shoulder_relative,cbf_qp,80,6.498376766197813,10.09603500006051,1.0,0.0,0,0,0,nan,66.25,0.20688809664724225,0,0,0.014047069696928066,-0.03595293030307195,0.34932408852726593,1.6677448434344877,0.12994039029396165,vertical_sweep,4,629272caf471f89606b5dd3049b26f55990e596954231224db53f6c031c7f5d0
shoulder_relative,cbf_qp,80,6.488682623347069,10.070720999920013,1.0,0.0,0,0,0,nan,66.25,0.20688809664724225,0,0,0.014047069696928066,-0.03595293030307195,0.34932408852726593,1.6677448434344877,0.12994039029396165,vertical_sweep,5,629272caf471f89606b5dd3049b26f55990e596954231224db53f6c031c7f5d0
shoulder_relative,cbf_qp,80,6.476499389558645,10.052735000044777,1.0,0.0,0,0,0,nan,66.25,0.20688809664724225,0,0,0.014047069696928066,-0.03595293030307195,0.34932408852726593,1.6677448434344877,0.12994039029396165,vertical_sweep,6,629272caf471f89606b5dd3049b26f55990e596954231224db53f6c031c7f5d0
shoulder_relative,cbf_qp,80,6.505170961054909,10.097557999870332,1.0,0.0,0,0,0,nan,66.25,0.20688809664724225,0,0,0.014047069696928066,-0.03595293030307195,0.34932408852726593,1.6677448434344877,0.12994039029396165,vertical_sweep,7,629272caf471f89606b5dd3049b26f55990e596954231224db53f6c031c7f5d0
shoulder_relative,cbf_qp,80,6.4919181558217165,10.073436999846308,1.0,0.0,0,0,0,nan,66.25,0.20688809664724225,0,0,0.014047069696928066,-0.03595293030307195,0.34932408852726593,1.6677448434344877,0.12994039029396165,vertical_sweep,8,629272caf471f89606b5dd3049b26f55990e596954231224db53f6c031c7f5d0
shoulder_relative,cbf_qp,80,6.510550896091917,10.111065000273811,1.0,0.0,0,0,0,nan,66.25,0.20688809664724225,0,0,0.014047069696928066,-0.03595293030307195,0.34932408852726593,1.6677448434344877,0.12994039029396165,vertical_sweep,9,629272caf471f89606b5dd3049b26f55990e596954231224db53f6c031c7f5d0
shoulder_relative,cbf_qp,80,6.489442285706522,10.06824299975051,1.0,0.0,0,0,0,nan,66.25,0.20688809664724225,0,0,0.014047069696928066,-0.03595293030307195,0.34932408852726593,1.6677448434344877,0.12994039029396165,vertical_sweep,10,629272caf471f89606b5dd3049b26f55990e596954231224db53f6c031c7f5d0
shoulder_relative,cbf_qp,80,6.509549740317139,10.119742999904702,1.0,0.0,0,0,0,nan,66.25,0.20688809664724225,0,0,0.014047069696928066,-0.03595293030307195,0.34932408852726593,1.6677448434344877,0.12994039029396165,vertical_sweep,11,629272caf471f89606b5dd3049b26f55990e596954231224db53f6c031c7f5d0
shoulder_relative,cbf_qp,80,6.513462454535471,10.112542000115354,1.0,0.0,0,0,0,nan,66.25,0.20688809664724225,0,0,0.014047069696928066,-0.03595293030307195,0.34932408852726593,1.6677448434344877,0.12994039029396165,vertical_sweep,12,629272caf471f89606b5dd3049b26f55990e596954231224db53f6c031c7f5d0
shoulder_relative,cbf_qp,80,6.530490584412162,10.194240999680915,1.0,0.0,0,0,0,nan,66.25,0.20688809664724225,0,0,0.014047069696928066,-0.03595293030307195,0.34932408852726593,1.6677448434344877,0.12994039029396165,vertical_sweep,13,629272caf471f89606b5dd3049b26f55990e596954231224db53f6c031c7f5d0
shoulder_relative,cbf_qp,80,6.504265831177666,10.101526000198646,1.0,0.0,0,0,0,nan,66.25,0.20688809664724225,0,0,0.014047069696928066,-0.03595293030307195,0.34932408852726593,1.6677448434344877,0.12994039029396165,vertical_sweep,14,629272caf471f89606b5dd3049b26f55990e596954231224db53f6c031c7f5d0
shoulder_relative,cbf_qp,80,6.509827805211308,10.106795999945462,1.0,0.0,0,0,0,nan,66.25,0.20688809664724225,0,0,0.014047069696928066,-0.03595293030307195,0.34932408852726593,1.6677448434344877,0.12994039029396165,vertical_sweep,15,629272caf471f89606b5dd3049b26f55990e596954231224db53f6c031c7f5d0
shoulder_relative,cbf_qp,80,6.514639883075039,10.116624000147567,1.0,0.0,0,0,0,nan,66.25,0.20688809664724225,0,0,0.014047069696928066,-0.03595293030307195,0.34932408852726593,1.6677448434344877,0.12994039029396165,vertical_sweep,16,629272caf471f89606b5dd3049b26f55990e596954231224db53f6c031c7f5d0
shoulder_relative,cbf_qp,80,6.511139857180255,10.134426000149688,1.0,0.0,0,0,0,nan,66.25,0.20688809664724225,0,0,0.014047069696928066,-0.03595293030307195,0.34932408852726593,1.6677448434344877,0.12994039029396165,vertical_sweep,17,629272caf471f89606b5dd3049b26f55990e596954231224db53f6c031c7f5d0
shoulder_relative,cbf_qp,80,6.498313610360104,10.097431000303914,1.0,0.0,0,0,0,nan,66.25,0.20688809664724225,0,0,0.014047069696928066,-0.03595293030307195,0.34932408852726593,1.6677448434344877,0.12994039029396165,vertical_sweep,18,629272caf471f89606b5dd3049b26f55990e596954231224db53f6c031c7f5d0
shoulder_relative,cbf_qp,80,6.491563999990429,10.062616000141134,1.0,0.0,0,0,0,nan,66.25,0.20688809664724225,0,0,0.014047069696928066,-0.03595293030307195,0.34932408852726593,1.6677448434344877,0.12994039029396165,vertical_sweep,19,629272caf471f89606b5dd3049b26f55990e596954231224db53f6c031c7f5d0
shoulder_relative,cbf_qp,80,6.519541649347295,10.13972000009744,1.0,0.0,0,0,0,nan,66.25,0.20688809664724225,0,0,0.014047069696928066,-0.03595293030307195,0.34932408852726593,1.6677448434344877,0.12994039029396165,vertical_sweep,20,629272caf471f89606b5dd3049b26f55990e596954231224db53f6c031c7f5d0
shoulder_relative,cbf_qp,80,6.5071940389552525,10.154349000004004,1.0,0.0,0,0,0,nan,66.25,0.20688809664724225,0,0,0.014047069696928066,-0.03595293030307195,0.34932408852726593,1.6677448434344877,0.12994039029396165,vertical_sweep,21,629272caf471f89606b5dd3049b26f55990e596954231224db53f6c031c7f5d0
shoulder_relative,cbf_qp,80,6.52116089608549,10.175931000048877,1.0,0.0,0,0,0,nan,66.25,0.20688809664724225,0,0,0.014047069696928066,-0.03595293030307195,0.34932408852726593,1.6677448434344877,0.12994039029396165,vertical_sweep,22,629272caf471f89606b5dd3049b26f55990e596954231224db53f6c031c7f5d0
shoulder_relative,cbf_qp,80,6.502866233788225,10.137814000245271,1.0,0.0,0,0,0,nan,66.25,0.20688809664724225,0,0,0.014047069696928066,-0.03595293030307195,0.34932408852726593,1.6677448434344877,0.12994039029396165,vertical_sweep,23,629272caf471f89606b5dd3049b26f55990e596954231224db53f6c031c7f5d0
shoulder_relative,cbf_qp,80,6.5138717013133505,10.128661999715405,1.0,0.0,0,0,0,nan,66.25,0.20688809664724225,0,0,0.014047069696928066,-0.03595293030307195,0.34932408852726593,1.6677448434344877,0.12994039029396165,vertical_sweep,24,629272caf471f89606b5dd3049b26f55990e596954231224db53f6c031c7f5d0
shoulder_relative,cbf_qp,80,6.5159277922177425,10.158633000173722,1.0,0.0,0,0,0,nan,66.25,0.20688809664724225,0,0,0.014047069696928066,-0.03595293030307195,0.34932408852726593,1.6677448434344877,0.12994039029396165,vertical_sweep,25,629272caf471f89606b5dd3049b26f55990e596954231224db53f6c031c7f5d0
shoulder_relative,cbf_qp,80,6.524287584403731,10.144736999791348,1.0,0.0,0,0,0,nan,66.25,0.20688809664724225,0,0,0.014047069696928066,-0.03595293030307195,0.34932408852726593,1.6677448434344877,0.12994039029396165,vertical_sweep,26,629272caf471f89606b5dd3049b26f55990e596954231224db53f6c031c7f5d0
shoulder_relative,cbf_qp,80,6.5340875194892,10.14448000023549,1.0,0.0,0,0,0,nan,66.25,0.20688809664724225,0,0,0.014047069696928066,-0.03595293030307195,0.34932408852726593,1.6677448434344877,0.12994039029396165,vertical_sweep,27,629272caf471f89606b5dd3049b26f55990e596954231224db53f6c031c7f5d0
shoulder_relative,cbf_qp,80,6.503067233765038,10.13059799970506,1.0,0.0,0,0,0,nan,66.25,0.20688809664724225,0,0,0.014047069696928066,-0.03595293030307195,0.34932408852726593,1.6677448434344877,0.12994039029396165,vertical_sweep,28,629272caf471f89606b5dd3049b26f55990e596954231224db53f6c031c7f5d0
shoulder_relative,cbf_qp,80,6.514579935031049,10.092428000007203,1.0,0.0,0,0,0,nan,66.25,0.20688809664724225,0,0,0.014047069696928066,-0.03595293030307195,0.34932408852726593,1.6677448434344877,0.12994039029396165,vertical_sweep,29,629272caf471f89606b5dd3049b26f55990e596954231224db53f6c031c7f5d0
shoulder_relative,cbf_qp,80,9.428936649340345,10.05850499996086,1.0,0.0,0,0,0,nan,95.0,0.19964691695370335,0,0,0.014047069696928066,-0.03595293030307195,0.518752937220869,1.3161117200518844,0.1321417530045672,circle,0,42247944be5fa752a9f29712f2ed675af5ff74baede5f2e22e5f68a3c6c543d3
shoulder_relative,cbf_qp,80,9.48286941554936,10.211620000063704,1.0,0.0,0,0,0,nan,95.0,0.19964691695370335,0,0,0.014047069696928066,-0.03595293030307195,0.518752937220869,1.3161117200518844,0.1321417530045672,circle,1,42247944be5fa752a9f29712f2ed675af5ff74baede5f2e22e5f68a3c6c543d3
shoulder_relative,cbf_qp,80,9.444227649356588,10.06159700000353,1.0,0.0,0,0,0,nan,95.0,0.19964691695370335,0,0,0.014047069696928066,-0.03595293030307195,0.518752937220869,1.3161117200518844,0.1321417530045672,circle,2,42247944be5fa752a9f29712f2ed675af5ff74baede5f2e22e5f68a3c6c543d3
shoulder_relative,cbf_qp,80,9.460509220778997,10.112544000094204,1.0,0.0,0,0,0,nan,95.0,0.19964691695370335,0,0,0.014047069696928066,-0.03595293030307195,0.518752937220869,1.3161117200518844,0.1321417530045672,circle,3,42247944be5fa752a9f29712f2ed675af5ff74baede5f2e22e5f68a3c6c543d3
shoulder_relative,cbf_qp,80,9.438812792215284,10.070891999930609,1.0,0.0,0,0,0,nan,95.0,0.19964691695370335,0,0,0.014047069696928066,-0.03595293030307195,0.518752937220869,1.3161117200518844,0.1321417530045672,circle,4,42247944be5fa752a9f29712f2ed675af5ff74baede5f2e22e5f68a3c6c543d3
shoulder_relative,cbf_qp,80,9.45689133765303,10.092265999901429,1.0,0.0,0,0,0,nan,95.0,0.19964691695370335,0,0,0.014047069696928066,-0.03595293030307195,0.518752937220869,1.3161117200518844,0.1321417530045672,circle,5,42247944be5fa752a9f29712f2ed675af5ff74baede5f2e22e5f68a3c6c543d3
shoulder_relative,cbf_qp,80,9.473087610384429,10.10704899999837,1.0,0.0,0,0,0,nan,95.0,0.19964691695370335,0,0,0.014047069696928066,-0.03595293030307195,0.518752937220869,1.3161117200518844,0.1321417530045672,circle,6,42247944be5fa752a9f29712f2ed675af5ff74baede5f2e22e5f68a3c6c543d3
shoulder_relative,cbf_qp,80,9.43904428571274,10.057451000193396,1.0,0.0,0,0,0,nan,95.0,0.19964691695370335,0,0,0.014047069696928066,-0.03595293030307195,0.518752937220869,1.3161117200518844,0.1321417530045672,circle,7,42247944be5fa752a9f29712f2ed675af5ff74baede5f2e22e5f68a3c6c543d3
shoulder_relative,cbf_qp,80,9.475103701333865,10.17234799974176,1.0,0.0,0,0,0,nan,95.0,0.19964691695370335,0,0,0.014047069696928066,-0.03595293030307195,0.518752937220869,1.3161117200518844,0.1321417530045672,circle,8,42247944be5fa752a9f29712f2ed675af5ff74baede5f2e22e5f68a3c6c543d3
shoulder_relative,cbf_qp,80,9.406606805205465,10.025303000020358,1.0,0.0,0,0,0,nan,95.0,0.19964691695370335,0,0,0.014047069696928066,-0.03595293030307195,0.518752937220869,1.3161117200518844,0.1321417530045672,circle,9,42247944be5fa752a9f29712f2ed675af5ff74baede5f2e22e5f68a3c6c543d3
shoulder_relative,cbf_qp,80,9.493069545459985,10.17560600030265,1.0,0.0,0,0,0,nan,95.0,0.19964691695370335,0,0,0.014047069696928066,-0.03595293030307195,0.518752937220869,1.3161117200518844,0.1321417530045672,circle,10,42247944be5fa752a9f29712f2ed675af5ff74baede5f2e22e5f68a3c6c543d3
shoulder_relative,cbf_qp,80,9.442762662357298,10.119683000084478,1.0,0.0,0,0,0,nan,95.0,0.19964691695370335,0,0,0.014047069696928066,-0.03595293030307195,0.518752937220869,1.3161117200518844,0.1321417530045672,circle,11,42247944be5fa752a9f29712f2ed675af5ff74baede5f2e22e5f68a3c6c543d3
shoulder_relative,cbf_qp,80,9.477389779181362,10.11408099975597,1.0,0.0,0,0,0,nan,95.0,0.19964691695370335,0,0,0.014047069696928066,-0.03595293030307195,0.518752937220869,1.3161117200518844,0.1321417530045672,circle,12,42247944be5fa752a9f29712f2ed675af5ff74baede5f2e22e5f68a3c6c543d3
shoulder_relative,cbf_qp,80,9.469038831187614,10.140998999759177,1.0,0.0,0,0,0,nan,95.0,0.19964691695370335,0,0,0.014047069696928066,-0.03595293030307195,0.518752937220869,1.3161117200518844,0.1321417530045672,circle,13,42247944be5fa752a9f29712f2ed675af5ff74baede5f2e22e5f68a3c6c543d3
shoulder_relative,cbf_qp,80,9.52135377920885,10.284353999850282,1.0,0.0,0,0,0,nan,95.0,0.19964691695370335,0,0,0.014047069696928066,-0.03595293030307195,0.518752937220869,1.3161117200518844,0.1321417530045672,circle,14,42247944be5fa752a9f29712f2ed675af5ff74baede5f2e22e5f68a3c6c543d3
shoulder_relative,cbf_qp,80,9.473796090882294,10.122896000211767,1.0,0.0,0,0,0,nan,95.0,0.19964691695370335,0,0,0.014047069696928066,-0.03595293030307195,0.518752937220869,1.3161117200518844,0.1321417530045672,circle,15,42247944be5fa752a9f29712f2ed675af5ff74baede5f2e22e5f68a3c6c543d3
shoulder_relative,cbf_qp,80,9.48188992207214,10.152318000109517,1.0,0.0,0,0,0,nan,95.0,0.19964691695370335,0,0,0.014047069696928066,-0.03595293030307195,0.518752937220869,1.3161117200518844,0.1321417530045672,circle,16,42247944be5fa752a9f29712f2ed675af5ff74baede5f2e22e5f68a3c6c543d3
shoulder_relative,cbf_qp,80,9.45376614284911,10.131887000170536,1.0,0.0,0,0,0,nan,95.0,0.19964691695370335,0,0,0.014047069696928066,-0.03595293030307195,0.518752937220869,1.3161117200518844,0.1321417530045672,circle,17,42247944be5fa752a9f29712f2ed675af5ff74baede5f2e22e5f68a3c6c543d3
shoulder_relative,cbf_qp,80,9.465773987039348,10.093027000039001,1.0,0.0,0,0,0,nan,95.0,0.19964691695370335,0,0,0.014047069696928066,-0.03595293030307195,0.518752937220869,1.3161117200518844,0.1321417530045672,circle,18,42247944be5fa752a9f29712f2ed675af5ff74baede5f2e22e5f68a3c6c543d3
shoulder_relative,cbf_qp,80,9.484479986954225,10.181068999827403,1.0,0.0,0,0,0,nan,95.0,0.19964691695370335,0,0,0.014047069696928066,-0.03595293030307195,0.518752937220869,1.3161117200518844,0.1321417530045672,circle,19,42247944be5fa752a9f29712f2ed675af5ff74baede5f2e22e5f68a3c6c543d3
shoulder_relative,cbf_qp,80,9.485522766267836,10.147593000056077,1.0,0.0,0,0,0,nan,95.0,0.19964691695370335,0,0,0.014047069696928066,-0.03595293030307195,0.518752937220869,1.3161117200518844,0.1321417530045672,circle,20,42247944be5fa752a9f29712f2ed675af5ff74baede5f2e22e5f68a3c6c543d3
shoulder_relative,cbf_qp,80,9.439552961049975,10.111613999924884,1.0,0.0,0,0,0,nan,95.0,0.19964691695370335,0,0,0.014047069696928066,-0.03595293030307195,0.518752937220869,1.3161117200518844,0.1321417530045672,circle,21,42247944be5fa752a9f29712f2ed675af5ff74baede5f2e22e5f68a3c6c543d3
shoulder_relative,cbf_qp,80,9.460580220795897,10.096013999827846,1.0,0.0,0,0,0,nan,95.0,0.19964691695370335,0,0,0.014047069696928066,-0.03595293030307195,0.518752937220869,1.3161117200518844,0.1321417530045672,circle,22,42247944be5fa752a9f29712f2ed675af5ff74baede5f2e22e5f68a3c6c543d3
shoulder_relative,cbf_qp,80,9.47939509092952,10.199261999787268,1.0,0.0,0,0,0,nan,95.0,0.19964691695370335,0,0,0.014047069696928066,-0.03595293030307195,0.518752937220869,1.3161117200518844,0.1321417530045672,circle,23,42247944be5fa752a9f29712f2ed675af5ff74baede5f2e22e5f68a3c6c543d3
shoulder_relative,cbf_qp,80,9.496844051959847,10.178547999657894,1.0,0.0,0,0,0,nan,95.0,0.19964691695370335,0,0,0.014047069696928066,-0.03595293030307195,0.518752937220869,1.3161117200518844,0.1321417530045672,circle,24,42247944be5fa752a9f29712f2ed675af5ff74baede5f2e22e5f68a3c6c543d3
shoulder_relative,cbf_qp,80,9.388280350670463,10.001955000007001,1.0,0.0,0,0,0,nan,95.0,0.19964691695370335,0,0,0.014047069696928066,-0.03595293030307195,0.518752937220869,1.3161117200518844,0.1321417530045672,circle,25,42247944be5fa752a9f29712f2ed675af5ff74baede5f2e22e5f68a3c6c543d3
shoulder_relative,cbf_qp,80,9.51309884414348,10.170897000080004,1.0,0.0,0,0,0,nan,95.0,0.19964691695370335,0,0,0.014047069696928066,-0.03595293030307195,0.518752937220869,1.3161117200518844,0.1321417530045672,circle,26,42247944be5fa752a9f29712f2ed675af5ff74baede5f2e22e5f68a3c6c543d3
shoulder_relative,cbf_qp,80,9.492310532426597,10.217788999852928,1.0,0.0,0,0,0,nan,95.0,0.19964691695370335,0,0,0.014047069696928066,-0.03595293030307195,0.518752937220869,1.3161117200518844,0.1321417530045672,circle,27,42247944be5fa752a9f29712f2ed675af5ff74baede5f2e22e5f68a3c6c543d3
shoulder_relative,cbf_qp,80,9.461212467506918,10.12717599996904,1.0,0.0,0,0,0,nan,95.0,0.19964691695370335,0,0,0.014047069696928066,-0.03595293030307195,0.518752937220869,1.3161117200518844,0.1321417530045672,circle,28,42247944be5fa752a9f29712f2ed675af5ff74baede5f2e22e5f68a3c6c543d3
shoulder_relative,cbf_qp,80,9.445049207797284,10.067254999739816,1.0,0.0,0,0,0,nan,95.0,0.19964691695370335,0,0,0.014047069696928066,-0.03595293030307195,0.518752937220869,1.3161117200518844,0.1321417530045672,circle,29,42247944be5fa752a9f29712f2ed675af5ff74baede5f2e22e5f68a3c6c543d3
shoulder_relative,cbf_qp,80,9.08095709086434,10.101821999796812,1.0,0.0,0,0,0,nan,91.25,0.22434717288637915,0,0,0.01396204247150483,-0.03603795752849519,0.4791872925599632,1.5330737069357043,0.1729441960950557,figure_eight,0,f46a8a506ac6b057895c618ac2d52f6526ea2c9ea28c00e1f30d80f87b624740
shoulder_relative,cbf_qp,80,9.102531000032535,10.172186000090733,1.0,0.0,0,0,0,nan,91.25,0.22434717288637915,0,0,0.01396204247150483,-0.03603795752849519,0.4791872925599632,1.5330737069357043,0.1729441960950557,figure_eight,1,f46a8a506ac6b057895c618ac2d52f6526ea2c9ea28c00e1f30d80f87b624740
shoulder_relative,cbf_qp,80,9.076497532461943,10.0889229997847,1.0,0.0,0,0,0,nan,91.25,0.22434717288637915,0,0,0.01396204247150483,-0.03603795752849519,0.4791872925599632,1.5330737069357043,0.1729441960950557,figure_eight,2,f46a8a506ac6b057895c618ac2d52f6526ea2c9ea28c00e1f30d80f87b624740
shoulder_relative,cbf_qp,80,9.060820402589945,10.088041000017256,1.0,0.0,0,0,0,nan,91.25,0.22434717288637915,0,0,0.01396204247150483,-0.03603795752849519,0.4791872925599632,1.5330737069357043,0.1729441960950557,figure_eight,3,f46a8a506ac6b057895c618ac2d52f6526ea2c9ea28c00e1f30d80f87b624740
shoulder_relative,cbf_qp,80,9.088733376621029,10.099052999976266,1.0,0.0,0,0,0,nan,91.25,0.22434717288637915,0,0,0.01396204247150483,-0.03603795752849519,0.4791872925599632,1.5330737069357043,0.1729441960950557,figure_eight,4,f46a8a506ac6b057895c618ac2d52f6526ea2c9ea28c00e1f30d80f87b624740
shoulder_relative,cbf_qp,80,9.081534337655013,10.116364000168687,1.0,0.0,0,0,0,nan,91.25,0.22434717288637915,0,0,0.01396204247150483,-0.03603795752849519,0.4791872925599632,1.5330737069357043,0.1729441960950557,figure_eight,5,f46a8a506ac6b057895c618ac2d52f6526ea2c9ea28c00e1f30d80f87b624740
shoulder_relative,cbf_qp,80,9.10174744157385,10.148855999887019,1.0,0.0,0,0,0,nan,91.25,0.22434717288637915,0,0,0.01396204247150483,-0.03603795752849519,0.4791872925599632,1.5330737069357043,0.1729441960950557,figure_eight,6,f46a8a506ac6b057895c618ac2d52f6526ea2c9ea28c00e1f30d80f87b624740
shoulder_relative,cbf_qp,80,9.070877805219448,10.105371000008745,1.0,0.0,0,0,0,nan,91.25,0.22434717288637915,0,0,0.01396204247150483,-0.03603795752849519,0.4791872925599632,1.5330737069357043,0.1729441960950557,figure_eight,7,f46a8a506ac6b057895c618ac2d52f6526ea2c9ea28c00e1f30d80f87b624740
shoulder_relative,cbf_qp,80,9.075212857151673,10.12145499998951,1.0,0.0,0,0,0,nan,91.25,0.22434717288637915,0,0,0.01396204247150483,-0.03603795752849519,0.4791872925599632,1.5330737069357043,0.1729441960950557,figure_eight,8,f46a8a506ac6b057895c618ac2d52f6526ea2c9ea28c00e1f30d80f87b624740
shoulder_relative,cbf_qp,80,9.086300337599681,10.108341999966797,1.0,0.0,0,0,0,nan,91.25,0.22434717288637915,0,0,0.01396204247150483,-0.03603795752849519,0.4791872925599632,1.5330737069357043,0.1729441960950557,figure_eight,9,f46a8a506ac6b057895c618ac2d52f6526ea2c9ea28c00e1f30d80f87b624740
shoulder_relative,cbf_qp,80,9.029625935064749,10.06757799996194,1.0,0.0,0,0,0,nan,91.25,0.22434717288637915,0,0,0.01396204247150483,-0.03603795752849519,0.4791872925599632,1.5330737069357043,0.1729441960950557,figure_eight,10,f46a8a506ac6b057895c618ac2d52f6526ea2c9ea28c00e1f30d80f87b624740
shoulder_relative,cbf_qp,80,9.035851961028117,10.06848999986687,1.0,0.0,0,0,0,nan,91.25,0.22434717288637915,0,0,0.01396204247150483,-0.03603795752849519,0.4791872925599632,1.5330737069357043,0.1729441960950557,figure_eight,11,f46a8a506ac6b057895c618ac2d52f6526ea2c9ea28c00e1f30d80f87b624740
shoulder_relative,cbf_qp,80,9.081873298705963,10.128266999799962,1.0,0.0,0,0,0,nan,91.25,0.22434717288637915,0,0,0.01396204247150483,-0.03603795752849519,0.4791872925599632,1.5330737069357043,0.1729441960950557,figure_eight,12,f46a8a506ac6b057895c618ac2d52f6526ea2c9ea28c00e1f30d80f87b624740
shoulder_relative,cbf_qp,80,9.076974064874456,10.072595000110596,1.0,0.0,0,0,0,nan,91.25,0.22434717288637915,0,0,0.01396204247150483,-0.03603795752849519,0.4791872925599632,1.5330737069357043,0.1729441960950557,figure_eight,13,f46a8a506ac6b057895c618ac2d52f6526ea2c9ea28c00e1f30d80f87b624740
shoulder_relative,cbf_qp,80,9.051768077907498,10.067247999813844,1.0,0.0,0,0,0,nan,91.25,0.22434717288637915,0,0,0.01396204247150483,-0.03603795752849519,0.4791872925599632,1.5330737069357043,0.1729441960950557,figure_eight,14,f46a8a506ac6b057895c618ac2d52f6526ea2c9ea28c00e1f30d80f87b624740
shoulder_relative,cbf_qp,80,9.095051558428427,10.130425000170362,1.0,0.0,0,0,0,nan,91.25,0.22434717288637915,0,0,0.01396204247150483,-0.03603795752849519,0.4791872925599632,1.5330737069357043,0.1729441960950557,figure_eight,15,f46a8a506ac6b057895c618ac2d52f6526ea2c9ea28c00e1f30d80f87b624740
shoulder_relative,cbf_qp,80,9.043055571451136,10.0608480001938,1.0,0.0,0,0,0,nan,91.25,0.22434717288637915,0,0,0.01396204247150483,-0.03603795752849519,0.4791872925599632,1.5330737069357043,0.1729441960950557,figure_eight,16,f46a8a506ac6b057895c618ac2d52f6526ea2c9ea28c00e1f30d80f87b624740
shoulder_relative,cbf_qp,80,9.063607831170907,10.11599200001001,1.0,0.0,0,0,0,nan,91.25,0.22434717288637915,0,0,0.01396204247150483,-0.03603795752849519,0.4791872925599632,1.5330737069357043,0.1729441960950557,figure_eight,17,f46a8a506ac6b057895c618ac2d52f6526ea2c9ea28c00e1f30d80f87b624740
shoulder_relative,cbf_qp,80,9.096546740273844,10.110169999734353,1.0,0.0,0,0,0,nan,91.25,0.22434717288637915,0,0,0.01396204247150483,-0.03603795752849519,0.4791872925599632,1.5330737069357043,0.1729441960950557,figure_eight,18,f46a8a506ac6b057895c618ac2d52f6526ea2c9ea28c00e1f30d80f87b624740
shoulder_relative,cbf_qp,80,9.080643961016147,10.115687000052276,1.0,0.0,0,0,0,nan,91.25,0.22434717288637915,0,0,0.01396204247150483,-0.03603795752849519,0.4791872925599632,1.5330737069357043,0.1729441960950557,figure_eight,19,f46a8a506ac6b057895c618ac2d52f6526ea2c9ea28c00e1f30d80f87b624740
shoulder_relative,cbf_qp,80,9.097457168831784,10.171876000185875,1.0,0.0,0,0,0,nan,91.25,0.22434717288637915,0,0,0.01396204247150483,-0.03603795752849519,0.4791872925599632,1.5330737069357043,0.1729441960950557,figure_eight,20,f46a8a506ac6b057895c618ac2d52f6526ea2c9ea28c00e1f30d80f87b624740
shoulder_relative,cbf_qp,80,9.045074818193637,10.119457000200782,1.0,0.0,0,0,0,nan,91.25,0.22434717288637915,0,0,0.01396204247150483,-0.03603795752849519,0.4791872925599632,1.5330737069357043,0.1729441960950557,figure_eight,21,f46a8a506ac6b057895c618ac2d52f6526ea2c9ea28c00e1f30d80f87b624740
shoulder_relative,cbf_qp,80,9.095631545414427,10.113341999840486,1.0,0.0,0,0,0,nan,91.25,0.22434717288637915,0,0,0.01396204247150483,-0.03603795752849519,0.4791872925599632,1.5330737069357043,0.1729441960950557,figure_eight,22,f46a8a506ac6b057895c618ac2d52f6526ea2c9ea28c00e1f30d80f87b624740
shoulder_relative,cbf_qp,80,9.09305080518583,10.13395500012848,1.0,0.0,0,0,0,nan,91.25,0.22434717288637915,0,0,0.01396204247150483,-0.03603795752849519,0.4791872925599632,1.5330737069357043,0.1729441960950557,figure_eight,23,f46a8a506ac6b057895c618ac2d52f6526ea2c9ea28c00e1f30d80f87b624740
shoulder_relative,cbf_qp,80,9.099171532462995,10.16125700016346,1.0,0.0,0,0,0,nan,91.25,0.22434717288637915,0,0,0.01396204247150483,-0.03603795752849519,0.4791872925599632,1.5330737069357043,0.1729441960950557,figure_eight,24,f46a8a506ac6b057895c618ac2d52f6526ea2c9ea28c00e1f30d80f87b624740
shoulder_relative,cbf_qp,80,9.070585597405094,10.087049000048864,1.0,0.0,0,0,0,nan,91.25,0.22434717288637915,0,0,0.01396204247150483,-0.03603795752849519,0.4791872925599632,1.5330737069357043,0.1729441960950557,figure_eight,25,f46a8a506ac6b057895c618ac2d52f6526ea2c9ea28c00e1f30d80f87b624740
shoulder_relative,cbf_qp,80,9.067822090967981,10.1172550002957,1.0,0.0,0,0,0,nan,91.25,0.22434717288637915,0,0,0.01396204247150483,-0.03603795752849519,0.4791872925599632,1.5330737069357043,0.1729441960950557,figure_eight,26,f46a8a506ac6b057895c618ac2d52f6526ea2c9ea28c00e1f30d80f87b624740
shoulder_relative,cbf_qp,80,9.103416610405358,10.161966999930883,1.0,0.0,0,0,0,nan,91.25,0.22434717288637915,0,0,0.01396204247150483,-0.03603795752849519,0.4791872925599632,1.5330737069357043,0.1729441960950557,figure_eight,27,f46a8a506ac6b057895c618ac2d52f6526ea2c9ea28c00e1f30d80f87b624740
shoulder_relative,cbf_qp,80,9.104462571444442,10.11818899996797,1.0,0.0,0,0,0,nan,91.25,0.22434717288637915,0,0,0.01396204247150483,-0.03603795752849519,0.4791872925599632,1.5330737069357043,0.1729441960950557,figure_eight,28,f46a8a506ac6b057895c618ac2d52f6526ea2c9ea28c00e1f30d80f87b624740
shoulder_relative,cbf_qp,80,9.023674753232674,10.05562899990764,1.0,0.0,0,0,0,nan,91.25,0.22434717288637915,0,0,0.01396204247150483,-0.03603795752849519,0.4791872925599632,1.5330737069357043,0.1729441960950557,figure_eight,29,f46a8a506ac6b057895c618ac2d52f6526ea2c9ea28c00e1f30d80f87b624740
shoulder_relative,cbf_qp,80,10.069861350630516,10.316181000234792,1.0,0.0,0,0,0,nan,100.0,0.24699091921690805,0,0,0.014047069696928066,-0.03595293030307195,0.15637529870404962,1.1781992650791957,0.07782917704657434,step_input,0,855a8b16a15d313b647766e2b06d310950d80af3d587a0382fc30ec6688dbbc4
shoulder_relative,cbf_qp,80,10.012586441562588,10.159915999793157,1.0,0.0,0,0,0,nan,100.0,0.24699091921690805,0,0,0.014047069696928066,-0.03595293030307195,0.15637529870404962,1.1781992650791957,0.07782917704657434,step_input,1,855a8b16a15d313b647766e2b06d310950d80af3d587a0382fc30ec6688dbbc4
shoulder_relative,cbf_qp,80,9.976417155863222,10.100332000092749,1.0,0.0,0,0,0,nan,100.0,0.24699091921690805,0,0,0.014047069696928066,-0.03595293030307195,0.15637529870404962,1.1781992650791957,0.07782917704657434,step_input,2,855a8b16a15d313b647766e2b06d310950d80af3d587a0382fc30ec6688dbbc4
shoulder_relative,cbf_qp,80,10.006804013005716,10.121851999883802,1.0,0.0,0,0,0,nan,100.0,0.24699091921690805,0,0,0.014047069696928066,-0.03595293030307195,0.15637529870404962,1.1781992650791957,0.07782917704657434,step_input,3,855a8b16a15d313b647766e2b06d310950d80af3d587a0382fc30ec6688dbbc4
shoulder_relative,cbf_qp,80,10.01584425975798,10.108745000252384,1.0,0.0,0,0,0,nan,100.0,0.24699091921690805,0,0,0.014047069696928066,-0.03595293030307195,0.15637529870404962,1.1781992650791957,0.07782917704657434,step_input,4,855a8b16a15d313b647766e2b06d310950d80af3d587a0382fc30ec6688dbbc4
shoulder_relative,cbf_qp,80,9.945794181812861,10.068733000025532,1.0,0.0,0,0,0,nan,100.0,0.24699091921690805,0,0,0.014047069696928066,-0.03595293030307195,0.15637529870404962,1.1781992650791957,0.07782917704657434,step_input,5,855a8b16a15d313b647766e2b06d310950d80af3d587a0382fc30ec6688dbbc4
shoulder_relative,cbf_qp,80,10.0238175065141,10.12575899994772,1.0,0.0,0,0,0,nan,100.0,0.24699091921690805,0,0,0.014047069696928066,-0.03595293030307195,0.15637529870404962,1.1781992650791957,0.07782917704657434,step_input,6,855a8b16a15d313b647766e2b06d310950d80af3d587a0382fc30ec6688dbbc4
shoulder_relative,cbf_qp,80,9.968889610381549,10.090717999901244,1.0,0.0,0,0,0,nan,100.0,0.24699091921690805,0,0,0.014047069696928066,-0.03595293030307195,0.15637529870404962,1.1781992650791957,0.07782917704657434,step_input,7,855a8b16a15d313b647766e2b06d310950d80af3d587a0382fc30ec6688dbbc4
shoulder_relative,cbf_qp,80,9.99126298698424,10.131883999747515,1.0,0.0,0,0,0,nan,100.0,0.24699091921690805,0,0,0.014047069696928066,-0.03595293030307195,0.15637529870404962,1.1781992650791957,0.07782917704657434,step_input,8,855a8b16a15d313b647766e2b06d310950d80af3d587a0382fc30ec6688dbbc4
shoulder_relative,cbf_qp,80,9.989379350650047,10.07311800003663,1.0,0.0,0,0,0,nan,100.0,0.24699091921690805,0,0,0.014047069696928066,-0.03595293030307195,0.15637529870404962,1.1781992650791957,0.07782917704657434,step_input,9,855a8b16a15d313b647766e2b06d310950d80af3d587a0382fc30ec6688dbbc4
shoulder_relative,cbf_qp,80,9.991852467529887,10.078856999825803,1.0,0.0,0,0,0,nan,100.0,0.24699091921690805,0,0,0.014047069696928066,-0.03595293030307195,0.15637529870404962,1.1781992650791957,0.07782917704657434,step_input,10,855a8b16a15d313b647766e2b06d310950d80af3d587a0382fc30ec6688dbbc4
shoulder_relative,cbf_qp,80,9.95855416881391,10.079614999995101,1.0,0.0,0,0,0,nan,100.0,0.24699091921690805,0,0,0.014047069696928066,-0.03595293030307195,0.15637529870404962,1.1781992650791957,0.07782917704657434,step_input,11,855a8b16a15d313b647766e2b06d310950d80af3d587a0382fc30ec6688dbbc4
shoulder_relative,cbf_qp,80,10.017237415580327,10.149622999961139,1.0,0.0,0,0,0,nan,100.0,0.24699091921690805,0,0,0.014047069696928066,-0.03595293030307195,0.15637529870404962,1.1781992650791957,0.07782917704657434,step_input,12,855a8b16a15d313b647766e2b06d310950d80af3d587a0382fc30ec6688dbbc4
shoulder_relative,cbf_qp,80,10.000772662322136,10.1380819996848,1.0,0.0,0,0,0,nan,100.0,0.24699091921690805,0,0,0.014047069696928066,-0.03595293030307195,0.15637529870404962,1.1781992650791957,0.07782917704657434,step_input,13,855a8b16a15d313b647766e2b06d310950d80af3d587a0382fc30ec6688dbbc4
shoulder_relative,cbf_qp,80,10.00913810388171,10.123362999820529,1.0,0.0,0,0,0,nan,100.0,0.24699091921690805,0,0,0.014047069696928066,-0.03595293030307195,0.15637529870404962,1.1781992650791957,0.07782917704657434,step_input,14,855a8b16a15d313b647766e2b06d310950d80af3d587a0382fc30ec6688dbbc4
shoulder_relative,cbf_qp,80,9.957615233792263,10.083484999995562,1.0,0.0,0,0,0,nan,100.0,0.24699091921690805,0,0,0.014047069696928066,-0.03595293030307195,0.15637529870404962,1.1781992650791957,0.07782917704657434,step_input,15,855a8b16a15d313b647766e2b06d310950d80af3d587a0382fc30ec6688dbbc4
shoulder_relative,cbf_qp,80,9.965842662359726,10.117551000348612,1.0,0.0,0,0,0,nan,100.0,0.24699091921690805,0,0,0.014047069696928066,-0.03595293030307195,0.15637529870404962,1.1781992650791957,0.07782917704657434,step_input,16,855a8b16a15d313b647766e2b06d310950d80af3d587a0382fc30ec6688dbbc4
shoulder_relative,cbf_qp,80,10.012602571427502,10.1556569998138,1.0,0.0,0,0,0,nan,100.0,0.24699091921690805,0,0,0.014047069696928066,-0.03595293030307195,0.15637529870404962,1.1781992650791957,0.07782917704657434,step_input,17,855a8b16a15d313b647766e2b06d310950d80af3d587a0382fc30ec6688dbbc4
shoulder_relative,cbf_qp,80,10.008856649330317,10.126317999947787,1.0,0.0,0,0,0,nan,100.0,0.24699091921690805,0,0,0.014047069696928066,-0.03595293030307195,0.15637529870404962,1.1781992650791957,0.07782917704657434,step_input,18,855a8b16a15d313b647766e2b06d310950d80af3d587a0382fc30ec6688dbbc4
shoulder_relative,cbf_qp,80,9.979117987036084,10.08194900032322,1.0,0.0,0,0,0,nan,100.0,0.24699091921690805,0,0,0.014047069696928066,-0.03595293030307195,0.15637529870404962,1.1781992650791957,0.07782917704657434,step_input,19,855a8b16a15d313b647766e2b06d310950d80af3d587a0382fc30ec6688dbbc4
shoulder_relative,cbf_qp,80,9.988626818162098,10.163555000417546,1.0,0.0,0,0,0,nan,100.0,0.24699091921690805,0,0,0.014047069696928066,-0.03595293030307195,0.15637529870404962,1.1781992650791957,0.07782917704657434,step_input,20,855a8b16a15d313b647766e2b06d310950d80af3d587a0382fc30ec6688dbbc4
shoulder_relative,cbf_qp,80,9.977621974048343,10.108383999977377,1.0,0.0,0,0,0,nan,100.0,0.24699091921690805,0,0,0.014047069696928066,-0.03595293030307195,0.15637529870404962,1.1781992650791957,0.07782917704657434,step_input,21,855a8b16a15d313b647766e2b06d310950d80af3d587a0382fc30ec6688dbbc4
shoulder_relative,cbf_qp,80,9.97425415584099,10.096324999722128,1.0,0.0,0,0,0,nan,100.0,0.24699091921690805,0,0,0.014047069696928066,-0.03595293030307195,0.15637529870404962,1.1781992650791957,0.07782917704657434,step_input,22,855a8b16a15d313b647766e2b06d310950d80af3d587a0382fc30ec6688dbbc4
shoulder_relative,cbf_qp,80,9.965441467545146,10.099333000198385,1.0,0.0,0,0,0,nan,100.0,0.24699091921690805,0,0,0.014047069696928066,-0.03595293030307195,0.15637529870404962,1.1781992650791957,0.07782917704657434,step_input,23,855a8b16a15d313b647766e2b06d310950d80af3d587a0382fc30ec6688dbbc4
shoulder_relative,cbf_qp,80,10.009654571421107,10.134535999895888,1.0,0.0,0,0,0,nan,100.0,0.24699091921690805,0,0,0.014047069696928066,-0.03595293030307195,0.15637529870404962,1.1781992650791957,0.07782917704657434,step_input,24,855a8b16a15d313b647766e2b06d310950d80af3d587a0382fc30ec6688dbbc4
shoulder_relative,cbf_qp,80,9.973856025934966,10.149592999823653,1.0,0.0,0,0,0,nan,100.0,0.24699091921690805,0,0,0.014047069696928066,-0.03595293030307195,0.15637529870404962,1.1781992650791957,0.07782917704657434,step_input,25,855a8b16a15d313b647766e2b06d310950d80af3d587a0382fc30ec6688dbbc4
shoulder_relative,cbf_qp,80,9.986991441529462,10.112542999650032,1.0,0.0,0,0,0,nan,100.0,0.24699091921690805,0,0,0.014047069696928066,-0.03595293030307195,0.15637529870404962,1.1781992650791957,0.07782917704657434,step_input,26,855a8b16a15d313b647766e2b06d310950d80af3d587a0382fc30ec6688dbbc4
shoulder_relative,cbf_qp,80,9.963218844144908,10.083232999932079,1.0,0.0,0,0,0,nan,100.0,0.24699091921690805,0,0,0.014047069696928066,-0.03595293030307195,0.15637529870404962,1.1781992650791957,0.07782917704657434,step_input,27,855a8b16a15d313b647766e2b06d310950d80af3d587a0382fc30ec6688dbbc4
shoulder_relative,cbf_qp,80,10.075554948066205,10.254922000058286,1.0,0.0,0,0,0,nan,100.0,0.24699091921690805,0,0,0.014047069696928066,-0.03595293030307195,0.15637529870404962,1.1781992650791957,0.07782917704657434,step_input,28,855a8b16a15d313b647766e2b06d310950d80af3d587a0382fc30ec6688dbbc4
shoulder_relative,cbf_qp,80,10.01057972726139,10.149278999961098,1.0,0.0,0,0,0,nan,100.0,0.24699091921690805,0,0,0.014047069696928066,-0.03595293030307195,0.15637529870404962,1.1781992650791957,0.07782917704657434,step_input,29,855a8b16a15d313b647766e2b06d310950d80af3d587a0382fc30ec6688dbbc4
shoulder_relative,cbf_qp,80,9.97530775326926,10.077536000153486,1.0,0.0,0,0,0,nan,100.0,0.1404361264148766,0,0,0.014047069696928066,-0.03595293030307195,0.15857644585599937,1.9218861499577942,0.058435076682344975,near_full_extension,0,177fe34873a4cd7ca53447db16ed25ec8655a8064a4353e6497ca8ff44bc862d
shoulder_relative,cbf_qp,80,10.003274753234546,10.125295000307233,1.0,0.0,0,0,0,nan,100.0,0.1404361264148766,0,0,0.014047069696928066,-0.03595293030307195,0.15857644585599937,1.9218861499577942,0.058435076682344975,near_full_extension,1,177fe34873a4cd7ca53447db16ed25ec8655a8064a4353e6497ca8ff44bc862d
shoulder_relative,cbf_qp,80,10.001371337664326,10.116311999809113,1.0,0.0,0,0,0,nan,100.0,0.1404361264148766,0,0,0.014047069696928066,-0.03595293030307195,0.15857644585599937,1.9218861499577942,0.058435076682344975,near_full_extension,2,177fe34873a4cd7ca53447db16ed25ec8655a8064a4353e6497ca8ff44bc862d
shoulder_relative,cbf_qp,80,10.000008610428244,10.13808700008667,1.0,0.0,0,0,0,nan,100.0,0.1404361264148766,0,0,0.014047069696928066,-0.03595293030307195,0.15857644585599937,1.9218861499577942,0.058435076682344975,near_full_extension,3,177fe34873a4cd7ca53447db16ed25ec8655a8064a4353e6497ca8ff44bc862d
shoulder_relative,cbf_qp,80,10.04506385711997,10.175573999731569,1.0,0.0,0,0,0,nan,100.0,0.1404361264148766,0,0,0.014047069696928066,-0.03595293030307195,0.15857644585599937,1.9218861499577942,0.058435076682344975,near_full_extension,4,177fe34873a4cd7ca53447db16ed25ec8655a8064a4353e6497ca8ff44bc862d
shoulder_relative,cbf_qp,80,10.025265298706957,10.126966999905562,1.0,0.0,0,0,0,nan,100.0,0.1404361264148766,0,0,0.014047069696928066,-0.03595293030307195,0.15857644585599937,1.9218861499577942,0.058435076682344975,near_full_extension,5,177fe34873a4cd7ca53447db16ed25ec8655a8064a4353e6497ca8ff44bc862d
shoulder_relative,cbf_qp,80,9.96674850647379,10.09715000009237,1.0,0.0,0,0,0,nan,100.0,0.1404361264148766,0,0,0.014047069696928066,-0.03595293030307195,0.15857644585599937,1.9218861499577942,0.058435076682344975,near_full_extension,6,177fe34873a4cd7ca53447db16ed25ec8655a8064a4353e6497ca8ff44bc862d
shoulder_relative,cbf_qp,80,9.996161896108422,10.126494000360253,1.0,0.0,0,0,0,nan,100.0,0.1404361264148766,0,0,0.014047069696928066,-0.03595293030307195,0.15857644585599937,1.9218861499577942,0.058435076682344975,near_full_extension,7,177fe34873a4cd7ca53447db16ed25ec8655a8064a4353e6497ca8ff44bc862d
shoulder_relative,cbf_qp,80,9.949863090920875,10.070728000300733,1.0,0.0,0,0,0,nan,100.0,0.1404361264148766,0,0,0.014047069696928066,-0.03595293030307195,0.15857644585599937,1.9218861499577942,0.058435076682344975,near_full_extension,8,177fe34873a4cd7ca53447db16ed25ec8655a8064a4353e6497ca8ff44bc862d
shoulder_relative,cbf_qp,80,9.973529285705265,10.07094499982486,1.0,0.0,0,0,0,nan,100.0,0.1404361264148766,0,0,0.014047069696928066,-0.03595293030307195,0.15857644585599937,1.9218861499577942,0.058435076682344975,near_full_extension,9,177fe34873a4cd7ca53447db16ed25ec8655a8064a4353e6497ca8ff44bc862d
shoulder_relative,cbf_qp,80,9.990013662356976,10.108038999987912,1.0,0.0,0,0,0,nan,100.0,0.1404361264148766,0,0,0.014047069696928066,-0.03595293030307195,0.15857644585599937,1.9218861499577942,0.058435076682344975,near_full_extension,10,177fe34873a4cd7ca53447db16ed25ec8655a8064a4353e6497ca8ff44bc862d
shoulder_relative,cbf_qp,80,9.961669402625152,10.073421000015514,1.0,0.0,0,0,0,nan,100.0,0.1404361264148766,0,0,0.014047069696928066,-0.03595293030307195,0.15857644585599937,1.9218861499577942,0.058435076682344975,near_full_extension,11,177fe34873a4cd7ca53447db16ed25ec8655a8064a4353e6497ca8ff44bc862d
shoulder_relative,cbf_qp,80,10.004474909107687,10.11730800018995,1.0,0.0,0,0,0,nan,100.0,0.1404361264148766,0,0,0.014047069696928066,-0.03595293030307195,0.15857644585599937,1.9218861499577942,0.058435076682344975,near_full_extension,12,177fe34873a4cd7ca53447db16ed25ec8655a8064a4353e6497ca8ff44bc862d
shoulder_relative,cbf_qp,80,10.00455045453697,10.14567399988664,1.0,0.0,0,0,0,nan,100.0,0.1404361264148766,0,0,0.014047069696928066,-0.03595293030307195,0.15857644585599937,1.9218861499577942,0.058435076682344975,near_full_extension,13,177fe34873a4cd7ca53447db16ed25ec8655a8064a4353e6497ca8ff44bc862d
shoulder_relative,cbf_qp,80,10.048267142845763,10.20937099974617,1.0,0.0,0,0,0,nan,100.0,0.1404361264148766,0,0,0.014047069696928066,-0.03595293030307195,0.15857644585599937,1.9218861499577942,0.058435076682344975,near_full_extension,14,177fe34873a4cd7ca53447db16ed25ec8655a8064a4353e6497ca8ff44bc862d
shoulder_relative,cbf_qp,80,9.987042999980915,10.098525000103109,1.0,0.0,0,0,0,nan,100.0,0.1404361264148766,0,0,0.014047069696928066,-0.03595293030307195,0.15857644585599937,1.9218861499577942,0.058435076682344975,near_full_extension,15,177fe34873a4cd7ca53447db16ed25ec8655a8064a4353e6497ca8ff44bc862d
shoulder_relative,cbf_qp,80,9.984006597390705,10.094322999975702,1.0,0.0,0,0,0,nan,100.0,0.1404361264148766,0,0,0.014047069696928066,-0.03595293030307195,0.15857644585599937,1.9218861499577942,0.058435076682344975,near_full_extension,16,177fe34873a4cd7ca53447db16ed25ec8655a8064a4353e6497ca8ff44bc862d
shoulder_relative,cbf_qp,80,9.967697558425114,10.055093000119086,1.0,0.0,0,0,0,nan,100.0,0.1404361264148766,0,0,0.014047069696928066,-0.03595293030307195,0.15857644585599937,1.9218861499577942,0.058435076682344975,near_full_extension,17,177fe34873a4cd7ca53447db16ed25ec8655a8064a4353e6497ca8ff44bc862d
shoulder_relative,cbf_qp,80,9.993780662342317,10.217511000064405,1.0,0.0,0,0,0,nan,100.0,0.1404361264148766,0,0,0.014047069696928066,-0.03595293030307195,0.15857644585599937,1.9218861499577942,0.058435076682344975,near_full_extension,18,177fe34873a4cd7ca53447db16ed25ec8655a8064a4353e6497ca8ff44bc862d
shoulder_relative,cbf_qp,80,9.976509519491357,10.083570999995572,1.0,0.0,0,0,0,nan,100.0,0.1404361264148766,0,0,0.014047069696928066,-0.03595293030307195,0.15857644585599937,1.9218861499577942,0.058435076682344975,near_full_extension,19,177fe34873a4cd7ca53447db16ed25ec8655a8064a4353e6497ca8ff44bc862d
shoulder_relative,cbf_qp,80,9.983310753258676,10.092264000377327,1.0,0.0,0,0,0,nan,100.0,0.1404361264148766,0,0,0.014047069696928066,-0.03595293030307195,0.15857644585599937,1.9218861499577942,0.058435076682344975,near_full_extension,20,177fe34873a4cd7ca53447db16ed25ec8655a8064a4353e6497ca8ff44bc862d
shoulder_relative,cbf_qp,80,9.981676389584623,10.10554200001934,1.0,0.0,0,0,0,nan,100.0,0.1404361264148766,0,0,0.014047069696928066,-0.03595293030307195,0.15857644585599937,1.9218861499577942,0.058435076682344975,near_full_extension,21,177fe34873a4cd7ca53447db16ed25ec8655a8064a4353e6497ca8ff44bc862d
shoulder_relative,cbf_qp,80,9.974661025955664,10.111815000072966,1.0,0.0,0,0,0,nan,100.0,0.1404361264148766,0,0,0.014047069696928066,-0.03595293030307195,0.15857644585599937,1.9218861499577942,0.058435076682344975,near_full_extension,22,177fe34873a4cd7ca53447db16ed25ec8655a8064a4353e6497ca8ff44bc862d
shoulder_relative,cbf_qp,80,9.985603597398311,10.102232999997796,1.0,0.0,0,0,0,nan,100.0,0.1404361264148766,0,0,0.014047069696928066,-0.03595293030307195,0.15857644585599937,1.9218861499577942,0.058435076682344975,near_full_extension,23,177fe34873a4cd7ca53447db16ed25ec8655a8064a4353e6497ca8ff44bc862d
shoulder_relative,cbf_qp,80,10.007469025993771,10.152906000257644,1.0,0.0,0,0,0,nan,100.0,0.1404361264148766,0,0,0.014047069696928066,-0.03595293030307195,0.15857644585599937,1.9218861499577942,0.058435076682344975,near_full_extension,24,177fe34873a4cd7ca53447db16ed25ec8655a8064a4353e6497ca8ff44bc862d
shoulder_relative,cbf_qp,80,9.977031000017904,10.085496000101557,1.0,0.0,0,0,0,nan,100.0,0.1404361264148766,0,0,0.014047069696928066,-0.03595293030307195,0.15857644585599937,1.9218861499577942,0.058435076682344975,near_full_extension,25,177fe34873a4cd7ca53447db16ed25ec8655a8064a4353e6497ca8ff44bc862d
shoulder_relative,cbf_qp,80,10.022261999958053,10.180235000007087,1.0,0.0,0,0,0,nan,100.0,0.1404361264148766,0,0,0.014047069696928066,-0.03595293030307195,0.15857644585599937,1.9218861499577942,0.058435076682344975,near_full_extension,26,177fe34873a4cd7ca53447db16ed25ec8655a8064a4353e6497ca8ff44bc862d
shoulder_relative,cbf_qp,80,10.037531961017237,10.175279000122828,1.0,0.0,0,0,0,nan,100.0,0.1404361264148766,0,0,0.014047069696928066,-0.03595293030307195,0.15857644585599937,1.9218861499577942,0.058435076682344975,near_full_extension,27,177fe34873a4cd7ca53447db16ed25ec8655a8064a4353e6497ca8ff44bc862d
shoulder_relative,cbf_qp,80,10.010898103884118,10.123443999873416,1.0,0.0,0,0,0,nan,100.0,0.1404361264148766,0,0,0.014047069696928066,-0.03595293030307195,0.15857644585599937,1.9218861499577942,0.058435076682344975,near_full_extension,28,177fe34873a4cd7ca53447db16ed25ec8655a8064a4353e6497ca8ff44bc862d
shoulder_relative,cbf_qp,80,10.043348480524271,10.18786899976476,1.0,0.0,0,0,0,nan,100.0,0.1404361264148766,0,0,0.014047069696928066,-0.03595293030307195,0.15857644585599937,1.9218861499577942,0.058435076682344975,near_full_extension,29,177fe34873a4cd7ca53447db16ed25ec8655a8064a4353e6497ca8ff44bc862d
shoulder_relative,cbf_qp,80,9.996913493523607,10.139248000086809,1.0,0.0,0,0,0,nan,100.0,0.25074380009364744,0,0,0.014047069696928066,-0.03595293030307195,0.47821669705998526,1.5515881588977707,1.635598549658511,noisy_landmarks,0,0b1801dd333eaa2e0222bbff2a42050db5d9802ac8fbdb0a933f97a80fe7d463
shoulder_relative,cbf_qp,80,9.990038909103083,10.08830399996441,1.0,0.0,0,0,0,nan,100.0,0.24935575241504235,0,0,0.014047069696928066,-0.03595293030307195,0.49455408094594633,1.6291418202740555,1.592689817720274,noisy_landmarks,1,b6b5f0efbff88d14838f03ddb414b1c337ca1e6f8543ed372ac2154426b9097b
shoulder_relative,cbf_qp,80,9.997454506464674,10.126977999789233,1.0,0.0,0,0,0,nan,100.0,0.24950417907245764,0,0,0.014047069696928066,-0.03595293030307195,0.4941573717315892,1.5231506813626914,1.5616162130650675,noisy_landmarks,2,b106f71dd6d09077a890be92f76df04498f4367e1e6f9a2a35ab3d1fc91c59e3
shoulder_relative,cbf_qp,80,10.010522493509846,10.172989999773563,1.0,0.0,0,0,0,nan,100.0,0.24583893804957105,0,0,0.014047069696928066,-0.03595293030307195,0.4836526852712826,1.5247383472868414,1.6944654176263303,noisy_landmarks,3,991dbf6707c0bf118aad1cbe68d0f6e409b93d5cd717fd12b68efe74741f9fb1
shoulder_relative,cbf_qp,80,9.997922272724317,10.189381000145659,1.0,0.0,0,0,0,nan,100.0,0.2497685384218795,0,0,0.014047069696928066,-0.03595293030307195,0.4963218872791558,1.5516772789932343,1.622415394567618,noisy_landmarks,4,90cb0fe769646be8b423e3cacad031e943be326bf5b5bce75423b70541955077
shoulder_relative,cbf_qp,80,9.97008407787323,10.131404999810911,1.0,0.0,0,0,0,nan,100.0,0.2529553631080622,0,0,0.014047069696928066,-0.03595293030307195,0.5152878335166924,1.5617711676972788,1.6452744015043663,noisy_landmarks,5,683ef20f5e6f7e0d15adbba258bd10c0943806910a3205da1b7b05a10dcd57e4
shoulder_relative,cbf_qp,80,10.078184454538462,10.338445999877877,1.0,0.0,0,0,0,nan,100.0,0.2520954226368268,0,0,0.014047069696928066,-0.03595293030307195,0.5259320713736841,1.5854697326999094,1.69022704409326,noisy_landmarks,6,ea17465413cc03b506640dbf31f1f6e008b7eabb93023799785c9acdb9a6f5e2
shoulder_relative,cbf_qp,80,10.015274740229184,10.144504999971105,1.0,0.0,0,0,0,nan,100.0,0.2486484425745639,0,0,0.014047069696928066,-0.03595293030307195,0.47752729604061345,1.5856129235651237,1.6609852284638988,noisy_landmarks,7,0d8ef2a4f181451e40dd20c81a6b1715c2805e9f961affec2d52b7ae318b0683
shoulder_relative,cbf_qp,80,10.038400298674185,10.176333999879716,1.0,0.0,0,0,0,nan,100.0,0.2505648097416216,0,0,0.014047069696928066,-0.03595293030307195,0.48856420573202847,1.550099194201115,1.7147092221802391,noisy_landmarks,8,04cc3e69e32157a349cb7b289a221f7fd7d5b08800be38a8d00d16c6f17ed919
shoulder_relative,cbf_qp,80,9.980881129903738,10.11872700019012,1.0,0.0,0,0,0,nan,100.0,0.2500706015739773,0,0,0.014047069696928066,-0.03595293030307195,0.5091926334049995,1.5798367935914897,1.6750938720851687,noisy_landmarks,9,9cf3c03d12cb0ea13ba18184595a89bcb1bb23aec6905597c91f4de38626a72d
shoulder_relative,cbf_qp,80,10.016235116895528,10.195529000156967,1.0,0.0,0,0,0,nan,100.0,0.24730874661461374,0,0,0.014047069696928066,-0.03595293030307195,0.47104557021888604,1.5293733988125484,1.8561208706782921,noisy_landmarks,10,457b096c66a8ba4b5755ec557acc83f1070433478d46eba08051551577a7cde1
shoulder_relative,cbf_qp,80,9.980366155849135,10.083645000122488,1.0,0.0,0,0,0,nan,100.0,0.2497242911188204,0,0,0.014047069696928066,-0.03595293030307195,0.5130321943492306,1.5761916500941768,1.6195841141360587,noisy_landmarks,11,dc1db64978f8ad4d6a243a238929af154d90e0ef98e0b57255b07b126b71312c
shoulder_relative,cbf_qp,80,10.0286393636074,10.2068640003381,1.0,0.0,0,0,0,nan,100.0,0.2524786182096709,0,0,0.014047069696928066,-0.03595293030307195,0.4910446591869568,1.527533285873661,1.7222801117770483,noisy_landmarks,12,956f4698bb574b1e5fb8e6a4c5a77495c53ae19adaa93601b611e34573f29ff7
shoulder_relative,cbf_qp,80,9.996073623363833,10.11180300019987,1.0,0.0,0,0,0,nan,100.0,0.2503830752682844,0,0,0.014047069696928066,-0.03595293030307195,0.523197747812727,1.6249085599248487,1.7075152103705193,noisy_landmarks,13,cff7be95774a75649ca4ec8c0ed6f1b39af9c5acf41b64b8c2c6020b857052f7
shoulder_relative,cbf_qp,80,10.001714220775343,10.133301000223582,1.0,0.0,0,0,0,nan,100.0,0.24886396220997062,0,0,0.014047069696928066,-0.03595293030307195,0.49384015898654965,1.5246569765272016,1.6514961463249676,noisy_landmarks,14,1875cc3a35ffa49e7f67c72221e03d9828e898ecff381f39599c8e79604d77bd
shoulder_relative,cbf_qp,80,9.968573168844632,10.116242000094644,1.0,0.0,0,0,0,nan,100.0,0.24942150719769288,0,0,0.014047069696928066,-0.03595293030307195,0.5023382007760526,1.5764536144055439,1.7642464429677072,noisy_landmarks,15,f907c040862a0cee9f62a05e56345b08595f81f6acbfd08e5c60d6f3a0290383
shoulder_relative,cbf_qp,80,9.91799636365424,10.015094999744178,1.0,0.0,0,0,0,nan,100.0,0.25087103056876076,0,0,0.014047069696928066,-0.03595293030307195,0.5080261010907474,1.6055824909145093,1.792945431211537,noisy_landmarks,16,faa85044eba39c21e475cd572a3109c8e6071adc161e89ee0f817dad5e6a2d8f
shoulder_relative,cbf_qp,80,9.989691103930761,10.108844999649591,1.0,0.0,0,0,0,nan,100.0,0.2494439845071773,0,0,0.014047069696928066,-0.03595293030307195,0.495589265100168,1.5714028786874903,1.7222003118329368,noisy_landmarks,17,603e91c6d5ff109b053b2fb125c5dba910a56d692574b19574096a2e0bfe519a
shoulder_relative,cbf_qp,80,9.959080519466069,10.088258999985555,1.0,0.0,0,0,0,nan,100.0,0.25054576119576627,0,0,0.014047069696928066,-0.03595293030307195,0.4716896902513225,1.5882454404097488,1.4853754235280359,noisy_landmarks,18,41db5416f9fadc2d97b2e7a13d9323d9bebfdc6d7f5d5f30c9a04411c69e47ed
shoulder_relative,cbf_qp,80,9.964098207771489,10.062445000130538,1.0,0.0,0,0,0,nan,100.0,0.2521106135577317,0,0,0.014047069696928066,-0.03595293030307195,0.4847034402886885,1.557911480294503,1.5804840002875669,noisy_landmarks,19,e59bbb2608cc5b19d8521657435c2ef400919a78aa520821489c573ee67e66e1
shoulder_relative,cbf_qp,80,9.956037181831112,10.104735999902914,1.0,0.0,0,0,0,nan,100.0,0.2510998028153624,0,0,0.014047069696928066,-0.03595293030307195,0.4968625766541719,1.5773162488335524,1.6590670133412135,noisy_landmarks,20,85799f38999c1cf86e8c7e6a1b6b08f737d1be4ccfcb3a237e9344c846b12dfc
shoulder_relative,cbf_qp,80,9.964027987049807,10.092950999933237,1.0,0.0,0,0,0,nan,100.0,0.2502242630705428,0,0,0.014047069696928066,-0.03595293030307195,0.5042938430532977,1.5847554586015935,1.7665766041866915,noisy_landmarks,21,8fd9586b88b81ecacdceb0ec7328d57e9c0c05ff8916f15b074b474c62720211
shoulder_relative,cbf_qp,80,9.991231999991852,10.098487000050227,1.0,0.0,0,0,0,nan,100.0,0.2505001752243313,0,0,0.014047069696928066,-0.03595293030307195,0.50966569795009,1.5494297570902682,1.6014564968949283,noisy_landmarks,22,644bf9982a7d1662d713e2a02b51f33cb76a4559cab3cead8cb9a92b1a6da72a
shoulder_relative,cbf_qp,80,9.972389324662185,10.072483999920223,1.0,0.0,0,0,0,nan,100.0,0.2500688627132825,0,0,0.014047069696928066,-0.03595293030307195,0.486047545069818,1.53374870688091,1.5880233454763124,noisy_landmarks,23,a4639d7d4f55368d41cc7be8b2a926c3dc38fbfa058017c279bdc5dffca14612
shoulder_relative,cbf_qp,80,9.951651116872588,10.079890000270098,1.0,0.0,0,0,0,nan,100.0,0.2502195869960685,0,0,0.014047069696928066,-0.03595293030307195,0.5004355524722017,1.5482127235694914,1.6441902453308577,noisy_landmarks,24,ee46b1a91c03dc09c8aac096313ffe1ca4da12f232131e3cdfa3bf28cb427f6f
shoulder_relative,cbf_qp,80,9.977702168826353,10.098420999838709,1.0,0.0,0,0,0,nan,100.0,0.2504258343684484,0,0,0.014047069696928066,-0.03595293030307195,0.5029183812214091,1.5816103048457242,1.726810906807257,noisy_landmarks,25,be2eb6efa975c02de92a1b2cdc25b6a9d42c13da8781e1c07520fe30dd50ee38
shoulder_relative,cbf_qp,80,9.970375428577414,10.087399999974878,1.0,0.0,0,0,0,nan,100.0,0.2501175712005967,0,0,0.014047069696928066,-0.03595293030307195,0.48530788954754234,1.5453464258132021,1.6877160171451573,noisy_landmarks,26,16d52b31f8cfa4a803224e989633930bb23300f6c257605b30f37469e7f57c64
shoulder_relative,cbf_qp,80,10.022274441556188,10.181555000144726,1.0,0.0,0,0,0,nan,100.0,0.25034600534967444,0,0,0.014047069696928066,-0.03595293030307195,0.4602724422135465,1.5675816243454979,1.517431262329106,noisy_landmarks,27,43360f8dd87c7861013a0aa0353d23fedb9e703b2f1d2de03a9e810ce0563651
shoulder_relative,cbf_qp,80,9.962592025947908,10.067822999644704,1.0,0.0,0,0,0,nan,100.0,0.24716698297106843,0,0,0.014047069696928066,-0.03595293030307195,0.4907080867357669,1.523920604958914,1.7229084396366003,noisy_landmarks,28,7ff4c020357a5d17a61d043804322379b7515311e638c4a40bb9e003d80adb31
shoulder_relative,cbf_qp,80,9.974275688293417,10.085626000090997,1.0,0.0,0,0,0,nan,100.0,0.24995130145672714,0,0,0.014047069696928066,-0.03595293030307195,0.4832849960122709,1.5583455654882308,1.6506769098830028,noisy_landmarks,29,7541952faca5cf6a63116967f49bb1d58a62d62049dbf3e53fd081c59d961ceb
shoulder_relative,cbf_qp,80,9.937870225793366,10.103156000241142,0.8125,0.1875,5,15,6,1.3,81.25,0.24870564320106447,0,0,0.014047069696928066,-0.03595293030307195,0.19030340544270546,1.6119451790404953,0.15264492070480723,one_second_dropout,0,8e7959c13081999952272b70cb77757eb6b69cb338ba5e006927d3c63a458683
shoulder_relative,cbf_qp,80,9.993085499973535,10.170182999900135,0.8125,0.1875,5,15,6,1.3,81.25,0.24870564320106447,0,0,0.014047069696928066,-0.03595293030307195,0.19030340544270546,1.6119451790404953,0.15264492070480723,one_second_dropout,1,8e7959c13081999952272b70cb77757eb6b69cb338ba5e006927d3c63a458683
shoulder_relative,cbf_qp,80,9.978346177420814,10.069862000364083,0.8125,0.1875,5,15,6,1.3,81.25,0.24870564320106447,0,0,0.014047069696928066,-0.03595293030307195,0.19030340544270546,1.6119451790404953,0.15264492070480723,one_second_dropout,2,8e7959c13081999952272b70cb77757eb6b69cb338ba5e006927d3c63a458683
shoulder_relative,cbf_qp,80,9.970942112886405,10.10643399968103,0.8125,0.1875,5,15,6,1.3,81.25,0.24870564320106447,0,0,0.014047069696928066,-0.03595293030307195,0.19030340544270546,1.6119451790404953,0.15264492070480723,one_second_dropout,3,8e7959c13081999952272b70cb77757eb6b69cb338ba5e006927d3c63a458683
shoulder_relative,cbf_qp,80,9.94820493551449,10.097298999880877,0.8125,0.1875,5,15,6,1.3,81.25,0.24870564320106447,0,0,0.014047069696928066,-0.03595293030307195,0.19030340544270546,1.6119451790404953,0.15264492070480723,one_second_dropout,4,8e7959c13081999952272b70cb77757eb6b69cb338ba5e006927d3c63a458683
shoulder_relative,cbf_qp,80,10.004153629031334,10.116780999851471,0.8125,0.1875,5,15,6,1.3,81.25,0.24870564320106447,0,0,0.014047069696928066,-0.03595293030307195,0.19030340544270546,1.6119451790404953,0.15264492070480723,one_second_dropout,5,8e7959c13081999952272b70cb77757eb6b69cb338ba5e006927d3c63a458683
shoulder_relative,cbf_qp,80,9.996306887086899,10.128336999969179,0.8125,0.1875,5,15,6,1.3,81.25,0.24870564320106447,0,0,0.014047069696928066,-0.03595293030307195,0.19030340544270546,1.6119451790404953,0.15264492070480723,one_second_dropout,6,8e7959c13081999952272b70cb77757eb6b69cb338ba5e006927d3c63a458683
shoulder_relative,cbf_qp,80,10.018458580662486,10.158505999697809,0.8125,0.1875,5,15,6,1.3,81.25,0.24870564320106447,0,0,0.014047069696928066,-0.03595293030307195,0.19030340544270546,1.6119451790404953,0.15264492070480723,one_second_dropout,7,8e7959c13081999952272b70cb77757eb6b69cb338ba5e006927d3c63a458683
shoulder_relative,cbf_qp,80,9.929111596802027,10.022654000295006,0.8125,0.1875,5,15,6,1.3,81.25,0.24870564320106447,0,0,0.014047069696928066,-0.03595293030307195,0.19030340544270546,1.6119451790404953,0.15264492070480723,one_second_dropout,8,8e7959c13081999952272b70cb77757eb6b69cb338ba5e006927d3c63a458683
shoulder_relative,cbf_qp,80,10.034444629032043,10.189290999733203,0.8125,0.1875,5,15,6,1.3,81.25,0.24870564320106447,0,0,0.014047069696928066,-0.03595293030307195,0.19030340544270546,1.6119451790404953,0.15264492070480723,one_second_dropout,9,8e7959c13081999952272b70cb77757eb6b69cb338ba5e006927d3c63a458683
shoulder_relative,cbf_qp,80,9.91007158061239,10.01356200004011,0.8125,0.1875,5,15,6,1.3,81.25,0.24870564320106447,0,0,0.014047069696928066,-0.03595293030307195,0.19030340544270546,1.6119451790404953,0.15264492070480723,one_second_dropout,10,8e7959c13081999952272b70cb77757eb6b69cb338ba5e006927d3c63a458683
shoulder_relative,cbf_qp,80,10.059586628996488,10.17820600009145,0.8125,0.1875,5,15,6,1.3,81.25,0.24870564320106447,0,0,0.014047069696928066,-0.03595293030307195,0.19030340544270546,1.6119451790404953,0.15264492070480723,one_second_dropout,11,8e7959c13081999952272b70cb77757eb6b69cb338ba5e006927d3c63a458683
shoulder_relative,cbf_qp,80,9.979517274220392,10.154055999919365,0.8125,0.1875,5,15,6,1.3,81.25,0.24870564320106447,0,0,0.014047069696928066,-0.03595293030307195,0.19030340544270546,1.6119451790404953,0.15264492070480723,one_second_dropout,12,8e7959c13081999952272b70cb77757eb6b69cb338ba5e006927d3c63a458683
shoulder_relative,cbf_qp,80,9.93354472579848,10.051404000023467,0.8125,0.1875,5,15,6,1.3,81.25,0.24870564320106447,0,0,0.014047069696928066,-0.03595293030307195,0.19030340544270546,1.6119451790404953,0.15264492070480723,one_second_dropout,13,8e7959c13081999952272b70cb77757eb6b69cb338ba5e006927d3c63a458683
shoulder_relative,cbf_qp,80,9.998758322595794,10.087861000101839,0.8125,0.1875,5,15,6,1.3,81.25,0.24870564320106447,0,0,0.014047069696928066,-0.03595293030307195,0.19030340544270546,1.6119451790404953,0.15264492070480723,one_second_dropout,14,8e7959c13081999952272b70cb77757eb6b69cb338ba5e006927d3c63a458683
shoulder_relative,cbf_qp,80,9.987262903245385,10.128052999789361,0.8125,0.1875,5,15,6,1.3,81.25,0.24870564320106447,0,0,0.014047069696928066,-0.03595293030307195,0.19030340544270546,1.6119451790404953,0.15264492070480723,one_second_dropout,15,8e7959c13081999952272b70cb77757eb6b69cb338ba5e006927d3c63a458683
shoulder_relative,cbf_qp,80,10.026080322565958,10.233567999875959,0.8125,0.1875,5,15,6,1.3,81.25,0.24870564320106447,0,0,0.014047069696928066,-0.03595293030307195,0.19030340544270546,1.6119451790404953,0.15264492070480723,one_second_dropout,16,8e7959c13081999952272b70cb77757eb6b69cb338ba5e006927d3c63a458683
shoulder_relative,cbf_qp,80,10.005459806441122,10.162795999804075,0.8125,0.1875,5,15,6,1.3,81.25,0.24870564320106447,0,0,0.014047069696928066,-0.03595293030307195,0.19030340544270546,1.6119451790404953,0.15264492070480723,one_second_dropout,17,8e7959c13081999952272b70cb77757eb6b69cb338ba5e006927d3c63a458683
shoulder_relative,cbf_qp,80,9.968891725821454,10.07122500004698,0.8125,0.1875,5,15,6,1.3,81.25,0.24870564320106447,0,0,0.014047069696928066,-0.03595293030307195,0.19030340544270546,1.6119451790404953,0.15264492070480723,one_second_dropout,18,8e7959c13081999952272b70cb77757eb6b69cb338ba5e006927d3c63a458683
shoulder_relative,cbf_qp,80,9.992309967738917,10.168897999847104,0.8125,0.1875,5,15,6,1.3,81.25,0.24870564320106447,0,0,0.014047069696928066,-0.03595293030307195,0.19030340544270546,1.6119451790404953,0.15264492070480723,one_second_dropout,19,8e7959c13081999952272b70cb77757eb6b69cb338ba5e006927d3c63a458683
shoulder_relative,cbf_qp,80,9.973952096809244,10.110899999745016,0.8125,0.1875,5,15,6,1.3,81.25,0.24870564320106447,0,0,0.014047069696928066,-0.03595293030307195,0.19030340544270546,1.6119451790404953,0.15264492070480723,one_second_dropout,20,8e7959c13081999952272b70cb77757eb6b69cb338ba5e006927d3c63a458683
shoulder_relative,cbf_qp,80,9.933526241946955,10.050017000139633,0.8125,0.1875,5,15,6,1.3,81.25,0.24870564320106447,0,0,0.014047069696928066,-0.03595293030307195,0.19030340544270546,1.6119451790404953,0.15264492070480723,one_second_dropout,21,8e7959c13081999952272b70cb77757eb6b69cb338ba5e006927d3c63a458683
shoulder_relative,cbf_qp,80,9.976873612920885,10.076649999973597,0.8125,0.1875,5,15,6,1.3,81.25,0.24870564320106447,0,0,0.014047069696928066,-0.03595293030307195,0.19030340544270546,1.6119451790404953,0.15264492070480723,one_second_dropout,22,8e7959c13081999952272b70cb77757eb6b69cb338ba5e006927d3c63a458683
shoulder_relative,cbf_qp,80,10.005166016130275,10.131483000350272,0.8125,0.1875,5,15,6,1.3,81.25,0.24870564320106447,0,0,0.014047069696928066,-0.03595293030307195,0.19030340544270546,1.6119451790404953,0.15264492070480723,one_second_dropout,23,8e7959c13081999952272b70cb77757eb6b69cb338ba5e006927d3c63a458683
shoulder_relative,cbf_qp,80,9.997842322586473,10.10680199988201,0.8125,0.1875,5,15,6,1.3,81.25,0.24870564320106447,0,0,0.014047069696928066,-0.03595293030307195,0.19030340544270546,1.6119451790404953,0.15264492070480723,one_second_dropout,24,8e7959c13081999952272b70cb77757eb6b69cb338ba5e006927d3c63a458683
shoulder_relative,cbf_qp,80,9.998044951573554,10.114928999882977,0.8125,0.1875,5,15,6,1.3,81.25,0.24870564320106447,0,0,0.014047069696928066,-0.03595293030307195,0.19030340544270546,1.6119451790404953,0.15264492070480723,one_second_dropout,25,8e7959c13081999952272b70cb77757eb6b69cb338ba5e006927d3c63a458683
shoulder_relative,cbf_qp,80,10.030602532277689,10.171769999942626,0.8125,0.1875,5,15,6,1.3,81.25,0.24870564320106447,0,0,0.014047069696928066,-0.03595293030307195,0.19030340544270546,1.6119451790404953,0.15264492070480723,one_second_dropout,26,8e7959c13081999952272b70cb77757eb6b69cb338ba5e006927d3c63a458683
shoulder_relative,cbf_qp,80,9.955114838710928,10.058498000034888,0.8125,0.1875,5,15,6,1.3,81.25,0.24870564320106447,0,0,0.014047069696928066,-0.03595293030307195,0.19030340544270546,1.6119451790404953,0.15264492070480723,one_second_dropout,27,8e7959c13081999952272b70cb77757eb6b69cb338ba5e006927d3c63a458683
shoulder_relative,cbf_qp,80,10.01113767744843,10.162777000005008,0.8125,0.1875,5,15,6,1.3,81.25,0.24870564320106447,0,0,0.014047069696928066,-0.03595293030307195,0.19030340544270546,1.6119451790404953,0.15264492070480723,one_second_dropout,28,8e7959c13081999952272b70cb77757eb6b69cb338ba5e006927d3c63a458683
shoulder_relative,cbf_qp,80,10.001373290290964,10.158176999993884,0.8125,0.1875,5,15,6,1.3,81.25,0.24870564320106447,0,0,0.014047069696928066,-0.03595293030307195,0.19030340544270546,1.6119451790404953,0.15264492070480723,one_second_dropout,29,8e7959c13081999952272b70cb77757eb6b69cb338ba5e006927d3c63a458683
shoulder_relative,cbf_qp,80,5.840789857125123,10.084957999879407,1.0,0.0,0,0,0,nan,60.0,0.17442134568233683,0,0,0.014047069696928066,-0.03595293030307195,0.7066983541224867,1.0510133052093376,0.09531016603792394,workspace_boundary_crossing,0,93b3275e2711fe4877f1e2efb09bec94e83d458937545c86b16e837dd106bd17
shoulder_relative,cbf_qp,80,5.790909298636282,10.012989999722777,1.0,0.0,0,0,0,nan,60.0,0.17442134568233683,0,0,0.014047069696928066,-0.03595293030307195,0.7066983541224867,1.0510133052093376,0.09531016603792394,workspace_boundary_crossing,1,93b3275e2711fe4877f1e2efb09bec94e83d458937545c86b16e837dd106bd17
shoulder_relative,cbf_qp,80,5.826439246790526,10.089498000070307,1.0,0.0,0,0,0,nan,60.0,0.17442134568233683,0,0,0.014047069696928066,-0.03595293030307195,0.7066983541224867,1.0510133052093376,0.09531016603792394,workspace_boundary_crossing,2,93b3275e2711fe4877f1e2efb09bec94e83d458937545c86b16e837dd106bd17
shoulder_relative,cbf_qp,80,5.835883649347301,10.098878000007971,1.0,0.0,0,0,0,nan,60.0,0.17442134568233683,0,0,0.014047069696928066,-0.03595293030307195,0.7066983541224867,1.0510133052093376,0.09531016603792394,workspace_boundary_crossing,3,93b3275e2711fe4877f1e2efb09bec94e83d458937545c86b16e837dd106bd17
shoulder_relative,cbf_qp,80,5.803657506482062,10.014040999976714,1.0,0.0,0,0,0,nan,60.0,0.17442134568233683,0,0,0.014047069696928066,-0.03595293030307195,0.7066983541224867,1.0510133052093376,0.09531016603792394,workspace_boundary_crossing,4,93b3275e2711fe4877f1e2efb09bec94e83d458937545c86b16e837dd106bd17
shoulder_relative,cbf_qp,80,5.842889636375269,10.118266000063159,1.0,0.0,0,0,0,nan,60.0,0.17442134568233683,0,0,0.014047069696928066,-0.03595293030307195,0.7066983541224867,1.0510133052093376,0.09531016603792394,workspace_boundary_crossing,5,93b3275e2711fe4877f1e2efb09bec94e83d458937545c86b16e837dd106bd17
shoulder_relative,cbf_qp,80,5.855585389610213,10.163780000311817,1.0,0.0,0,0,0,nan,60.0,0.17442134568233683,0,0,0.014047069696928066,-0.03595293030307195,0.7066983541224867,1.0510133052093376,0.09531016603792394,workspace_boundary_crossing,6,93b3275e2711fe4877f1e2efb09bec94e83d458937545c86b16e837dd106bd17
shoulder_relative,cbf_qp,80,5.834828662329245,10.060684999643854,1.0,0.0,0,0,0,nan,60.0,0.17442134568233683,0,0,0.014047069696928066,-0.03595293030307195,0.7066983541224867,1.0510133052093376,0.09531016603792394,workspace_boundary_crossing,7,93b3275e2711fe4877f1e2efb09bec94e83d458937545c86b16e837dd106bd17
shoulder_relative,cbf_qp,80,5.824709649353387,10.09765500020876,1.0,0.0,0,0,0,nan,60.0,0.17442134568233683,0,0,0.014047069696928066,-0.03595293030307195,0.7066983541224867,1.0510133052093376,0.09531016603792394,workspace_boundary_crossing,8,93b3275e2711fe4877f1e2efb09bec94e83d458937545c86b16e837dd106bd17
shoulder_relative,cbf_qp,80,5.824991441587171,10.0709060002373,1.0,0.0,0,0,0,nan,60.0,0.17442134568233683,0,0,0.014047069696928066,-0.03595293030307195,0.7066983541224867,1.0510133052093376,0.09531016603792394,workspace_boundary_crossing,9,93b3275e2711fe4877f1e2efb09bec94e83d458937545c86b16e837dd106bd17
shoulder_relative,cbf_qp,80,5.805312883086271,10.056068999801937,1.0,0.0,0,0,0,nan,60.0,0.17442134568233683,0,0,0.014047069696928066,-0.03595293030307195,0.7066983541224867,1.0510133052093376,0.09531016603792394,workspace_boundary_crossing,10,93b3275e2711fe4877f1e2efb09bec94e83d458937545c86b16e837dd106bd17
shoulder_relative,cbf_qp,80,5.821027311678525,10.106677999829117,1.0,0.0,0,0,0,nan,60.0,0.17442134568233683,0,0,0.014047069696928066,-0.03595293030307195,0.7066983541224867,1.0510133052093376,0.09531016603792394,workspace_boundary_crossing,11,93b3275e2711fe4877f1e2efb09bec94e83d458937545c86b16e837dd106bd17
shoulder_relative,cbf_qp,80,5.832291896063174,10.08581799987951,1.0,0.0,0,0,0,nan,60.0,0.17442134568233683,0,0,0.014047069696928066,-0.03595293030307195,0.7066983541224867,1.0510133052093376,0.09531016603792394,workspace_boundary_crossing,12,93b3275e2711fe4877f1e2efb09bec94e83d458937545c86b16e837dd106bd17
shoulder_relative,cbf_qp,80,5.79394771424537,10.000024999953894,1.0,0.0,0,0,0,nan,60.0,0.17442134568233683,0,0,0.014047069696928066,-0.03595293030307195,0.7066983541224867,1.0510133052093376,0.09531016603792394,workspace_boundary_crossing,13,93b3275e2711fe4877f1e2efb09bec94e83d458937545c86b16e837dd106bd17
shoulder_relative,cbf_qp,80,5.810047038910663,10.100986999987072,1.0,0.0,0,0,0,nan,60.0,0.17442134568233683,0,0,0.014047069696928066,-0.03595293030307195,0.7066983541224867,1.0510133052093376,0.09531016603792394,workspace_boundary_crossing,14,93b3275e2711fe4877f1e2efb09bec94e83d458937545c86b16e837dd106bd17
shoulder_relative,cbf_qp,80,5.819375324637048,10.037748999820906,1.0,0.0,0,0,0,nan,60.0,0.17442134568233683,0,0,0.014047069696928066,-0.03595293030307195,0.7066983541224867,1.0510133052093376,0.09531016603792394,workspace_boundary_crossing,15,93b3275e2711fe4877f1e2efb09bec94e83d458937545c86b16e837dd106bd17
shoulder_relative,cbf_qp,80,5.828552181798853,10.130572999969445,1.0,0.0,0,0,0,nan,60.0,0.17442134568233683,0,0,0.014047069696928066,-0.03595293030307195,0.7066983541224867,1.0510133052093376,0.09531016603792394,workspace_boundary_crossing,16,93b3275e2711fe4877f1e2efb09bec94e83d458937545c86b16e837dd106bd17
shoulder_relative,cbf_qp,80,5.822928870131435,10.059308000109013,1.0,0.0,0,0,0,nan,60.0,0.17442134568233683,0,0,0.014047069696928066,-0.03595293030307195,0.7066983541224867,1.0510133052093376,0.09531016603792394,workspace_boundary_crossing,17,93b3275e2711fe4877f1e2efb09bec94e83d458937545c86b16e837dd106bd17
shoulder_relative,cbf_qp,80,5.828914324653154,10.067402999993647,1.0,0.0,0,0,0,nan,60.0,0.17442134568233683,0,0,0.014047069696928066,-0.03595293030307195,0.7066983541224867,1.0510133052093376,0.09531016603792394,workspace_boundary_crossing,18,93b3275e2711fe4877f1e2efb09bec94e83d458937545c86b16e837dd106bd17
shoulder_relative,cbf_qp,80,5.8096777921940435,10.05612500011921,1.0,0.0,0,0,0,nan,60.0,0.17442134568233683,0,0,0.014047069696928066,-0.03595293030307195,0.7066983541224867,1.0510133052093376,0.09531016603792394,workspace_boundary_crossing,19,93b3275e2711fe4877f1e2efb09bec94e83d458937545c86b16e837dd106bd17
shoulder_relative,cbf_qp,80,5.824085467521671,10.087089000080596,1.0,0.0,0,0,0,nan,60.0,0.17442134568233683,0,0,0.014047069696928066,-0.03595293030307195,0.7066983541224867,1.0510133052093376,0.09531016603792394,workspace_boundary_crossing,20,93b3275e2711fe4877f1e2efb09bec94e83d458937545c86b16e837dd106bd17
shoulder_relative,cbf_qp,80,5.836608363670048,10.10294099978637,1.0,0.0,0,0,0,nan,60.0,0.17442134568233683,0,0,0.014047069696928066,-0.03595293030307195,0.7066983541224867,1.0510133052093376,0.09531016603792394,workspace_boundary_crossing,21,93b3275e2711fe4877f1e2efb09bec94e83d458937545c86b16e837dd106bd17
shoulder_relative,cbf_qp,80,5.829156376628155,10.096271999827877,1.0,0.0,0,0,0,nan,60.0,0.17442134568233683,0,0,0.014047069696928066,-0.03595293030307195,0.7066983541224867,1.0510133052093376,0.09531016603792394,workspace_boundary_crossing,22,93b3275e2711fe4877f1e2efb09bec94e83d458937545c86b16e837dd106bd17
shoulder_relative,cbf_qp,80,5.838825480493272,10.096177000377793,1.0,0.0,0,0,0,nan,60.0,0.17442134568233683,0,0,0.014047069696928066,-0.03595293030307195,0.7066983541224867,1.0510133052093376,0.09531016603792394,workspace_boundary_crossing,23,93b3275e2711fe4877f1e2efb09bec94e83d458937545c86b16e837dd106bd17
shoulder_relative,cbf_qp,80,5.860475740271133,10.154672999760805,1.0,0.0,0,0,0,nan,60.0,0.17442134568233683,0,0,0.014047069696928066,-0.03595293030307195,0.7066983541224867,1.0510133052093376,0.09531016603792394,workspace_boundary_crossing,24,93b3275e2711fe4877f1e2efb09bec94e83d458937545c86b16e837dd106bd17
shoulder_relative,cbf_qp,80,5.810803155858972,10.037996000392013,1.0,0.0,0,0,0,nan,60.0,0.17442134568233683,0,0,0.014047069696928066,-0.03595293030307195,0.7066983541224867,1.0510133052093376,0.09531016603792394,workspace_boundary_crossing,25,93b3275e2711fe4877f1e2efb09bec94e83d458937545c86b16e837dd106bd17
shoulder_relative,cbf_qp,80,5.837031415603042,10.07778099983625,1.0,0.0,0,0,0,nan,60.0,0.17442134568233683,0,0,0.014047069696928066,-0.03595293030307195,0.7066983541224867,1.0510133052093376,0.09531016603792394,workspace_boundary_crossing,26,93b3275e2711fe4877f1e2efb09bec94e83d458937545c86b16e837dd106bd17
shoulder_relative,cbf_qp,80,5.821497155855988,10.081942999931925,1.0,0.0,0,0,0,nan,60.0,0.17442134568233683,0,0,0.014047069696928066,-0.03595293030307195,0.7066983541224867,1.0510133052093376,0.09531016603792394,workspace_boundary_crossing,27,93b3275e2711fe4877f1e2efb09bec94e83d458937545c86b16e837dd106bd17
shoulder_relative,cbf_qp,80,5.8099562467476344,10.026967000158038,1.0,0.0,0,0,0,nan,60.0,0.17442134568233683,0,0,0.014047069696928066,-0.03595293030307195,0.7066983541224867,1.0510133052093376,0.09531016603792394,workspace_boundary_crossing,28,93b3275e2711fe4877f1e2efb09bec94e83d458937545c86b16e837dd106bd17
shoulder_relative,cbf_qp,80,5.843699246754539,10.112031999597093,1.0,0.0,0,0,0,nan,60.0,0.17442134568233683,0,0,0.014047069696928066,-0.03595293030307195,0.7066983541224867,1.0510133052093376,0.09531016603792394,workspace_boundary_crossing,29,93b3275e2711fe4877f1e2efb09bec94e83d458937545c86b16e837dd106bd17
shoulder_relative,cbf_qp,80,9.996377298683875,10.11414300000979,1.0,0.0,0,0,0,nan,100.0,0.15970580481997895,0,0,0.014047069696928066,-0.03595293030307195,0.169550061723323,1.0525245174626983,0.06108059656497612,obstacle_intersection,0,eb8b7d9e4d56f3c375d373da04affa7b70db8f5bd7148d2d633754e2d36b962f
shoulder_relative,cbf_qp,80,9.982354285730489,10.094469000250683,1.0,0.0,0,0,0,nan,100.0,0.15970580481997895,0,0,0.014047069696928066,-0.03595293030307195,0.169550061723323,1.0525245174626983,0.06108059656497612,obstacle_intersection,1,eb8b7d9e4d56f3c375d373da04affa7b70db8f5bd7148d2d633754e2d36b962f
shoulder_relative,cbf_qp,80,10.004508233749505,10.112298999956693,1.0,0.0,0,0,0,nan,100.0,0.15970580481997895,0,0,0.014047069696928066,-0.03595293030307195,0.169550061723323,1.0525245174626983,0.06108059656497612,obstacle_intersection,2,eb8b7d9e4d56f3c375d373da04affa7b70db8f5bd7148d2d633754e2d36b962f
shoulder_relative,cbf_qp,80,9.985514753219382,10.084224000365793,1.0,0.0,0,0,0,nan,100.0,0.15970580481997895,0,0,0.014047069696928066,-0.03595293030307195,0.169550061723323,1.0525245174626983,0.06108059656497612,obstacle_intersection,3,eb8b7d9e4d56f3c375d373da04affa7b70db8f5bd7148d2d633754e2d36b962f
shoulder_relative,cbf_qp,80,9.966369584404887,10.105913000188593,1.0,0.0,0,0,0,nan,100.0,0.15970580481997895,0,0,0.014047069696928066,-0.03595293030307195,0.169550061723323,1.0525245174626983,0.06108059656497612,obstacle_intersection,4,eb8b7d9e4d56f3c375d373da04affa7b70db8f5bd7148d2d633754e2d36b962f
shoulder_relative,cbf_qp,80,9.981253441517104,10.094516999743064,1.0,0.0,0,0,0,nan,100.0,0.15970580481997895,0,0,0.014047069696928066,-0.03595293030307195,0.169550061723323,1.0525245174626983,0.06108059656497612,obstacle_intersection,5,eb8b7d9e4d56f3c375d373da04affa7b70db8f5bd7148d2d633754e2d36b962f
shoulder_relative,cbf_qp,80,9.998117415578873,10.168019000047934,1.0,0.0,0,0,0,nan,100.0,0.15970580481997895,0,0,0.014047069696928066,-0.03595293030307195,0.169550061723323,1.0525245174626983,0.06108059656497612,obstacle_intersection,6,eb8b7d9e4d56f3c375d373da04affa7b70db8f5bd7148d2d633754e2d36b962f
shoulder_relative,cbf_qp,80,9.914828545487428,10.02468799970302,1.0,0.0,0,0,0,nan,100.0,0.15970580481997895,0,0,0.014047069696928066,-0.03595293030307195,0.169550061723323,1.0525245174626983,0.06108059656497612,obstacle_intersection,7,eb8b7d9e4d56f3c375d373da04affa7b70db8f5bd7148d2d633754e2d36b962f
shoulder_relative,cbf_qp,80,9.968611181848955,10.124092999831191,1.0,0.0,0,0,0,nan,100.0,0.15970580481997895,0,0,0.014047069696928066,-0.03595293030307195,0.169550061723323,1.0525245174626983,0.06108059656497612,obstacle_intersection,8,eb8b7d9e4d56f3c375d373da04affa7b70db8f5bd7148d2d633754e2d36b962f
shoulder_relative,cbf_qp,80,9.952108181804961,10.06407200020476,1.0,0.0,0,0,0,nan,100.0,0.15970580481997895,0,0,0.014047069696928066,-0.03595293030307195,0.169550061723323,1.0525245174626983,0.06108059656497612,obstacle_intersection,9,eb8b7d9e4d56f3c375d373da04affa7b70db8f5bd7148d2d633754e2d36b962f
shoulder_relative,cbf_qp,80,9.92651588309512,10.040169000149035,1.0,0.0,0,0,0,nan,100.0,0.15970580481997895,0,0,0.014047069696928066,-0.03595293030307195,0.169550061723323,1.0525245174626983,0.06108059656497612,obstacle_intersection,10,eb8b7d9e4d56f3c375d373da04affa7b70db8f5bd7148d2d633754e2d36b962f
shoulder_relative,cbf_qp,80,9.914367090932029,10.023453000030713,1.0,0.0,0,0,0,nan,100.0,0.15970580481997895,0,0,0.014047069696928066,-0.03595293030307195,0.169550061723323,1.0525245174626983,0.06108059656497612,obstacle_intersection,11,eb8b7d9e4d56f3c375d373da04affa7b70db8f5bd7148d2d633754e2d36b962f
shoulder_relative,cbf_qp,80,10.003755233745844,10.106412999903114,1.0,0.0,0,0,0,nan,100.0,0.15970580481997895,0,0,0.014047069696928066,-0.03595293030307195,0.169550061723323,1.0525245174626983,0.06108059656497612,obstacle_intersection,12,eb8b7d9e4d56f3c375d373da04affa7b70db8f5bd7148d2d633754e2d36b962f
shoulder_relative,cbf_qp,80,9.931374493495335,10.053202000108286,1.0,0.0,0,0,0,nan,100.0,0.15970580481997895,0,0,0.014047069696928066,-0.03595293030307195,0.169550061723323,1.0525245174626983,0.06108059656497612,obstacle_intersection,13,eb8b7d9e4d56f3c375d373da04affa7b70db8f5bd7148d2d633754e2d36b962f
shoulder_relative,cbf_qp,80,9.927823077872178,10.072739999941405,1.0,0.0,0,0,0,nan,100.0,0.15970580481997895,0,0,0.014047069696928066,-0.03595293030307195,0.169550061723323,1.0525245174626983,0.06108059656497612,obstacle_intersection,14,eb8b7d9e4d56f3c375d373da04affa7b70db8f5bd7148d2d633754e2d36b962f
shoulder_relative,cbf_qp,80,9.966339350645379,10.0997350000398,1.0,0.0,0,0,0,nan,100.0,0.15970580481997895,0,0,0.014047069696928066,-0.03595293030307195,0.169550061723323,1.0525245174626983,0.06108059656497612,obstacle_intersection,15,eb8b7d9e4d56f3c375d373da04affa7b70db8f5bd7148d2d633754e2d36b962f
shoulder_relative,cbf_qp,80,9.97548702596098,10.115124999629188,1.0,0.0,0,0,0,nan,100.0,0.15970580481997895,0,0,0.014047069696928066,-0.03595293030307195,0.169550061723323,1.0525245174626983,0.06108059656497612,obstacle_intersection,16,eb8b7d9e4d56f3c375d373da04affa7b70db8f5bd7148d2d633754e2d36b962f
shoulder_relative,cbf_qp,80,9.957808155820215,10.068344000046636,1.0,0.0,0,0,0,nan,100.0,0.15970580481997895,0,0,0.014047069696928066,-0.03595293030307195,0.169550061723323,1.0525245174626983,0.06108059656497612,obstacle_intersection,17,eb8b7d9e4d56f3c375d373da04affa7b70db8f5bd7148d2d633754e2d36b962f
shoulder_relative,cbf_qp,80,9.965227363645445,10.082184000111738,1.0,0.0,0,0,0,nan,100.0,0.15970580481997895,0,0,0.014047069696928066,-0.03595293030307195,0.169550061723323,1.0525245174626983,0.06108059656497612,obstacle_intersection,18,eb8b7d9e4d56f3c375d373da04affa7b70db8f5bd7148d2d633754e2d36b962f
shoulder_relative,cbf_qp,80,9.961826727272614,10.07155299976148,1.0,0.0,0,0,0,nan,100.0,0.15970580481997895,0,0,0.014047069696928066,-0.03595293030307195,0.169550061723323,1.0525245174626983,0.06108059656497612,obstacle_intersection,19,eb8b7d9e4d56f3c375d373da04affa7b70db8f5bd7148d2d633754e2d36b962f
shoulder_relative,cbf_qp,80,9.946688155828092,10.056127000098058,1.0,0.0,0,0,0,nan,100.0,0.15970580481997895,0,0,0.014047069696928066,-0.03595293030307195,0.169550061723323,1.0525245174626983,0.06108059656497612,obstacle_intersection,20,eb8b7d9e4d56f3c375d373da04affa7b70db8f5bd7148d2d633754e2d36b962f
shoulder_relative,cbf_qp,80,9.992655012989747,10.103876999892236,1.0,0.0,0,0,0,nan,100.0,0.15970580481997895,0,0,0.014047069696928066,-0.03595293030307195,0.169550061723323,1.0525245174626983,0.06108059656497612,obstacle_intersection,21,eb8b7d9e4d56f3c375d373da04affa7b70db8f5bd7148d2d633754e2d36b962f
shoulder_relative,cbf_qp,80,9.967707870140208,10.12533799985249,1.0,0.0,0,0,0,nan,100.0,0.15970580481997895,0,0,0.014047069696928066,-0.03595293030307195,0.169550061723323,1.0525245174626983,0.06108059656497612,obstacle_intersection,22,eb8b7d9e4d56f3c375d373da04affa7b70db8f5bd7148d2d633754e2d36b962f
shoulder_relative,cbf_qp,80,9.963082974052243,10.041928000191547,1.0,0.0,0,0,0,nan,100.0,0.15970580481997895,0,0,0.014047069696928066,-0.03595293030307195,0.169550061723323,1.0525245174626983,0.06108059656497612,obstacle_intersection,23,eb8b7d9e4d56f3c375d373da04affa7b70db8f5bd7148d2d633754e2d36b962f
shoulder_relative,cbf_qp,80,9.939594987006242,10.089407000123174,1.0,0.0,0,0,0,nan,100.0,0.15970580481997895,0,0,0.014047069696928066,-0.03595293030307195,0.169550061723323,1.0525245174626983,0.06108059656497612,obstacle_intersection,24,eb8b7d9e4d56f3c375d373da04affa7b70db8f5bd7148d2d633754e2d36b962f
shoulder_relative,cbf_qp,80,9.913364675347632,10.059027999886894,1.0,0.0,0,0,0,nan,100.0,0.15970580481997895,0,0,0.014047069696928066,-0.03595293030307195,0.169550061723323,1.0525245174626983,0.06108059656497612,obstacle_intersection,25,eb8b7d9e4d56f3c375d373da04affa7b70db8f5bd7148d2d633754e2d36b962f
shoulder_relative,cbf_qp,80,9.974309000007416,10.099611999976332,1.0,0.0,0,0,0,nan,100.0,0.15970580481997895,0,0,0.014047069696928066,-0.03595293030307195,0.169550061723323,1.0525245174626983,0.06108059656497612,obstacle_intersection,26,eb8b7d9e4d56f3c375d373da04affa7b70db8f5bd7148d2d633754e2d36b962f
shoulder_relative,cbf_qp,80,9.961970025993981,10.06752300008884,1.0,0.0,0,0,0,nan,100.0,0.15970580481997895,0,0,0.014047069696928066,-0.03595293030307195,0.169550061723323,1.0525245174626983,0.06108059656497612,obstacle_intersection,27,eb8b7d9e4d56f3c375d373da04affa7b70db8f5bd7148d2d633754e2d36b962f
shoulder_relative,cbf_qp,80,9.958179753261724,10.057456999675196,1.0,0.0,0,0,0,nan,100.0,0.15970580481997895,0,0,0.014047069696928066,-0.03595293030307195,0.169550061723323,1.0525245174626983,0.06108059656497612,obstacle_intersection,28,eb8b7d9e4d56f3c375d373da04affa7b70db8f5bd7148d2d633754e2d36b962f
shoulder_relative,cbf_qp,80,9.961023155843671,10.086954000144033,1.0,0.0,0,0,0,nan,100.0,0.15970580481997895,0,0,0.014047069696928066,-0.03595293030307195,0.169550061723323,1.0525245174626983,0.06108059656497612,obstacle_intersection,29,eb8b7d9e4d56f3c375d373da04affa7b70db8f5bd7148d2d633754e2d36b962f
sew_orientation,reject,80,0.001861324698757607,0.0019710000742634293,1.0,0.0,0,0,0,nan,0.0,0.0,0,0,nan,nan,0.2588216996819622,1.5998275760124292,0.08055365778435367,horizontal_sweep,0,26144b426aae9b86aec45d41514b815fab3c472ce45eeeeb33e642d68ffef3f9
sew_orientation,reject,80,0.001859519511231451,0.002017999577219598,1.0,0.0,0,0,0,nan,0.0,0.0,0,0,nan,nan,0.2588216996819622,1.5998275760124292,0.08055365778435367,horizontal_sweep,1,26144b426aae9b86aec45d41514b815fab3c472ce45eeeeb33e642d68ffef3f9
sew_orientation,reject,80,0.0018600649304794565,0.0019559997781470884,1.0,0.0,0,0,0,nan,0.0,0.0,0,0,nan,nan,0.2588216996819622,1.5998275760124292,0.08055365778435367,horizontal_sweep,2,26144b426aae9b86aec45d41514b815fab3c472ce45eeeeb33e642d68ffef3f9
sew_orientation,reject,80,0.0018609090714905162,0.0019799999790848233,1.0,0.0,0,0,0,nan,0.0,0.0,0,0,nan,nan,0.2588216996819622,1.5998275760124292,0.08055365778435367,horizontal_sweep,3,26144b426aae9b86aec45d41514b815fab3c472ce45eeeeb33e642d68ffef3f9
sew_orientation,reject,80,0.001853974026744254,0.0020020002011733595,1.0,0.0,0,0,0,nan,0.0,0.0,0,0,nan,nan,0.2588216996819622,1.5998275760124292,0.08055365778435367,horizontal_sweep,4,26144b426aae9b86aec45d41514b815fab3c472ce45eeeeb33e642d68ffef3f9
sew_orientation,reject,80,0.0018822337516247864,0.002061000031972071,1.0,0.0,0,0,0,nan,0.0,0.0,0,0,nan,nan,0.2588216996819622,1.5998275760124292,0.08055365778435367,horizontal_sweep,5,26144b426aae9b86aec45d41514b815fab3c472ce45eeeeb33e642d68ffef3f9
sew_orientation,reject,80,0.001886519467833833,0.0020900001800328027,1.0,0.0,0,0,0,nan,0.0,0.0,0,0,nan,nan,0.2588216996819622,1.5998275760124292,0.08055365778435367,horizontal_sweep,6,26144b426aae9b86aec45d41514b815fab3c472ce45eeeeb33e642d68ffef3f9
sew_orientation,reject,80,0.0018523376745072815,0.001934000010805903,1.0,0.0,0,0,0,nan,0.0,0.0,0,0,nan,nan,0.2588216996819622,1.5998275760124292,0.08055365778435367,horizontal_sweep,7,26144b426aae9b86aec45d41514b815fab3c472ce45eeeeb33e642d68ffef3f9
sew_orientation,reject,80,0.0018617533010887224,0.001945999883901095,1.0,0.0,0,0,0,nan,0.0,0.0,0,0,nan,nan,0.2588216996819622,1.5998275760124292,0.08055365778435367,horizontal_sweep,8,26144b426aae9b86aec45d41514b815fab3c472ce45eeeeb33e642d68ffef3f9
sew_orientation,reject,80,0.001864922057405226,0.0019839999367832206,1.0,0.0,0,0,0,nan,0.0,0.0,0,0,nan,nan,0.2588216996819622,1.5998275760124292,0.08055365778435367,horizontal_sweep,9,26144b426aae9b86aec45d41514b815fab3c472ce45eeeeb33e642d68ffef3f9
sew_orientation,reject,80,0.0018794285628624115,0.002015000063693151,1.0,0.0,0,0,0,nan,0.0,0.0,0,0,nan,nan,0.2588216996819622,1.5998275760124292,0.08055365778435367,horizontal_sweep,10,26144b426aae9b86aec45d41514b815fab3c472ce45eeeeb33e642d68ffef3f9
sew_orientation,reject,80,0.0018657792207267885,0.001978999989660224,1.0,0.0,0,0,0,nan,0.0,0.0,0,0,nan,nan,0.2588216996819622,1.5998275760124292,0.08055365778435367,horizontal_sweep,11,26144b426aae9b86aec45d41514b815fab3c472ce45eeeeb33e642d68ffef3f9
sew_orientation,reject,80,0.0018738831019984533,0.002019000021391548,1.0,0.0,0,0,0,nan,0.0,0.0,0,0,nan,nan,0.2588216996819622,1.5998275760124292,0.08055365778435367,horizontal_sweep,12,26144b426aae9b86aec45d41514b815fab3c472ce45eeeeb33e642d68ffef3f9
sew_orientation,reject,80,0.001896103911987028,0.0021189998733461834,1.0,0.0,0,0,0,nan,0.0,0.0,0,0,nan,nan,0.2588216996819622,1.5998275760124292,0.08055365778435367,horizontal_sweep,13,26144b426aae9b86aec45d41514b815fab3c472ce45eeeeb33e642d68ffef3f9
sew_orientation,reject,80,0.0018717792045208625,0.0020139996195212007,1.0,0.0,0,0,0,nan,0.0,0.0,0,0,nan,nan,0.2588216996819622,1.5998275760124292,0.08055365778435367,horizontal_sweep,14,26144b426aae9b86aec45d41514b815fab3c472ce45eeeeb33e642d68ffef3f9
sew_orientation,reject,80,0.0018831687948595453,0.0021249998098937795,1.0,0.0,0,0,0,nan,0.0,0.0,0,0,nan,nan,0.2588216996819622,1.5998275760124292,0.08055365778435367,horizontal_sweep,15,26144b426aae9b86aec45d41514b815fab3c472ce45eeeeb33e642d68ffef3f9
sew_orientation,reject,80,0.0018698181862985964,0.002050999682978727,1.0,0.0,0,0,0,nan,0.0,0.0,0,0,nan,nan,0.2588216996819622,1.5998275760124292,0.08055365778435367,horizontal_sweep,16,26144b426aae9b86aec45d41514b815fab3c472ce45eeeeb33e642d68ffef3f9
sew_orientation,reject,80,0.001871454556252998,0.002017999577219598,1.0,0.0,0,0,0,nan,0.0,0.0,0,0,nan,nan,0.2588216996819622,1.5998275760124292,0.08055365778435367,horizontal_sweep,17,26144b426aae9b86aec45d41514b815fab3c472ce45eeeeb33e642d68ffef3f9
sew_orientation,reject,80,0.001865987028454524,0.0019650001377158333,1.0,0.0,0,0,0,nan,0.0,0.0,0,0,nan,nan,0.2588216996819622,1.5998275760124292,0.08055365778435367,horizontal_sweep,18,26144b426aae9b86aec45d41514b815fab3c472ce45eeeeb33e642d68ffef3f9
sew_orientation,reject,80,0.001863922062074817,0.001980000433832174,1.0,0.0,0,0,0,nan,0.0,0.0,0,0,nan,nan,0.2588216996819622,1.5998275760124292,0.08055365778435367,horizontal_sweep,19,26144b426aae9b86aec45d41514b815fab3c472ce45eeeeb33e642d68ffef3f9
sew_orientation,reject,80,0.0019330519570722607,0.0020170000425423495,1.0,0.0,0,0,0,nan,0.0,0.0,0,0,nan,nan,0.2588216996819622,1.5998275760124292,0.08055365778435367,horizontal_sweep,20,26144b426aae9b86aec45d41514b815fab3c472ce45eeeeb33e642d68ffef3f9
sew_orientation,reject,80,0.001900649336179909,0.002078999841614859,1.0,0.0,0,0,0,nan,0.0,0.0,0,0,nan,nan,0.2588216996819622,1.5998275760124292,0.08055365778435367,horizontal_sweep,21,26144b426aae9b86aec45d41514b815fab3c472ce45eeeeb33e642d68ffef3f9
sew_orientation,reject,80,0.0018837402114820782,0.0019809999685094226,1.0,0.0,0,0,0,nan,0.0,0.0,0,0,nan,nan,0.2588216996819622,1.5998275760124292,0.08055365778435367,horizontal_sweep,22,26144b426aae9b86aec45d41514b815fab3c472ce45eeeeb33e642d68ffef3f9
sew_orientation,reject,80,0.0018773376817895135,0.0019829999473586213,1.0,0.0,0,0,0,nan,0.0,0.0,0,0,nan,nan,0.2588216996819622,1.5998275760124292,0.08055365778435367,horizontal_sweep,23,26144b426aae9b86aec45d41514b815fab3c472ce45eeeeb33e642d68ffef3f9
sew_orientation,reject,80,0.00196861040646357,0.002045000201178482,1.0,0.0,0,0,0,nan,0.0,0.0,0,0,nan,nan,0.2588216996819622,1.5998275760124292,0.08055365778435367,horizontal_sweep,24,26144b426aae9b86aec45d41514b815fab3c472ce45eeeeb33e642d68ffef3f9
sew_orientation,reject,80,0.0018931428748111137,0.0020219999896653462,1.0,0.0,0,0,0,nan,0.0,0.0,0,0,nan,nan,0.2588216996819622,1.5998275760124292,0.08055365778435367,horizontal_sweep,25,26144b426aae9b86aec45d41514b815fab3c472ce45eeeeb33e642d68ffef3f9
sew_orientation,reject,80,0.0018978311487302705,0.0020140000742685515,1.0,0.0,0,0,0,nan,0.0,0.0,0,0,nan,nan,0.2588216996819622,1.5998275760124292,0.08055365778435367,horizontal_sweep,26,26144b426aae9b86aec45d41514b815fab3c472ce45eeeeb33e642d68ffef3f9
sew_orientation,reject,80,0.0018941168668611859,0.00199999976757681,1.0,0.0,0,0,0,nan,0.0,0.0,0,0,nan,nan,0.2588216996819622,1.5998275760124292,0.08055365778435367,horizontal_sweep,27,26144b426aae9b86aec45d41514b815fab3c472ce45eeeeb33e642d68ffef3f9
sew_orientation,reject,80,0.0018959739900782989,0.002041999778157333,1.0,0.0,0,0,0,nan,0.0,0.0,0,0,nan,nan,0.2588216996819622,1.5998275760124292,0.08055365778435367,horizontal_sweep,28,26144b426aae9b86aec45d41514b815fab3c472ce45eeeeb33e642d68ffef3f9
sew_orientation,reject,80,0.0018955454527110908,0.002039000264630886,1.0,0.0,0,0,0,nan,0.0,0.0,0,0,nan,nan,0.2588216996819622,1.5998275760124292,0.08055365778435367,horizontal_sweep,29,26144b426aae9b86aec45d41514b815fab3c472ce45eeeeb33e642d68ffef3f9
sew_orientation,reject,80,0.0018948831161474295,0.002023999968514545,1.0,0.0,0,0,0,nan,0.0,0.0,0,0,nan,nan,0.21568474973496854,1.5945130878892813,0.08055365778435367,vertical_sweep,0,629272caf471f89606b5dd3049b26f55990e596954231224db53f6c031c7f5d0
sew_orientation,reject,80,0.0018900130082518255,0.0020489997041295283,1.0,0.0,0,0,0,nan,0.0,0.0,0,0,nan,nan,0.21568474973496854,1.5945130878892813,0.08055365778435367,vertical_sweep,1,629272caf471f89606b5dd3049b26f55990e596954231224db53f6c031c7f5d0
sew_orientation,reject,80,0.0018570129792682235,0.001973000053112628,1.0,0.0,0,0,0,nan,0.0,0.0,0,0,nan,nan,0.21568474973496854,1.5945130878892813,0.08055365778435367,vertical_sweep,2,629272caf471f89606b5dd3049b26f55990e596954231224db53f6c031c7f5d0
sew_orientation,reject,80,0.001863545413152088,0.0019449998944764957,1.0,0.0,0,0,0,nan,0.0,0.0,0,0,nan,nan,0.21568474973496854,1.5945130878892813,0.08055365778435367,vertical_sweep,3,629272caf471f89606b5dd3049b26f55990e596954231224db53f6c031c7f5d0
sew_orientation,reject,80,0.0018783506817129962,0.001987999894481618,1.0,0.0,0,0,0,nan,0.0,0.0,0,0,nan,nan,0.21568474973496854,1.5945130878892813,0.08055365778435367,vertical_sweep,4,629272caf471f89606b5dd3049b26f55990e596954231224db53f6c031c7f5d0
sew_orientation,reject,80,0.0018769351063619743,0.0020020002011733595,1.0,0.0,0,0,0,nan,0.0,0.0,0,0,nan,nan,0.21568474973496854,1.5945130878892813,0.08055365778435367,vertical_sweep,5,629272caf471f89606b5dd3049b26f55990e596954231224db53f6c031c7f5d0
sew_orientation,reject,80,0.001867324658928442,0.001989000338653568,1.0,0.0,0,0,0,nan,0.0,0.0,0,0,nan,nan,0.21568474973496854,1.5945130878892813,0.08055365778435367,vertical_sweep,6,629272caf471f89606b5dd3049b26f55990e596954231224db53f6c031c7f5d0
sew_orientation,reject,80,0.0018569740127354812,0.0019679996512422804,1.0,0.0,0,0,0,nan,0.0,0.0,0,0,nan,nan,0.21568474973496854,1.5945130878892813,0.08055365778435367,vertical_sweep,7,629272caf471f89606b5dd3049b26f55990e596954231224db53f6c031c7f5d0
sew_orientation,reject,80,0.0018699350918026326,0.0019740000425372273,1.0,0.0,0,0,0,nan,0.0,0.0,0,0,nan,nan,0.21568474973496854,1.5945130878892813,0.08055365778435367,vertical_sweep,8,629272caf471f89606b5dd3049b26f55990e596954231224db53f6c031c7f5d0
sew_orientation,reject,80,0.001956064948757699,0.001961000180017436,1.0,0.0,0,0,0,nan,0.0,0.0,0,0,nan,nan,0.21568474973496854,1.5945130878892813,0.08055365778435367,vertical_sweep,9,629272caf471f89606b5dd3049b26f55990e596954231224db53f6c031c7f5d0
sew_orientation,reject,80,0.0018762727107402154,0.0020019997464260086,1.0,0.0,0,0,0,nan,0.0,0.0,0,0,nan,nan,0.21568474973496854,1.5945130878892813,0.08055365778435367,vertical_sweep,10,629272caf471f89606b5dd3049b26f55990e596954231224db53f6c031c7f5d0
sew_orientation,reject,80,0.0018544675280187314,0.0019690000954142306,1.0,0.0,0,0,0,nan,0.0,0.0,0,0,nan,nan,0.21568474973496854,1.5945130878892813,0.08055365778435367,vertical_sweep,11,629272caf471f89606b5dd3049b26f55990e596954231224db53f6c031c7f5d0
sew_orientation,reject,80,0.0018713116710918636,0.001958000211743638,1.0,0.0,0,0,0,nan,0.0,0.0,0,0,nan,nan,0.21568474973496854,1.5945130878892813,0.08055365778435367,vertical_sweep,12,629272caf471f89606b5dd3049b26f55990e596954231224db53f6c031c7f5d0
sew_orientation,reject,80,0.0018741038847902138,0.001981999957934022,1.0,0.0,0,0,0,nan,0.0,0.0,0,0,nan,nan,0.21568474973496854,1.5945130878892813,0.08055365778435367,vertical_sweep,13,629272caf471f89606b5dd3049b26f55990e596954231224db53f6c031c7f5d0
sew_orientation,reject,80,0.001871896104119089,0.002003000190597959,1.0,0.0,0,0,0,nan,0.0,0.0,0,0,nan,nan,0.21568474973496854,1.5945130878892813,0.08055365778435367,vertical_sweep,14,629272caf471f89606b5dd3049b26f55990e596954231224db53f6c031c7f5d0
sew_orientation,reject,80,0.0018907402496646589,0.001995000275201164,1.0,0.0,0,0,0,nan,0.0,0.0,0,0,nan,nan,0.21568474973496854,1.5945130878892813,0.08055365778435367,vertical_sweep,15,629272caf471f89606b5dd3049b26f55990e596954231224db53f6c031c7f5d0
sew_orientation,reject,80,0.0018537272702012055,0.0019480003174976446,1.0,0.0,0,0,0,nan,0.0,0.0,0,0,nan,nan,0.21568474973496854,1.5945130878892813,0.08055365778435367,vertical_sweep,16,629272caf471f89606b5dd3049b26f55990e596954231224db53f6c031c7f5d0
sew_orientation,reject,80,0.0018580519411313748,0.00198499992620782,1.0,0.0,0,0,0,nan,0.0,0.0,0,0,nan,nan,0.21568474973496854,1.5945130878892813,0.08055365778435367,vertical_sweep,17,629272caf471f89606b5dd3049b26f55990e596954231224db53f6c031c7f5d0
sew_orientation,reject,80,0.0018638701263838599,0.001945999883901095,1.0,0.0,0,0,0,nan,0.0,0.0,0,0,nan,nan,0.21568474973496854,1.5945130878892813,0.08055365778435367,vertical_sweep,18,629272caf471f89606b5dd3049b26f55990e596954231224db53f6c031c7f5d0
sew_orientation,reject,80,0.0018666883551741666,0.0019500002963468432,1.0,0.0,0,0,0,nan,0.0,0.0,0,0,nan,nan,0.21568474973496854,1.5945130878892813,0.08055365778435367,vertical_sweep,19,629272caf471f89606b5dd3049b26f55990e596954231224db53f6c031c7f5d0
sew_orientation,reject,80,0.0018804026434996299,0.002013000084843952,1.0,0.0,0,0,0,nan,0.0,0.0,0,0,nan,nan,0.21568474973496854,1.5945130878892813,0.08055365778435367,vertical_sweep,20,629272caf471f89606b5dd3049b26f55990e596954231224db53f6c031c7f5d0
sew_orientation,reject,80,0.001868454540732722,0.001951999820448691,1.0,0.0,0,0,0,nan,0.0,0.0,0,0,nan,nan,0.21568474973496854,1.5945130878892813,0.08055365778435367,vertical_sweep,21,629272caf471f89606b5dd3049b26f55990e596954231224db53f6c031c7f5d0
sew_orientation,reject,80,0.0018854545558426323,0.0019989997781522106,1.0,0.0,0,0,0,nan,0.0,0.0,0,0,nan,nan,0.21568474973496854,1.5945130878892813,0.08055365778435367,vertical_sweep,22,629272caf471f89606b5dd3049b26f55990e596954231224db53f6c031c7f5d0
sew_orientation,reject,80,0.0019572597413169608,0.002049000158876879,1.0,0.0,0,0,0,nan,0.0,0.0,0,0,nan,nan,0.21568474973496854,1.5945130878892813,0.08055365778435367,vertical_sweep,23,629272caf471f89606b5dd3049b26f55990e596954231224db53f6c031c7f5d0
sew_orientation,reject,80,0.0018742467994803968,0.0019859999156324193,1.0,0.0,0,0,0,nan,0.0,0.0,0,0,nan,nan,0.21568474973496854,1.5945130878892813,0.08055365778435367,vertical_sweep,24,629272caf471f89606b5dd3049b26f55990e596954231224db53f6c031c7f5d0
sew_orientation,reject,80,0.0018591428268738635,0.001967000116565032,1.0,0.0,0,0,0,nan,0.0,0.0,0,0,nan,nan,0.21568474973496854,1.5945130878892813,0.08055365778435367,vertical_sweep,25,629272caf471f89606b5dd3049b26f55990e596954231224db53f6c031c7f5d0
sew_orientation,reject,80,0.0018558830974639436,0.0019959998098784126,1.0,0.0,0,0,0,nan,0.0,0.0,0,0,nan,nan,0.21568474973496854,1.5945130878892813,0.08055365778435367,vertical_sweep,26,629272caf471f89606b5dd3049b26f55990e596954231224db53f6c031c7f5d0
sew_orientation,reject,80,0.0019111298688467406,0.0021710002329200506,1.0,0.0,0,0,0,nan,0.0,0.0,0,0,nan,nan,0.21568474973496854,1.5945130878892813,0.08055365778435367,vertical_sweep,27,629272caf471f89606b5dd3049b26f55990e596954231224db53f6c031c7f5d0
sew_orientation,reject,80,0.0018793506593259759,0.002037000285781687,1.0,0.0,0,0,0,nan,0.0,0.0,0,0,nan,nan,0.21568474973496854,1.5945130878892813,0.08055365778435367,vertical_sweep,28,629272caf471f89606b5dd3049b26f55990e596954231224db53f6c031c7f5d0
sew_orientation,reject,80,0.001878272671871985,0.001993999831029214,1.0,0.0,0,0,0,nan,0.0,0.0,0,0,nan,nan,0.21568474973496854,1.5945130878892813,0.08055365778435367,vertical_sweep,29,629272caf471f89606b5dd3049b26f55990e596954231224db53f6c031c7f5d0
sew_orientation,reject,80,0.0018728960876378787,0.0019690000954142306,1.0,0.0,0,0,0,nan,0.0,0.0,0,0,nan,nan,0.4492472638515502,1.5317526726263682,0.09499816440653487,circle,0,42247944be5fa752a9f29712f2ed675af5ff74baede5f2e22e5f68a3c6c543d3
sew_orientation,reject,80,0.0018756752967431555,0.0019750000319618266,1.0,0.0,0,0,0,nan,0.0,0.0,0,0,nan,nan,0.4492472638515502,1.5317526726263682,0.09499816440653487,circle,1,42247944be5fa752a9f29712f2ed675af5ff74baede5f2e22e5f68a3c6c543d3
sew_orientation,reject,80,0.001870948068102876,0.0019419999262026977,1.0,0.0,0,0,0,nan,0.0,0.0,0,0,nan,nan,0.4492472638515502,1.5317526726263682,0.09499816440653487,circle,2,42247944be5fa752a9f29712f2ed675af5ff74baede5f2e22e5f68a3c6c543d3
sew_orientation,reject,80,0.0018766363786931102,0.001976000021386426,1.0,0.0,0,0,0,nan,0.0,0.0,0,0,nan,nan,0.4492472638515502,1.5317526726263682,0.09499816440653487,circle,3,42247944be5fa752a9f29712f2ed675af5ff74baede5f2e22e5f68a3c6c543d3
sew_orientation,reject,80,0.0018679091510137651,0.0019829999473586213,1.0,0.0,0,0,0,nan,0.0,0.0,0,0,nan,nan,0.4492472638515502,1.5317526726263682,0.09499816440653487,circle,4,42247944be5fa752a9f29712f2ed675af5ff74baede5f2e22e5f68a3c6c543d3
sew_orientation,reject,80,0.0018942077808965045,0.002015000063693151,1.0,0.0,0,0,0,nan,0.0,0.0,0,0,nan,nan,0.4492472638515502,1.5317526726263682,0.09499816440653487,circle,5,42247944be5fa752a9f29712f2ed675af5ff74baede5f2e22e5f68a3c6c543d3
sew_orientation,reject,80,0.001995545487745828,0.0020410002434800845,1.0,0.0,0,0,0,nan,0.0,0.0,0,0,nan,nan,0.4492472638515502,1.5317526726263682,0.09499816440653487,circle,6,42247944be5fa752a9f29712f2ed675af5ff74baede5f2e22e5f68a3c6c543d3
sew_orientation,reject,80,0.0019658052058895755,0.002052000127150677,1.0,0.0,0,0,0,nan,0.0,0.0,0,0,nan,nan,0.4492472638515502,1.5317526726263682,0.09499816440653487,circle,7,42247944be5fa752a9f29712f2ed675af5ff74baede5f2e22e5f68a3c6c543d3
sew_orientation,reject,80,0.0018828181905578218,0.002018000031966949,1.0,0.0,0,0,0,nan,0.0,0.0,0,0,nan,nan,0.4492472638515502,1.5317526726263682,0.09499816440653487,circle,8,42247944be5fa752a9f29712f2ed675af5ff74baede5f2e22e5f68a3c6c543d3
sew_orientation,reject,80,0.0018760649620705775,0.0020049997146998066,1.0,0.0,0,0,0,nan,0.0,0.0,0,0,nan,nan,0.4492472638515502,1.5317526726263682,0.09499816440653487,circle,9,42247944be5fa752a9f29712f2ed675af5ff74baede5f2e22e5f68a3c6c543d3
sew_orientation,reject,80,0.0018686883104001263,0.0019660001271404326,1.0,0.0,0,0,0,nan,0.0,0.0,0,0,nan,nan,0.4492472638515502,1.5317526726263682,0.09499816440653487,circle,10,42247944be5fa752a9f29712f2ed675af5ff74baede5f2e22e5f68a3c6c543d3
sew_orientation,reject,80,0.0018664155835391614,0.0020069996935490053,1.0,0.0,0,0,0,nan,0.0,0.0,0,0,nan,nan,0.4492472638515502,1.5317526726263682,0.09499816440653487,circle,11,42247944be5fa752a9f29712f2ed675af5ff74baede5f2e22e5f68a3c6c543d3
sew_orientation,reject,80,0.001877805203406893,0.0019869999050570186,1.0,0.0,0,0,0,nan,0.0,0.0,0,0,nan,nan,0.4492472638515502,1.5317526726263682,0.09499816440653487,circle,12,42247944be5fa752a9f29712f2ed675af5ff74baede5f2e22e5f68a3c6c543d3
sew_orientation,reject,80,0.001874896072392887,0.0019799999790848233,1.0,0.0,0,0,0,nan,0.0,0.0,0,0,nan,nan,0.4492472638515502,1.5317526726263682,0.09499816440653487,circle,13,42247944be5fa752a9f29712f2ed675af5ff74baede5f2e22e5f68a3c6c543d3
sew_orientation,reject,80,0.0018699610301190625,0.001994000285776565,1.0,0.0,0,0,0,nan,0.0,0.0,0,0,nan,nan,0.4492472638515502,1.5317526726263682,0.09499816440653487,circle,14,42247944be5fa752a9f29712f2ed675af5ff74baede5f2e22e5f68a3c6c543d3
sew_orientation,reject,80,0.0018880649532819645,0.0020170000425423495,1.0,0.0,0,0,0,nan,0.0,0.0,0,0,nan,nan,0.4492472638515502,1.5317526726263682,0.09499816440653487,circle,15,42247944be5fa752a9f29712f2ed675af5ff74baede5f2e22e5f68a3c6c543d3
sew_orientation,reject,80,0.0018836623138514523,0.0020579996089509223,1.0,0.0,0,0,0,nan,0.0,0.0,0,0,nan,nan,0.4492472638515502,1.5317526726263682,0.09499816440653487,circle,16,42247944be5fa752a9f29712f2ed675af5ff74baede5f2e22e5f68a3c6c543d3
sew_orientation,reject,80,0.001871506491943955,0.001981999957934022,1.0,0.0,0,0,0,nan,0.0,0.0,0,0,nan,nan,0.4492472638515502,1.5317526726263682,0.09499816440653487,circle,17,42247944be5fa752a9f29712f2ed675af5ff74baede5f2e22e5f68a3c6c543d3
sew_orientation,reject,80,0.0018837792547903472,0.0020110001059947535,1.0,0.0,0,0,0,nan,0.0,0.0,0,0,nan,nan,0.4492472638515502,1.5317526726263682,0.09499816440653487,circle,18,42247944be5fa752a9f29712f2ed675af5ff74baede5f2e22e5f68a3c6c543d3
sew_orientation,reject,80,0.0018586104063131217,0.001952000275196042,1.0,0.0,0,0,0,nan,0.0,0.0,0,0,nan,nan,0.4492472638515502,1.5317526726263682,0.09499816440653487,circle,19,42247944be5fa752a9f29712f2ed675af5ff74baede5f2e22e5f68a3c6c543d3
sew_orientation,reject,80,0.001889714286488771,0.002009000127145555,1.0,0.0,0,0,0,nan,0.0,0.0,0,0,nan,nan,0.4492472638515502,1.5317526726263682,0.09499816440653487,circle,20,42247944be5fa752a9f29712f2ed675af5ff74baede5f2e22e5f68a3c6c543d3
sew_orientation,reject,80,0.0018539220497126286,0.0019619997146946844,1.0,0.0,0,0,0,nan,0.0,0.0,0,0,nan,nan,0.4492472638515502,1.5317526726263682,0.09499816440653487,circle,21,42247944be5fa752a9f29712f2ed675af5ff74baede5f2e22e5f68a3c6c543d3
sew_orientation,reject,80,0.0018833896130861642,0.002029999905062141,1.0,0.0,0,0,0,nan,0.0,0.0,0,0,nan,nan,0.4492472638515502,1.5317526726263682,0.09499816440653487,circle,22,42247944be5fa752a9f29712f2ed675af5ff74baede5f2e22e5f68a3c6c543d3
sew_orientation,reject,80,0.0018529610504440105,0.001987999894481618,1.0,0.0,0,0,0,nan,0.0,0.0,0,0,nan,nan,0.4492472638515502,1.5317526726263682,0.09499816440653487,circle,23,42247944be5fa752a9f29712f2ed675af5ff74baede5f2e22e5f68a3c6c543d3
sew_orientation,reject,80,0.001866597364363321,0.0019659996723930817,1.0,0.0,0,0,0,nan,0.0,0.0,0,0,nan,nan,0.4492472638515502,1.5317526726263682,0.09499816440653487,circle,24,42247944be5fa752a9f29712f2ed675af5ff74baede5f2e22e5f68a3c6c543d3
sew_orientation,reject,80,0.0018683636444148323,0.0019900003280781675,1.0,0.0,0,0,0,nan,0.0,0.0,0,0,nan,nan,0.4492472638515502,1.5317526726263682,0.09499816440653487,circle,25,42247944be5fa752a9f29712f2ed675af5ff74baede5f2e22e5f68a3c6c543d3
sew_orientation,reject,80,0.0018712986901220292,0.0019829999473586213,1.0,0.0,0,0,0,nan,0.0,0.0,0,0,nan,nan,0.4492472638515502,1.5317526726263682,0.09499816440653487,circle,26,42247944be5fa752a9f29712f2ed675af5ff74baede5f2e22e5f68a3c6c543d3
sew_orientation,reject,80,0.0018631688705339346,0.001980000433832174,1.0,0.0,0,0,0,nan,0.0,0.0,0,0,nan,nan,0.4492472638515502,1.5317526726263682,0.09499816440653487,circle,27,42247944be5fa752a9f29712f2ed675af5ff74baede5f2e22e5f68a3c6c543d3
sew_orientation,reject,80,0.0018900779071951877,0.0020279999262129422,1.0,0.0,0,0,0,nan,0.0,0.0,0,0,nan,nan,0.4492472638515502,1.5317526726263682,0.09499816440653487,circle,28,42247944be5fa752a9f29712f2ed675af5ff74baede5f2e22e5f68a3c6c543d3
sew_orientation,reject,80,0.0018475064918037516,0.0019859999156324193,1.0,0.0,0,0,0,nan,0.0,0.0,0,0,nan,nan,0.4492472638515502,1.5317526726263682,0.09499816440653487,circle,29,42247944be5fa752a9f29712f2ed675af5ff74baede5f2e22e5f68a3c6c543d3
sew_orientation,reject,80,0.0018920779569141035,0.00206300001082127,1.0,0.0,0,0,0,nan,0.0,0.0,0,0,nan,nan,0.46256096653939577,1.633541850042171,0.1279154673405977,figure_eight,0,f46a8a506ac6b057895c618ac2d52f6526ea2c9ea28c00e1f30d80f87b624740
sew_orientation,reject,80,0.0018777922460602977,0.001993999831029214,1.0,0.0,0,0,0,nan,0.0,0.0,0,0,nan,nan,0.46256096653939577,1.633541850042171,0.1279154673405977,figure_eight,1,f46a8a506ac6b057895c618ac2d52f6526ea2c9ea28c00e1f30d80f87b624740
sew_orientation,reject,80,0.0018612856731667674,0.002007000148296356,1.0,0.0,0,0,0,nan,0.0,0.0,0,0,nan,nan,0.46256096653939577,1.633541850042171,0.1279154673405977,figure_eight,2,f46a8a506ac6b057895c618ac2d52f6526ea2c9ea28c00e1f30d80f87b624740
sew_orientation,reject,80,0.0018811688514452053,0.0020500001483014785,1.0,0.0,0,0,0,nan,0.0,0.0,0,0,nan,nan,0.46256096653939577,1.633541850042171,0.1279154673405977,figure_eight,3,f46a8a506ac6b057895c618ac2d52f6526ea2c9ea28c00e1f30d80f87b624740
sew_orientation,reject,80,0.001879090915907283,0.002034000317507889,1.0,0.0,0,0,0,nan,0.0,0.0,0,0,nan,nan,0.46256096653939577,1.633541850042171,0.1279154673405977,figure_eight,4,f46a8a506ac6b057895c618ac2d52f6526ea2c9ea28c00e1f30d80f87b624740
sew_orientation,reject,80,0.001846948038433624,0.001945999883901095,1.0,0.0,0,0,0,nan,0.0,0.0,0,0,nan,nan,0.46256096653939577,1.633541850042171,0.1279154673405977,figure_eight,5,f46a8a506ac6b057895c618ac2d52f6526ea2c9ea28c00e1f30d80f87b624740
sew_orientation,reject,80,0.001875116890619506,0.002012000095419353,1.0,0.0,0,0,0,nan,0.0,0.0,0,0,nan,nan,0.46256096653939577,1.633541850042171,0.1279154673405977,figure_eight,6,f46a8a506ac6b057895c618ac2d52f6526ea2c9ea28c00e1f30d80f87b624740
sew_orientation,reject,80,0.0018845584614231863,0.0019979997887276113,1.0,0.0,0,0,0,nan,0.0,0.0,0,0,nan,nan,0.46256096653939577,1.633541850042171,0.1279154673405977,figure_eight,7,f46a8a506ac6b057895c618ac2d52f6526ea2c9ea28c00e1f30d80f87b624740
sew_orientation,reject,80,0.0018595714232991691,0.001948999852174893,1.0,0.0,0,0,0,nan,0.0,0.0,0,0,nan,nan,0.46256096653939577,1.633541850042171,0.1279154673405977,figure_eight,8,f46a8a506ac6b057895c618ac2d52f6526ea2c9ea28c00e1f30d80f87b624740
sew_orientation,reject,80,0.001857519514664823,0.0019619997146946844,1.0,0.0,0,0,0,nan,0.0,0.0,0,0,nan,nan,0.46256096653939577,1.633541850042171,0.1279154673405977,figure_eight,9,f46a8a506ac6b057895c618ac2d52f6526ea2c9ea28c00e1f30d80f87b624740
sew_orientation,reject,80,0.001865597392656151,0.0019710000742634293,1.0,0.0,0,0,0,nan,0.0,0.0,0,0,nan,nan,0.46256096653939577,1.633541850042171,0.1279154673405977,figure_eight,10,f46a8a506ac6b057895c618ac2d52f6526ea2c9ea28c00e1f30d80f87b624740
sew_orientation,reject,80,0.001878454511754242,0.0019859999156324193,1.0,0.0,0,0,0,nan,0.0,0.0,0,0,nan,nan,0.46256096653939577,1.633541850042171,0.1279154673405977,figure_eight,11,f46a8a506ac6b057895c618ac2d52f6526ea2c9ea28c00e1f30d80f87b624740
sew_orientation,reject,80,0.0018846233721781678,0.0020050001694471575,1.0,0.0,0,0,0,nan,0.0,0.0,0,0,nan,nan,0.46256096653939577,1.633541850042171,0.1279154673405977,figure_eight,12,f46a8a506ac6b057895c618ac2d52f6526ea2c9ea28c00e1f30d80f87b624740
sew_orientation,reject,80,0.0018805584210434523,0.001988000349228969,1.0,0.0,0,0,0,nan,0.0,0.0,0,0,nan,nan,0.46256096653939577,1.633541850042171,0.1279154673405977,figure_eight,13,f46a8a506ac6b057895c618ac2d52f6526ea2c9ea28c00e1f30d80f87b624740
sew_orientation,reject,80,0.0018735713933597548,0.002003000190597959,1.0,0.0,0,0,0,nan,0.0,0.0,0,0,nan,nan,0.46256096653939577,1.633541850042171,0.1279154673405977,figure_eight,14,f46a8a506ac6b057895c618ac2d52f6526ea2c9ea28c00e1f30d80f87b624740
sew_orientation,reject,80,0.0018531558890135312,0.002010000116570154,1.0,0.0,0,0,0,nan,0.0,0.0,0,0,nan,nan,0.46256096653939577,1.633541850042171,0.1279154673405977,figure_eight,15,f46a8a506ac6b057895c618ac2d52f6526ea2c9ea28c00e1f30d80f87b624740
sew_orientation,reject,80,0.0018836363519117835,0.002021000000240747,1.0,0.0,0,0,0,nan,0.0,0.0,0,0,nan,nan,0.46256096653939577,1.633541850042171,0.1279154673405977,figure_eight,16,f46a8a506ac6b057895c618ac2d52f6526ea2c9ea28c00e1f30d80f87b624740
sew_orientation,reject,80,0.0018775844206151329,0.0020170000425423495,1.0,0.0,0,0,0,nan,0.0,0.0,0,0,nan,nan,0.46256096653939577,1.633541850042171,0.1279154673405977,figure_eight,17,f46a8a506ac6b057895c618ac2d52f6526ea2c9ea28c00e1f30d80f87b624740
sew_orientation,reject,80,0.0019265974090074025,0.0021129999367985874,1.0,0.0,0,0,0,nan,0.0,0.0,0,0,nan,nan,0.46256096653939577,1.633541850042171,0.1279154673405977,figure_eight,18,f46a8a506ac6b057895c618ac2d52f6526ea2c9ea28c00e1f30d80f87b624740
sew_orientation,reject,80,0.0018612207860350246,0.0019889998839062173,1.0,0.0,0,0,0,nan,0.0,0.0,0,0,nan,nan,0.46256096653939577,1.633541850042171,0.1279154673405977,figure_eight,19,f46a8a506ac6b057895c618ac2d52f6526ea2c9ea28c00e1f30d80f87b624740
sew_orientation,reject,80,0.0018774935065798142,0.002005999704124406,1.0,0.0,0,0,0,nan,0.0,0.0,0,0,nan,nan,0.46256096653939577,1.633541850042171,0.1279154673405977,figure_eight,20,f46a8a506ac6b057895c618ac2d52f6526ea2c9ea28c00e1f30d80f87b624740
sew_orientation,reject,80,0.001940623364630896,0.001991000317502767,1.0,0.0,0,0,0,nan,0.0,0.0,0,0,nan,nan,0.46256096653939577,1.633541850042171,0.1279154673405977,figure_eight,21,f46a8a506ac6b057895c618ac2d52f6526ea2c9ea28c00e1f30d80f87b624740
sew_orientation,reject,80,0.0018827272942399322,0.0020470001800276805,1.0,0.0,0,0,0,nan,0.0,0.0,0,0,nan,nan,0.46256096653939577,1.633541850042171,0.1279154673405977,figure_eight,22,f46a8a506ac6b057895c618ac2d52f6526ea2c9ea28c00e1f30d80f87b624740
sew_orientation,reject,80,0.0018838701392966172,0.002042000232904684,1.0,0.0,0,0,0,nan,0.0,0.0,0,0,nan,nan,0.46256096653939577,1.633541850042171,0.1279154673405977,figure_eight,23,f46a8a506ac6b057895c618ac2d52f6526ea2c9ea28c00e1f30d80f87b624740
sew_orientation,reject,80,0.0018894026132849312,0.001996999799303012,1.0,0.0,0,0,0,nan,0.0,0.0,0,0,nan,nan,0.46256096653939577,1.633541850042171,0.1279154673405977,figure_eight,24,f46a8a506ac6b057895c618ac2d52f6526ea2c9ea28c00e1f30d80f87b624740
sew_orientation,reject,80,0.001878688293233266,0.0019899998733308166,1.0,0.0,0,0,0,nan,0.0,0.0,0,0,nan,nan,0.46256096653939577,1.633541850042171,0.1279154673405977,figure_eight,25,f46a8a506ac6b057895c618ac2d52f6526ea2c9ea28c00e1f30d80f87b624740
sew_orientation,reject,80,0.0019600649300793357,0.001973000053112628,1.0,0.0,0,0,0,nan,0.0,0.0,0,0,nan,nan,0.46256096653939577,1.633541850042171,0.1279154673405977,figure_eight,26,f46a8a506ac6b057895c618ac2d52f6526ea2c9ea28c00e1f30d80f87b624740
sew_orientation,reject,80,0.001857896092717835,0.0019570002223190386,1.0,0.0,0,0,0,nan,0.0,0.0,0,0,nan,nan,0.46256096653939577,1.633541850042171,0.1279154673405977,figure_eight,27,f46a8a506ac6b057895c618ac2d52f6526ea2c9ea28c00e1f30d80f87b624740
sew_orientation,reject,80,0.0018906103750024076,0.002021000000240747,1.0,0.0,0,0,0,nan,0.0,0.0,0,0,nan,nan,0.46256096653939577,1.633541850042171,0.1279154673405977,figure_eight,28,f46a8a506ac6b057895c618ac2d52f6526ea2c9ea28c00e1f30d80f87b624740
sew_orientation,reject,80,0.0018742337594524648,0.0019600001905928366,1.0,0.0,0,0,0,nan,0.0,0.0,0,0,nan,nan,0.46256096653939577,1.633541850042171,0.1279154673405977,figure_eight,29,f46a8a506ac6b057895c618ac2d52f6526ea2c9ea28c00e1f30d80f87b624740
sew_orientation,reject,80,0.0018867922099397893,0.002060000042547472,1.0,0.0,0,0,0,nan,0.0,0.0,0,0,nan,nan,0.07150000000000001,1.7681918866447777,nan,step_input,0,855a8b16a15d313b647766e2b06d310950d80af3d587a0382fc30ec6688dbbc4
sew_orientation,reject,80,0.0018597531864058994,0.0019559997781470884,1.0,0.0,0,0,0,nan,0.0,0.0,0,0,nan,nan,0.07150000000000001,1.7681918866447777,nan,step_input,1,855a8b16a15d313b647766e2b06d310950d80af3d587a0382fc30ec6688dbbc4
sew_orientation,reject,80,0.0018864415702032071,0.001985000380955171,1.0,0.0,0,0,0,nan,0.0,0.0,0,0,nan,nan,0.07150000000000001,1.7681918866447777,nan,step_input,2,855a8b16a15d313b647766e2b06d310950d80af3d587a0382fc30ec6688dbbc4
sew_orientation,reject,80,0.0018506753189899722,0.001954999788722489,1.0,0.0,0,0,0,nan,0.0,0.0,0,0,nan,nan,0.07150000000000001,1.7681918866447777,nan,step_input,3,855a8b16a15d313b647766e2b06d310950d80af3d587a0382fc30ec6688dbbc4
sew_orientation,reject,80,0.0018736363395495952,0.0019720000636880286,1.0,0.0,0,0,0,nan,0.0,0.0,0,0,nan,nan,0.07150000000000001,1.7681918866447777,nan,step_input,4,855a8b16a15d313b647766e2b06d310950d80af3d587a0382fc30ec6688dbbc4
sew_orientation,reject,80,0.00190855844975177,0.002023999968514545,1.0,0.0,0,0,0,nan,0.0,0.0,0,0,nan,nan,0.07150000000000001,1.7681918866447777,nan,step_input,5,855a8b16a15d313b647766e2b06d310950d80af3d587a0382fc30ec6688dbbc4
sew_orientation,reject,80,0.001878272742741702,0.0019899998733308166,1.0,0.0,0,0,0,nan,0.0,0.0,0,0,nan,nan,0.07150000000000001,1.7681918866447777,nan,step_input,6,855a8b16a15d313b647766e2b06d310950d80af3d587a0382fc30ec6688dbbc4
sew_orientation,reject,80,0.00187512987749515,0.0020229999790899456,1.0,0.0,0,0,0,nan,0.0,0.0,0,0,nan,nan,0.07150000000000001,1.7681918866447777,nan,step_input,7,855a8b16a15d313b647766e2b06d310950d80af3d587a0382fc30ec6688dbbc4
sew_orientation,reject,80,0.001877610400272231,0.0020379998204589356,1.0,0.0,0,0,0,nan,0.0,0.0,0,0,nan,nan,0.07150000000000001,1.7681918866447777,nan,step_input,8,855a8b16a15d313b647766e2b06d310950d80af3d587a0382fc30ec6688dbbc4
sew_orientation,reject,80,0.0018780909087652547,0.0019780000002356246,1.0,0.0,0,0,0,nan,0.0,0.0,0,0,nan,nan,0.07150000000000001,1.7681918866447777,nan,step_input,9,855a8b16a15d313b647766e2b06d310950d80af3d587a0382fc30ec6688dbbc4
sew_orientation,reject,80,0.001960818174772506,0.002169000254070852,1.0,0.0,0,0,0,nan,0.0,0.0,0,0,nan,nan,0.07150000000000001,1.7681918866447777,nan,step_input,10,855a8b16a15d313b647766e2b06d310950d80af3d587a0382fc30ec6688dbbc4
sew_orientation,reject,80,0.0018749350330198196,0.00197000008483883,1.0,0.0,0,0,0,nan,0.0,0.0,0,0,nan,nan,0.07150000000000001,1.7681918866447777,nan,step_input,11,855a8b16a15d313b647766e2b06d310950d80af3d587a0382fc30ec6688dbbc4
sew_orientation,reject,80,0.0018940519383887748,0.0019869999050570186,1.0,0.0,0,0,0,nan,0.0,0.0,0,0,nan,nan,0.07150000000000001,1.7681918866447777,nan,step_input,12,855a8b16a15d313b647766e2b06d310950d80af3d587a0382fc30ec6688dbbc4
sew_orientation,reject,80,0.0018815584340912907,0.0020170000425423495,1.0,0.0,0,0,0,nan,0.0,0.0,0,0,nan,nan,0.07150000000000001,1.7681918866447777,nan,step_input,13,855a8b16a15d313b647766e2b06d310950d80af3d587a0382fc30ec6688dbbc4
sew_orientation,reject,80,0.0018801298364297663,0.002006000158871757,1.0,0.0,0,0,0,nan,0.0,0.0,0,0,nan,nan,0.07150000000000001,1.7681918866447777,nan,step_input,14,855a8b16a15d313b647766e2b06d310950d80af3d587a0382fc30ec6688dbbc4
sew_orientation,reject,80,0.0018712207688681643,0.0019710000742634293,1.0,0.0,0,0,0,nan,0.0,0.0,0,0,nan,nan,0.07150000000000001,1.7681918866447777,nan,step_input,15,855a8b16a15d313b647766e2b06d310950d80af3d587a0382fc30ec6688dbbc4
sew_orientation,reject,80,0.0018656493342529177,0.001957999756996287,1.0,0.0,0,0,0,nan,0.0,0.0,0,0,nan,nan,0.07150000000000001,1.7681918866447777,nan,step_input,16,855a8b16a15d313b647766e2b06d310950d80af3d587a0382fc30ec6688dbbc4
sew_orientation,reject,80,0.001904857119323471,0.0020950001271557994,1.0,0.0,0,0,0,nan,0.0,0.0,0,0,nan,nan,0.07150000000000001,1.7681918866447777,nan,step_input,17,855a8b16a15d313b647766e2b06d310950d80af3d587a0382fc30ec6688dbbc4
sew_orientation,reject,80,0.001873506464887344,0.0019919998521800153,1.0,0.0,0,0,0,nan,0.0,0.0,0,0,nan,nan,0.07150000000000001,1.7681918866447777,nan,step_input,18,855a8b16a15d313b647766e2b06d310950d80af3d587a0382fc30ec6688dbbc4
sew_orientation,reject,80,0.0018815324603400024,0.001985000380955171,1.0,0.0,0,0,0,nan,0.0,0.0,0,0,nan,nan,0.07150000000000001,1.7681918866447777,nan,step_input,19,855a8b16a15d313b647766e2b06d310950d80af3d587a0382fc30ec6688dbbc4
sew_orientation,reject,80,0.001865051937973287,0.0020799998310394585,1.0,0.0,0,0,0,nan,0.0,0.0,0,0,nan,nan,0.07150000000000001,1.7681918866447777,nan,step_input,20,855a8b16a15d313b647766e2b06d310950d80af3d587a0382fc30ec6688dbbc4
sew_orientation,reject,80,0.0018670519699747735,0.00195500024346984,1.0,0.0,0,0,0,nan,0.0,0.0,0,0,nan,nan,0.07150000000000001,1.7681918866447777,nan,step_input,21,855a8b16a15d313b647766e2b06d310950d80af3d587a0382fc30ec6688dbbc4
sew_orientation,reject,80,0.00188337662621052,0.001960999725270085,1.0,0.0,0,0,0,nan,0.0,0.0,0,0,nan,nan,0.07150000000000001,1.7681918866447777,nan,step_input,22,855a8b16a15d313b647766e2b06d310950d80af3d587a0382fc30ec6688dbbc4
sew_orientation,reject,80,0.0018803896152833175,0.002052000127150677,1.0,0.0,0,0,0,nan,0.0,0.0,0,0,nan,nan,0.07150000000000001,1.7681918866447777,nan,step_input,23,855a8b16a15d313b647766e2b06d310950d80af3d587a0382fc30ec6688dbbc4
sew_orientation,reject,80,0.0018652727561999057,0.0019929998416046146,1.0,0.0,0,0,0,nan,0.0,0.0,0,0,nan,nan,0.07150000000000001,1.7681918866447777,nan,step_input,24,855a8b16a15d313b647766e2b06d310950d80af3d587a0382fc30ec6688dbbc4
sew_orientation,reject,80,0.0018754285815407751,0.002026999936788343,1.0,0.0,0,0,0,nan,0.0,0.0,0,0,nan,nan,0.07150000000000001,1.7681918866447777,nan,step_input,25,855a8b16a15d313b647766e2b06d310950d80af3d587a0382fc30ec6688dbbc4
sew_orientation,reject,80,0.0018767272809168095,0.0020319998839113396,1.0,0.0,0,0,0,nan,0.0,0.0,0,0,nan,nan,0.07150000000000001,1.7681918866447777,nan,step_input,26,855a8b16a15d313b647766e2b06d310950d80af3d587a0382fc30ec6688dbbc4
sew_orientation,reject,80,0.001856415600706022,0.0019479998627502937,1.0,0.0,0,0,0,nan,0.0,0.0,0,0,nan,nan,0.07150000000000001,1.7681918866447777,nan,step_input,27,855a8b16a15d313b647766e2b06d310950d80af3d587a0382fc30ec6688dbbc4
sew_orientation,reject,80,0.0018744026183648876,0.001976000021386426,1.0,0.0,0,0,0,nan,0.0,0.0,0,0,nan,nan,0.07150000000000001,1.7681918866447777,nan,step_input,28,855a8b16a15d313b647766e2b06d310950d80af3d587a0382fc30ec6688dbbc4
sew_orientation,reject,80,0.0018919090802842515,0.002011999640672002,1.0,0.0,0,0,0,nan,0.0,0.0,0,0,nan,nan,0.07150000000000001,1.7681918866447777,nan,step_input,29,855a8b16a15d313b647766e2b06d310950d80af3d587a0382fc30ec6688dbbc4
sew_orientation,reject,80,0.001889610367860379,0.0020019997464260086,1.0,0.0,0,0,0,nan,0.0,0.0,0,0,nan,nan,0.0,nan,nan,near_full_extension,0,177fe34873a4cd7ca53447db16ed25ec8655a8064a4353e6497ca8ff44bc862d
sew_orientation,reject,80,0.0018948181640517795,0.0020170000425423495,1.0,0.0,0,0,0,nan,0.0,0.0,0,0,nan,nan,0.0,nan,nan,near_full_extension,1,177fe34873a4cd7ca53447db16ed25ec8655a8064a4353e6497ca8ff44bc862d
sew_orientation,reject,80,0.0019351688296138762,0.001973000053112628,1.0,0.0,0,0,0,nan,0.0,0.0,0,0,nan,nan,0.0,nan,nan,near_full_extension,2,177fe34873a4cd7ca53447db16ed25ec8655a8064a4353e6497ca8ff44bc862d
sew_orientation,reject,80,0.0018558571591475138,0.001952000275196042,1.0,0.0,0,0,0,nan,0.0,0.0,0,0,nan,nan,0.0,nan,nan,near_full_extension,3,177fe34873a4cd7ca53447db16ed25ec8655a8064a4353e6497ca8ff44bc862d
sew_orientation,reject,80,0.0018592078025927525,0.0020019997464260086,1.0,0.0,0,0,0,nan,0.0,0.0,0,0,nan,nan,0.0,nan,nan,near_full_extension,4,177fe34873a4cd7ca53447db16ed25ec8655a8064a4353e6497ca8ff44bc862d
sew_orientation,reject,80,0.0018798052176909504,0.0020110001059947535,1.0,0.0,0,0,0,nan,0.0,0.0,0,0,nan,nan,0.0,nan,nan,near_full_extension,5,177fe34873a4cd7ca53447db16ed25ec8655a8064a4353e6497ca8ff44bc862d
sew_orientation,reject,80,0.0018564285816758562,0.0019869999050570186,1.0,0.0,0,0,0,nan,0.0,0.0,0,0,nan,nan,0.0,nan,nan,near_full_extension,6,177fe34873a4cd7ca53447db16ed25ec8655a8064a4353e6497ca8ff44bc862d
sew_orientation,reject,80,0.0018701948115980864,0.0019989997781522106,1.0,0.0,0,0,0,nan,0.0,0.0,0,0,nan,nan,0.0,nan,nan,near_full_extension,7,177fe34873a4cd7ca53447db16ed25ec8655a8064a4353e6497ca8ff44bc862d
sew_orientation,reject,80,0.0018633376349534011,0.001960999725270085,1.0,0.0,0,0,0,nan,0.0,0.0,0,0,nan,nan,0.0,nan,nan,near_full_extension,8,177fe34873a4cd7ca53447db16ed25ec8655a8064a4353e6497ca8ff44bc862d
sew_orientation,reject,80,0.001859597385238838,0.0020110001059947535,1.0,0.0,0,0,0,nan,0.0,0.0,0,0,nan,nan,0.0,nan,nan,near_full_extension,9,177fe34873a4cd7ca53447db16ed25ec8655a8064a4353e6497ca8ff44bc862d
sew_orientation,reject,80,0.0018638571217907865,0.0019720000636880286,1.0,0.0,0,0,0,nan,0.0,0.0,0,0,nan,nan,0.0,nan,nan,near_full_extension,10,177fe34873a4cd7ca53447db16ed25ec8655a8064a4353e6497ca8ff44bc862d
sew_orientation,reject,80,0.0018567402489738866,0.001967000116565032,1.0,0.0,0,0,0,nan,0.0,0.0,0,0,nan,nan,0.0,nan,nan,near_full_extension,11,177fe34873a4cd7ca53447db16ed25ec8655a8064a4353e6497ca8ff44bc862d
sew_orientation,reject,80,0.00186770133147441,0.0020039997252752073,1.0,0.0,0,0,0,nan,0.0,0.0,0,0,nan,nan,0.0,nan,nan,near_full_extension,12,177fe34873a4cd7ca53447db16ed25ec8655a8064a4353e6497ca8ff44bc862d
sew_orientation,reject,80,0.0018820389662075534,0.0020229999790899456,1.0,0.0,0,0,0,nan,0.0,0.0,0,0,nan,nan,0.0,nan,nan,near_full_extension,13,177fe34873a4cd7ca53447db16ed25ec8655a8064a4353e6497ca8ff44bc862d
sew_orientation,reject,80,0.0018803766165960537,0.002013000084843952,1.0,0.0,0,0,0,nan,0.0,0.0,0,0,nan,nan,0.0,nan,nan,near_full_extension,14,177fe34873a4cd7ca53447db16ed25ec8655a8064a4353e6497ca8ff44bc862d
sew_orientation,reject,80,0.0018738181380911839,0.002002999735850608,1.0,0.0,0,0,0,nan,0.0,0.0,0,0,nan,nan,0.0,nan,nan,near_full_extension,15,177fe34873a4cd7ca53447db16ed25ec8655a8064a4353e6497ca8ff44bc862d
sew_orientation,reject,80,0.0018672597717966993,0.0019989997781522106,1.0,0.0,0,0,0,nan,0.0,0.0,0,0,nan,nan,0.0,nan,nan,near_full_extension,16,177fe34873a4cd7ca53447db16ed25ec8655a8064a4353e6497ca8ff44bc862d
sew_orientation,reject,80,0.0018622337564294584,0.00199999976757681,1.0,0.0,0,0,0,nan,0.0,0.0,0,0,nan,nan,0.0,nan,nan,near_full_extension,17,177fe34873a4cd7ca53447db16ed25ec8655a8064a4353e6497ca8ff44bc862d
sew_orientation,reject,80,0.0018681039069019495,0.0019570002223190386,1.0,0.0,0,0,0,nan,0.0,0.0,0,0,nan,nan,0.0,nan,nan,near_full_extension,18,177fe34873a4cd7ca53447db16ed25ec8655a8064a4353e6497ca8ff44bc862d
sew_orientation,reject,80,0.0018677272638850302,0.0020270003915356938,1.0,0.0,0,0,0,nan,0.0,0.0,0,0,nan,nan,0.0,nan,nan,near_full_extension,19,177fe34873a4cd7ca53447db16ed25ec8655a8064a4353e6497ca8ff44bc862d
sew_orientation,reject,80,0.0018974025995514429,0.0020799998310394585,1.0,0.0,0,0,0,nan,0.0,0.0,0,0,nan,nan,0.0,nan,nan,near_full_extension,20,177fe34873a4cd7ca53447db16ed25ec8655a8064a4353e6497ca8ff44bc862d
sew_orientation,reject,80,0.0018554156171872323,0.0019829999473586213,1.0,0.0,0,0,0,nan,0.0,0.0,0,0,nan,nan,0.0,nan,nan,near_full_extension,21,177fe34873a4cd7ca53447db16ed25ec8655a8064a4353e6497ca8ff44bc862d
sew_orientation,reject,80,0.0018601298353286284,0.00201600005311775,1.0,0.0,0,0,0,nan,0.0,0.0,0,0,nan,nan,0.0,nan,nan,near_full_extension,22,177fe34873a4cd7ca53447db16ed25ec8655a8064a4353e6497ca8ff44bc862d
sew_orientation,reject,80,0.0018627402859202483,0.001987999894481618,1.0,0.0,0,0,0,nan,0.0,0.0,0,0,nan,nan,0.0,nan,nan,near_full_extension,23,177fe34873a4cd7ca53447db16ed25ec8655a8064a4353e6497ca8ff44bc862d
sew_orientation,reject,80,0.0018781298752979967,0.002039000264630886,1.0,0.0,0,0,0,nan,0.0,0.0,0,0,nan,nan,0.0,nan,nan,near_full_extension,24,177fe34873a4cd7ca53447db16ed25ec8655a8064a4353e6497ca8ff44bc862d
sew_orientation,reject,80,0.0018581688525412207,0.002000000222324161,1.0,0.0,0,0,0,nan,0.0,0.0,0,0,nan,nan,0.0,nan,nan,near_full_extension,25,177fe34873a4cd7ca53447db16ed25ec8655a8064a4353e6497ca8ff44bc862d
sew_orientation,reject,80,0.0018862597126035206,0.002013000084843952,1.0,0.0,0,0,0,nan,0.0,0.0,0,0,nan,nan,0.0,nan,nan,near_full_extension,26,177fe34873a4cd7ca53447db16ed25ec8655a8064a4353e6497ca8ff44bc862d
sew_orientation,reject,80,0.0018714675490344517,0.001990999862755416,1.0,0.0,0,0,0,nan,0.0,0.0,0,0,nan,nan,0.0,nan,nan,near_full_extension,27,177fe34873a4cd7ca53447db16ed25ec8655a8064a4353e6497ca8ff44bc862d
sew_orientation,reject,80,0.0018814415935511615,0.0020319998839113396,1.0,0.0,0,0,0,nan,0.0,0.0,0,0,nan,nan,0.0,nan,nan,near_full_extension,28,177fe34873a4cd7ca53447db16ed25ec8655a8064a4353e6497ca8ff44bc862d
sew_orientation,reject,80,0.0018747662390713041,0.0020050001694471575,1.0,0.0,0,0,0,nan,0.0,0.0,0,0,nan,nan,0.0,nan,nan,near_full_extension,29,177fe34873a4cd7ca53447db16ed25ec8655a8064a4353e6497ca8ff44bc862d
sew_orientation,reject,80,0.001855064930204172,0.001969999630091479,1.0,0.0,0,0,0,nan,0.0,0.0,0,0,nan,nan,0.8054549108647922,1.618562876255073,2.0534310058141836,noisy_landmarks,0,0b1801dd333eaa2e0222bbff2a42050db5d9802ac8fbdb0a933f97a80fe7d463
sew_orientation,reject,80,0.001880077906644619,0.0020500001483014785,1.0,0.0,0,0,0,nan,0.0,0.0,0,0,nan,nan,0.7861548753736728,1.7063838519136965,2.0219421099375476,noisy_landmarks,1,b6b5f0efbff88d14838f03ddb414b1c337ca1e6f8543ed372ac2154426b9097b
sew_orientation,reject,80,0.001864649333016699,0.002009000127145555,1.0,0.0,0,0,0,nan,0.0,0.0,0,0,nan,nan,0.7573784787255686,1.6186972648962181,1.999756771060923,noisy_landmarks,2,b106f71dd6d09077a890be92f76df04498f4367e1e6f9a2a35ab3d1fc91c59e3
sew_orientation,reject,80,0.001853883142237984,0.0019720000636880286,1.0,0.0,0,0,0,nan,0.0,0.0,0,0,nan,nan,0.6968898116370558,1.7365733685186873,2.018234976899514,noisy_landmarks,3,991dbf6707c0bf118aad1cbe68d0f6e409b93d5cd717fd12b68efe74741f9fb1
sew_orientation,reject,80,0.0018711428594259188,0.002012000095419353,1.0,0.0,0,0,0,nan,0.0,0.0,0,0,nan,nan,0.7534523025638794,1.6928756145687973,2.06507426289648,noisy_landmarks,4,90cb0fe769646be8b423e3cacad031e943be326bf5b5bce75423b70541955077
sew_orientation,reject,80,0.0018669090907194488,0.0020319998839113396,1.0,0.0,0,0,0,nan,0.0,0.0,0,0,nan,nan,0.8188465423034476,1.6944718839148598,2.106532962292984,noisy_landmarks,5,683ef20f5e6f7e0d15adbba258bd10c0943806910a3205da1b7b05a10dcd57e4
sew_orientation,reject,80,0.0018686234055509542,0.0019660001271404326,1.0,0.0,0,0,0,nan,0.0,0.0,0,0,nan,nan,0.7984108136164558,1.672582779590289,2.0822467104102875,noisy_landmarks,6,ea17465413cc03b506640dbf31f1f6e008b7eabb93023799785c9acdb9a6f5e2
sew_orientation,reject,80,0.0018657013053787334,0.00201600005311775,1.0,0.0,0,0,0,nan,0.0,0.0,0,0,nan,nan,0.8025615110791401,1.6654420823137368,2.0957923017527262,noisy_landmarks,7,0d8ef2a4f181451e40dd20c81a6b1715c2805e9f961affec2d52b7ae318b0683
sew_orientation,reject,80,0.0018693766089034564,0.001981999957934022,1.0,0.0,0,0,0,nan,0.0,0.0,0,0,nan,nan,0.8405136576248748,1.6134231057617006,2.157326750807604,noisy_landmarks,8,04cc3e69e32157a349cb7b289a221f7fd7d5b08800be38a8d00d16c6f17ed919
sew_orientation,reject,80,0.0018613246692285583,0.0019529998098732904,1.0,0.0,0,0,0,nan,0.0,0.0,0,0,nan,nan,0.7851283026043915,1.6714098687522188,2.1548987341368915,noisy_landmarks,9,9cf3c03d12cb0ea13ba18184595a89bcb1bb23aec6905597c91f4de38626a72d
sew_orientation,reject,80,0.001872103905941015,0.001987999894481618,1.0,0.0,0,0,0,nan,0.0,0.0,0,0,nan,nan,0.7345485851522721,1.6988914005448732,2.0954208120157176,noisy_landmarks,10,457b096c66a8ba4b5755ec557acc83f1070433478d46eba08051551577a7cde1
sew_orientation,reject,80,0.0018704675064575647,0.0019600001905928366,1.0,0.0,0,0,0,nan,0.0,0.0,0,0,nan,nan,0.8629833198394443,1.6253799333740435,2.182199591672484,noisy_landmarks,11,dc1db64978f8ad4d6a243a238929af154d90e0ef98e0b57255b07b126b71312c
sew_orientation,reject,80,0.0018553895961894659,0.001973000053112628,1.0,0.0,0,0,0,nan,0.0,0.0,0,0,nan,nan,0.8054839975782838,1.6533092555621192,2.154249058111999,noisy_landmarks,12,956f4698bb574b1e5fb8e6a4c5a77495c53ae19adaa93601b611e34573f29ff7
sew_orientation,reject,80,0.0018548701270695099,0.0019619997146946844,1.0,0.0,0,0,0,nan,0.0,0.0,0,0,nan,nan,0.8592254378269473,1.7101474248318618,2.1043712722175227,noisy_landmarks,13,cff7be95774a75649ca4ec8c0ed6f1b39af9c5acf41b64b8c2c6020b857052f7
sew_orientation,reject,80,0.0018693246968357383,0.0019660001271404326,1.0,0.0,0,0,0,nan,0.0,0.0,0,0,nan,nan,0.8275100344905635,1.640458261335399,2.0995676608437197,noisy_landmarks,14,1875cc3a35ffa49e7f67c72221e03d9828e898ecff381f39599c8e79604d77bd
sew_orientation,reject,80,0.0018570649090533706,0.0019829999473586213,1.0,0.0,0,0,0,nan,0.0,0.0,0,0,nan,nan,0.7289461693713581,1.6883212908267713,2.10504121657434,noisy_landmarks,15,f907c040862a0cee9f62a05e56345b08595f81f6acbfd08e5c60d6f3a0290383
sew_orientation,reject,80,0.0018631688291932662,0.001988000349228969,1.0,0.0,0,0,0,nan,0.0,0.0,0,0,nan,nan,0.855587716073709,1.6184837062166346,2.29266247330733,noisy_landmarks,16,faa85044eba39c21e475cd572a3109c8e6071adc161e89ee0f817dad5e6a2d8f
sew_orientation,reject,80,0.0018746753427534148,0.001967000116565032,1.0,0.0,0,0,0,nan,0.0,0.0,0,0,nan,nan,0.8241770648311335,1.6913371760147096,2.0522063513725017,noisy_landmarks,17,603e91c6d5ff109b053b2fb125c5dba910a56d692574b19574096a2e0bfe519a
sew_orientation,reject,80,0.0018804935102884706,0.0020140000742685515,1.0,0.0,0,0,0,nan,0.0,0.0,0,0,nan,nan,0.7168770730111785,1.607255582301126,1.958554365834943,noisy_landmarks,18,41db5416f9fadc2d97b2e7a13d9323d9bebfdc6d7f5d5f30c9a04411c69e47ed
sew_orientation,reject,80,0.0018491298335418407,0.0019770000108110253,1.0,0.0,0,0,0,nan,0.0,0.0,0,0,nan,nan,0.8009182199295599,1.598106815326143,2.087712395739708,noisy_landmarks,19,e59bbb2608cc5b19d8521657435c2ef400919a78aa520821489c573ee67e66e1
sew_orientation,reject,80,0.0018793636402958103,0.0019750000319618266,1.0,0.0,0,0,0,nan,0.0,0.0,0,0,nan,nan,0.7823538658171999,1.7229435270986526,2.0640957176103334,noisy_landmarks,20,85799f38999c1cf86e8c7e6a1b6b08f737d1be4ccfcb3a237e9344c846b12dfc
sew_orientation,reject,80,0.001866844132717989,0.002007000148296356,1.0,0.0,0,0,0,nan,0.0,0.0,0,0,nan,nan,0.8636297867357818,1.6860899217534533,2.12693027456719,noisy_landmarks,21,8fd9586b88b81ecacdceb0ec7328d57e9c0c05ff8916f15b074b474c62720211
sew_orientation,reject,80,0.0018690259573552546,0.0019990002328995615,1.0,0.0,0,0,0,nan,0.0,0.0,0,0,nan,nan,0.7665066602769135,1.633770789565457,2.062934335872367,noisy_landmarks,22,644bf9982a7d1662d713e2a02b51f33cb76a4559cab3cead8cb9a92b1a6da72a
sew_orientation,reject,80,0.001974000024819798,0.002015000063693151,1.0,0.0,0,0,0,nan,0.0,0.0,0,0,nan,nan,0.8217847532212427,1.6937931865847948,2.0804657724450304,noisy_landmarks,23,a4639d7d4f55368d41cc7be8b2a926c3dc38fbfa058017c279bdc5dffca14612
sew_orientation,reject,80,0.001872272729418579,0.0019870003598043695,1.0,0.0,0,0,0,nan,0.0,0.0,0,0,nan,nan,0.7868084789269644,1.6893536700198182,2.1661798539303874,noisy_landmarks,24,ee46b1a91c03dc09c8aac096313ffe1ca4da12f232131e3cdfa3bf28cb427f6f
sew_orientation,reject,80,0.0018633506572639038,0.0019859999156324193,1.0,0.0,0,0,0,nan,0.0,0.0,0,0,nan,nan,0.8138069301416228,1.6513846697798829,2.101989595022108,noisy_landmarks,25,be2eb6efa975c02de92a1b2cdc25b6a9d42c13da8781e1c07520fe30dd50ee38
sew_orientation,reject,80,0.0018639220679806266,0.0019649996829684824,1.0,0.0,0,0,0,nan,0.0,0.0,0,0,nan,nan,0.7581649146188169,1.6590025954509708,2.1602005924964542,noisy_landmarks,26,16d52b31f8cfa4a803224e989633930bb23300f6c257605b30f37469e7f57c64
sew_orientation,reject,80,0.0019132207735428773,0.0022760000319976825,1.0,0.0,0,0,0,nan,0.0,0.0,0,0,nan,nan,0.6991764825000325,1.6854255270336242,1.9861079832529225,noisy_landmarks,27,43360f8dd87c7861013a0aa0353d23fedb9e703b2f1d2de03a9e810ce0563651
sew_orientation,reject,80,0.0018796623443414354,0.001976000021386426,1.0,0.0,0,0,0,nan,0.0,0.0,0,0,nan,nan,0.7225402048411874,1.644719334363807,2.036491491254619,noisy_landmarks,28,7ff4c020357a5d17a61d043804322379b7515311e638c4a40bb9e003d80adb31
sew_orientation,reject,80,0.0018874935366594318,0.0020219999896653462,1.0,0.0,0,0,0,nan,0.0,0.0,0,0,nan,nan,0.7528477820186396,1.6198137965128334,2.062875539666625,noisy_landmarks,29,7541952faca5cf6a63116967f49bb1d58a62d62049dbf3e53fd081c59d961ceb
sew_orientation,reject,80,0.0018755968011969198,0.0021219998416199815,0.8125,0.1875,5,15,6,1.3,0.0,0.0,0,0,nan,nan,0.06553841364321877,1.7205640088181244,0.05609986881410345,one_second_dropout,0,8e7959c13081999952272b70cb77757eb6b69cb338ba5e006927d3c63a458683
sew_orientation,reject,80,0.0018304193681908673,0.0020319998839113396,0.8125,0.1875,5,15,6,1.3,0.0,0.0,0,0,nan,nan,0.06553841364321877,1.7205640088181244,0.05609986881410345,one_second_dropout,1,8e7959c13081999952272b70cb77757eb6b69cb338ba5e006927d3c63a458683
sew_orientation,reject,80,0.001829806449442854,0.0020690004021162167,0.8125,0.1875,5,15,6,1.3,0.0,0.0,0,0,nan,nan,0.06553841364321877,1.7205640088181244,0.05609986881410345,one_second_dropout,2,8e7959c13081999952272b70cb77757eb6b69cb338ba5e006927d3c63a458683
sew_orientation,reject,80,0.0018112258027441943,0.00197000008483883,0.8125,0.1875,5,15,6,1.3,0.0,0.0,0,0,nan,nan,0.06553841364321877,1.7205640088181244,0.05609986881410345,one_second_dropout,3,8e7959c13081999952272b70cb77757eb6b69cb338ba5e006927d3c63a458683
sew_orientation,reject,80,0.0018237580676331191,0.0019660001271404326,0.8125,0.1875,5,15,6,1.3,0.0,0.0,0,0,nan,nan,0.06553841364321877,1.7205640088181244,0.05609986881410345,one_second_dropout,4,8e7959c13081999952272b70cb77757eb6b69cb338ba5e006927d3c63a458683
sew_orientation,reject,80,0.0018428548379057657,0.002005999704124406,0.8125,0.1875,5,15,6,1.3,0.0,0.0,0,0,nan,nan,0.06553841364321877,1.7205640088181244,0.05609986881410345,one_second_dropout,5,8e7959c13081999952272b70cb77757eb6b69cb338ba5e006927d3c63a458683
sew_orientation,reject,80,0.001828967785308299,0.001987999894481618,0.8125,0.1875,5,15,6,1.3,0.0,0.0,0,0,nan,nan,0.06553841364321877,1.7205640088181244,0.05609986881410345,one_second_dropout,6,8e7959c13081999952272b70cb77757eb6b69cb338ba5e006927d3c63a458683
sew_orientation,reject,80,0.0018280161164570487,0.0019809999685094226,0.8125,0.1875,5,15,6,1.3,0.0,0.0,0,0,nan,nan,0.06553841364321877,1.7205640088181244,0.05609986881410345,one_second_dropout,7,8e7959c13081999952272b70cb77757eb6b69cb338ba5e006927d3c63a458683
sew_orientation,reject,80,0.0018476612606924214,0.002080999820464058,0.8125,0.1875,5,15,6,1.3,0.0,0.0,0,0,nan,nan,0.06553841364321877,1.7205640088181244,0.05609986881410345,one_second_dropout,8,8e7959c13081999952272b70cb77757eb6b69cb338ba5e006927d3c63a458683
sew_orientation,reject,80,0.0018142097008333827,0.002046000190603081,0.8125,0.1875,5,15,6,1.3,0.0,0.0,0,0,nan,nan,0.06553841364321877,1.7205640088181244,0.05609986881410345,one_second_dropout,9,8e7959c13081999952272b70cb77757eb6b69cb338ba5e006927d3c63a458683
sew_orientation,reject,80,0.0018193064504650406,0.001994000285776565,0.8125,0.1875,5,15,6,1.3,0.0,0.0,0,0,nan,nan,0.06553841364321877,1.7205640088181244,0.05609986881410345,one_second_dropout,10,8e7959c13081999952272b70cb77757eb6b69cb338ba5e006927d3c63a458683
sew_orientation,reject,80,0.0018320644827444113,0.002012000095419353,0.8125,0.1875,5,15,6,1.3,0.0,0.0,0,0,nan,nan,0.06553841364321877,1.7205640088181244,0.05609986881410345,one_second_dropout,11,8e7959c13081999952272b70cb77757eb6b69cb338ba5e006927d3c63a458683
sew_orientation,reject,80,0.0018369516305204842,0.0019829999473586213,0.8125,0.1875,5,15,6,1.3,0.0,0.0,0,0,nan,nan,0.06553841364321877,1.7205640088181244,0.05609986881410345,one_second_dropout,12,8e7959c13081999952272b70cb77757eb6b69cb338ba5e006927d3c63a458683
sew_orientation,reject,80,0.0018026128952530393,0.0019750000319618266,0.8125,0.1875,5,15,6,1.3,0.0,0.0,0,0,nan,nan,0.06553841364321877,1.7205640088181244,0.05609986881410345,one_second_dropout,13,8e7959c13081999952272b70cb77757eb6b69cb338ba5e006927d3c63a458683
sew_orientation,reject,80,0.0017935806226887507,0.001963999693543883,0.8125,0.1875,5,15,6,1.3,0.0,0.0,0,0,nan,nan,0.06553841364321877,1.7205640088181244,0.05609986881410345,one_second_dropout,14,8e7959c13081999952272b70cb77757eb6b69cb338ba5e006927d3c63a458683
sew_orientation,reject,80,0.0018139516097078505,0.001992000306927366,0.8125,0.1875,5,15,6,1.3,0.0,0.0,0,0,nan,nan,0.06553841364321877,1.7205640088181244,0.05609986881410345,one_second_dropout,15,8e7959c13081999952272b70cb77757eb6b69cb338ba5e006927d3c63a458683
sew_orientation,reject,80,0.0018150806373605814,0.0019869999050570186,0.8125,0.1875,5,15,6,1.3,0.0,0.0,0,0,nan,nan,0.06553841364321877,1.7205640088181244,0.05609986881410345,one_second_dropout,16,8e7959c13081999952272b70cb77757eb6b69cb338ba5e006927d3c63a458683
sew_orientation,reject,80,0.0018284516617343123,0.0021169998944969848,0.8125,0.1875,5,15,6,1.3,0.0,0.0,0,0,nan,nan,0.06553841364321877,1.7205640088181244,0.05609986881410345,one_second_dropout,17,8e7959c13081999952272b70cb77757eb6b69cb338ba5e006927d3c63a458683
sew_orientation,reject,80,0.0018039354912499192,0.001957999756996287,0.8125,0.1875,5,15,6,1.3,0.0,0.0,0,0,nan,nan,0.06553841364321877,1.7205640088181244,0.05609986881410345,one_second_dropout,18,8e7959c13081999952272b70cb77757eb6b69cb338ba5e006927d3c63a458683
sew_orientation,reject,80,0.0018098709490239403,0.0020459997358557303,0.8125,0.1875,5,15,6,1.3,0.0,0.0,0,0,nan,nan,0.06553841364321877,1.7205640088181244,0.05609986881410345,one_second_dropout,19,8e7959c13081999952272b70cb77757eb6b69cb338ba5e006927d3c63a458683
sew_orientation,reject,80,0.0018104999746297366,0.0019949998204538133,0.8125,0.1875,5,15,6,1.3,0.0,0.0,0,0,nan,nan,0.06553841364321877,1.7205640088181244,0.05609986881410345,one_second_dropout,20,8e7959c13081999952272b70cb77757eb6b69cb338ba5e006927d3c63a458683
sew_orientation,reject,80,0.0018117741767069205,0.0020109996512474027,0.8125,0.1875,5,15,6,1.3,0.0,0.0,0,0,nan,nan,0.06553841364321877,1.7205640088181244,0.05609986881410345,one_second_dropout,21,8e7959c13081999952272b70cb77757eb6b69cb338ba5e006927d3c63a458683
sew_orientation,reject,80,0.0018105484198918753,0.0019959998098784126,0.8125,0.1875,5,15,6,1.3,0.0,0.0,0,0,nan,nan,0.06553841364321877,1.7205640088181244,0.05609986881410345,one_second_dropout,22,8e7959c13081999952272b70cb77757eb6b69cb338ba5e006927d3c63a458683
sew_orientation,reject,80,0.0018187418962981846,0.002065999979095068,0.8125,0.1875,5,15,6,1.3,0.0,0.0,0,0,nan,nan,0.06553841364321877,1.7205640088181244,0.05609986881410345,one_second_dropout,23,8e7959c13081999952272b70cb77757eb6b69cb338ba5e006927d3c63a458683
sew_orientation,reject,80,0.0018050322465100062,0.001960999725270085,0.8125,0.1875,5,15,6,1.3,0.0,0.0,0,0,nan,nan,0.06553841364321877,1.7205640088181244,0.05609986881410345,one_second_dropout,24,8e7959c13081999952272b70cb77757eb6b69cb338ba5e006927d3c63a458683
sew_orientation,reject,80,0.0018282580787208939,0.002038999809883535,0.8125,0.1875,5,15,6,1.3,0.0,0.0,0,0,nan,nan,0.06553841364321877,1.7205640088181244,0.05609986881410345,one_second_dropout,25,8e7959c13081999952272b70cb77757eb6b69cb338ba5e006927d3c63a458683
sew_orientation,reject,80,0.001851596761621148,0.0020679999579442665,0.8125,0.1875,5,15,6,1.3,0.0,0.0,0,0,nan,nan,0.06553841364321877,1.7205640088181244,0.05609986881410345,one_second_dropout,26,8e7959c13081999952272b70cb77757eb6b69cb338ba5e006927d3c63a458683
sew_orientation,reject,80,0.0018264677237311844,0.0020469997252803296,0.8125,0.1875,5,15,6,1.3,0.0,0.0,0,0,nan,nan,0.06553841364321877,1.7205640088181244,0.05609986881410345,one_second_dropout,27,8e7959c13081999952272b70cb77757eb6b69cb338ba5e006927d3c63a458683
sew_orientation,reject,80,0.0018407580785518099,0.0019809999685094226,0.8125,0.1875,5,15,6,1.3,0.0,0.0,0,0,nan,nan,0.06553841364321877,1.7205640088181244,0.05609986881410345,one_second_dropout,28,8e7959c13081999952272b70cb77757eb6b69cb338ba5e006927d3c63a458683
sew_orientation,reject,80,0.0018331774108739938,0.0020289999156375416,0.8125,0.1875,5,15,6,1.3,0.0,0.0,0,0,nan,nan,0.06553841364321877,1.7205640088181244,0.05609986881410345,one_second_dropout,29,8e7959c13081999952272b70cb77757eb6b69cb338ba5e006927d3c63a458683
sew_orientation,reject,80,0.001837168802957386,0.002023999968514545,0.8625,0.1375,0,0,0,nan,13.75,0.0,0,0,nan,nan,0.7189446954853399,1.2993334645957852,0.046889442590892436,workspace_boundary_crossing,0,93b3275e2711fe4877f1e2efb09bec94e83d458937545c86b16e837dd106bd17
sew_orientation,reject,80,0.0018170519258812608,0.0019619997146946844,0.8625,0.1375,0,0,0,nan,13.75,0.0,0,0,nan,nan,0.7189446954853399,1.2993334645957852,0.046889442590892436,workspace_boundary_crossing,1,93b3275e2711fe4877f1e2efb09bec94e83d458937545c86b16e837dd106bd17
sew_orientation,reject,80,0.001818610386393417,0.0019829999473586213,0.8625,0.1375,0,0,0,nan,13.75,0.0,0,0,nan,nan,0.7189446954853399,1.2993334645957852,0.046889442590892436,workspace_boundary_crossing,2,93b3275e2711fe4877f1e2efb09bec94e83d458937545c86b16e837dd106bd17
sew_orientation,reject,80,0.0018817143061280691,0.001987999894481618,0.8625,0.1375,0,0,0,nan,13.75,0.0,0,0,nan,nan,0.7189446954853399,1.2993334645957852,0.046889442590892436,workspace_boundary_crossing,3,93b3275e2711fe4877f1e2efb09bec94e83d458937545c86b16e837dd106bd17
sew_orientation,reject,80,0.0018484025921290076,0.0020980000954295974,0.8625,0.1375,0,0,0,nan,13.75,0.0,0,0,nan,nan,0.7189446954853399,1.2993334645957852,0.046889442590892436,workspace_boundary_crossing,4,93b3275e2711fe4877f1e2efb09bec94e83d458937545c86b16e837dd106bd17
sew_orientation,reject,80,0.0018430649330869753,0.0020399997993081342,0.8625,0.1375,0,0,0,nan,13.75,0.0,0,0,nan,nan,0.7189446954853399,1.2993334645957852,0.046889442590892436,workspace_boundary_crossing,5,93b3275e2711fe4877f1e2efb09bec94e83d458937545c86b16e837dd106bd17
sew_orientation,reject,80,0.0018149740139665777,0.0019750000319618266,0.8625,0.1375,0,0,0,nan,13.75,0.0,0,0,nan,nan,0.7189446954853399,1.2993334645957852,0.046889442590892436,workspace_boundary_crossing,6,93b3275e2711fe4877f1e2efb09bec94e83d458937545c86b16e837dd106bd17
sew_orientation,reject,80,0.0018005973772658337,0.001961000180017436,0.8625,0.1375,0,0,0,nan,13.75,0.0,0,0,nan,nan,0.7189446954853399,1.2993334645957852,0.046889442590892436,workspace_boundary_crossing,7,93b3275e2711fe4877f1e2efb09bec94e83d458937545c86b16e837dd106bd17
sew_orientation,reject,80,0.0018286753154163969,0.001976000021386426,0.8625,0.1375,0,0,0,nan,13.75,0.0,0,0,nan,nan,0.7189446954853399,1.2993334645957852,0.046889442590892436,workspace_boundary_crossing,8,93b3275e2711fe4877f1e2efb09bec94e83d458937545c86b16e837dd106bd17
sew_orientation,reject,80,0.0018235974116046767,0.001981999957934022,0.8625,0.1375,0,0,0,nan,13.75,0.0,0,0,nan,nan,0.7189446954853399,1.2993334645957852,0.046889442590892436,workspace_boundary_crossing,9,93b3275e2711fe4877f1e2efb09bec94e83d458937545c86b16e837dd106bd17
sew_orientation,reject,80,0.0018181298779003934,0.0019740000425372273,0.8625,0.1375,0,0,0,nan,13.75,0.0,0,0,nan,nan,0.7189446954853399,1.2993334645957852,0.046889442590892436,workspace_boundary_crossing,10,93b3275e2711fe4877f1e2efb09bec94e83d458937545c86b16e837dd106bd17
sew_orientation,reject,80,0.0018531948260172245,0.0020529996618279256,0.8625,0.1375,0,0,0,nan,13.75,0.0,0,0,nan,nan,0.7189446954853399,1.2993334645957852,0.046889442590892436,workspace_boundary_crossing,11,93b3275e2711fe4877f1e2efb09bec94e83d458937545c86b16e837dd106bd17
sew_orientation,reject,80,0.0018403636157065147,0.002009000127145555,0.8625,0.1375,0,0,0,nan,13.75,0.0,0,0,nan,nan,0.7189446954853399,1.2993334645957852,0.046889442590892436,workspace_boundary_crossing,12,93b3275e2711fe4877f1e2efb09bec94e83d458937545c86b16e837dd106bd17
sew_orientation,reject,80,0.0018299090981316395,0.0019809999685094226,0.8625,0.1375,0,0,0,nan,13.75,0.0,0,0,nan,nan,0.7189446954853399,1.2993334645957852,0.046889442590892436,workspace_boundary_crossing,13,93b3275e2711fe4877f1e2efb09bec94e83d458937545c86b16e837dd106bd17
sew_orientation,reject,80,0.0018293506388557023,0.0019869999050570186,0.8625,0.1375,0,0,0,nan,13.75,0.0,0,0,nan,nan,0.7189446954853399,1.2993334645957852,0.046889442590892436,workspace_boundary_crossing,14,93b3275e2711fe4877f1e2efb09bec94e83d458937545c86b16e837dd106bd17
sew_orientation,reject,80,0.0018273636232589087,0.0019929998416046146,0.8625,0.1375,0,0,0,nan,13.75,0.0,0,0,nan,nan,0.7189446954853399,1.2993334645957852,0.046889442590892436,workspace_boundary_crossing,15,93b3275e2711fe4877f1e2efb09bec94e83d458937545c86b16e837dd106bd17
sew_orientation,reject,80,0.0018911948198412527,0.0019780000002356246,0.8625,0.1375,0,0,0,nan,13.75,0.0,0,0,nan,nan,0.7189446954853399,1.2993334645957852,0.046889442590892436,workspace_boundary_crossing,16,93b3275e2711fe4877f1e2efb09bec94e83d458937545c86b16e837dd106bd17
sew_orientation,reject,80,0.0018466103796668761,0.0020620000213966705,0.8625,0.1375,0,0,0,nan,13.75,0.0,0,0,nan,nan,0.7189446954853399,1.2993334645957852,0.046889442590892436,workspace_boundary_crossing,17,93b3275e2711fe4877f1e2efb09bec94e83d458937545c86b16e837dd106bd17
sew_orientation,reject,80,0.0018331038931633389,0.001998000243474962,0.8625,0.1375,0,0,0,nan,13.75,0.0,0,0,nan,nan,0.7189446954853399,1.2993334645957852,0.046889442590892436,workspace_boundary_crossing,18,93b3275e2711fe4877f1e2efb09bec94e83d458937545c86b16e837dd106bd17
sew_orientation,reject,80,0.0018355324802494626,0.002029999905062141,0.8625,0.1375,0,0,0,nan,13.75,0.0,0,0,nan,nan,0.7189446954853399,1.2993334645957852,0.046889442590892436,workspace_boundary_crossing,19,93b3275e2711fe4877f1e2efb09bec94e83d458937545c86b16e837dd106bd17
sew_orientation,reject,80,0.0018105714040651142,0.002010000116570154,0.8625,0.1375,0,0,0,nan,13.75,0.0,0,0,nan,nan,0.7189446954853399,1.2993334645957852,0.046889442590892436,workspace_boundary_crossing,20,93b3275e2711fe4877f1e2efb09bec94e83d458937545c86b16e837dd106bd17
sew_orientation,reject,80,0.0018313895783318333,0.002006000158871757,0.8625,0.1375,0,0,0,nan,13.75,0.0,0,0,nan,nan,0.7189446954853399,1.2993334645957852,0.046889442590892436,workspace_boundary_crossing,21,93b3275e2711fe4877f1e2efb09bec94e83d458937545c86b16e837dd106bd17
sew_orientation,reject,80,0.0018285713849763852,0.0019780000002356246,0.8625,0.1375,0,0,0,nan,13.75,0.0,0,0,nan,nan,0.7189446954853399,1.2993334645957852,0.046889442590892436,workspace_boundary_crossing,22,93b3275e2711fe4877f1e2efb09bec94e83d458937545c86b16e837dd106bd17
sew_orientation,reject,80,0.0018163376477208328,0.0019899998733308166,0.8625,0.1375,0,0,0,nan,13.75,0.0,0,0,nan,nan,0.7189446954853399,1.2993334645957852,0.046889442590892436,workspace_boundary_crossing,23,93b3275e2711fe4877f1e2efb09bec94e83d458937545c86b16e837dd106bd17
sew_orientation,reject,80,0.0018084804993689775,0.001958000211743638,0.8625,0.1375,0,0,0,nan,13.75,0.0,0,0,nan,nan,0.7189446954853399,1.2993334645957852,0.046889442590892436,workspace_boundary_crossing,24,93b3275e2711fe4877f1e2efb09bec94e83d458937545c86b16e837dd106bd17
sew_orientation,reject,80,0.0018410000434827948,0.002023999968514545,0.8625,0.1375,0,0,0,nan,13.75,0.0,0,0,nan,nan,0.7189446954853399,1.2993334645957852,0.046889442590892436,workspace_boundary_crossing,25,93b3275e2711fe4877f1e2efb09bec94e83d458937545c86b16e837dd106bd17
sew_orientation,reject,80,0.0018228441846289357,0.001978999989660224,0.8625,0.1375,0,0,0,nan,13.75,0.0,0,0,nan,nan,0.7189446954853399,1.2993334645957852,0.046889442590892436,workspace_boundary_crossing,26,93b3275e2711fe4877f1e2efb09bec94e83d458937545c86b16e837dd106bd17
sew_orientation,reject,80,0.001817948067547185,0.001989000338653568,0.8625,0.1375,0,0,0,nan,13.75,0.0,0,0,nan,nan,0.7189446954853399,1.2993334645957852,0.046889442590892436,workspace_boundary_crossing,27,93b3275e2711fe4877f1e2efb09bec94e83d458937545c86b16e837dd106bd17
sew_orientation,reject,80,0.0018111688121563647,0.0019650001377158333,0.8625,0.1375,0,0,0,nan,13.75,0.0,0,0,nan,nan,0.7189446954853399,1.2993334645957852,0.046889442590892436,workspace_boundary_crossing,28,93b3275e2711fe4877f1e2efb09bec94e83d458937545c86b16e837dd106bd17
sew_orientation,reject,80,0.0018384805069264938,0.002003000190597959,0.8625,0.1375,0,0,0,nan,13.75,0.0,0,0,nan,nan,0.7189446954853399,1.2993334645957852,0.046889442590892436,workspace_boundary_crossing,29,93b3275e2711fe4877f1e2efb09bec94e83d458937545c86b16e837dd106bd17
sew_orientation,reject,80,0.001871974048996193,0.0019569997675716877,1.0,0.0,0,0,0,nan,0.0,0.0,0,0,nan,nan,0.11034746258976695,0.6945522859680324,6.8191754615913e-09,obstacle_intersection,0,eb8b7d9e4d56f3c375d373da04affa7b70db8f5bd7148d2d633754e2d36b962f
sew_orientation,reject,80,0.0019442597606809744,0.0020219999896653462,1.0,0.0,0,0,0,nan,0.0,0.0,0,0,nan,nan,0.11034746258976695,0.6945522859680324,6.8191754615913e-09,obstacle_intersection,1,eb8b7d9e4d56f3c375d373da04affa7b70db8f5bd7148d2d633754e2d36b962f
sew_orientation,reject,80,0.001878805228266351,0.002021000000240747,1.0,0.0,0,0,0,nan,0.0,0.0,0,0,nan,nan,0.11034746258976695,0.6945522859680324,6.8191754615913e-09,obstacle_intersection,2,eb8b7d9e4d56f3c375d373da04affa7b70db8f5bd7148d2d633754e2d36b962f
sew_orientation,reject,80,0.001889857159838286,0.001987999894481618,1.0,0.0,0,0,0,nan,0.0,0.0,0,0,nan,nan,0.11034746258976695,0.6945522859680324,6.8191754615913e-09,obstacle_intersection,3,eb8b7d9e4d56f3c375d373da04affa7b70db8f5bd7148d2d633754e2d36b962f
sew_orientation,reject,80,0.0018461038501760862,0.001936999979079701,1.0,0.0,0,0,0,nan,0.0,0.0,0,0,nan,nan,0.11034746258976695,0.6945522859680324,6.8191754615913e-09,obstacle_intersection,4,eb8b7d9e4d56f3c375d373da04affa7b70db8f5bd7148d2d633754e2d36b962f
sew_orientation,reject,80,0.0018767532310448587,0.00198499992620782,1.0,0.0,0,0,0,nan,0.0,0.0,0,0,nan,nan,0.11034746258976695,0.6945522859680324,6.8191754615913e-09,obstacle_intersection,5,eb8b7d9e4d56f3c375d373da04affa7b70db8f5bd7148d2d633754e2d36b962f
sew_orientation,reject,80,0.001857610381453664,0.0019780000002356246,1.0,0.0,0,0,0,nan,0.0,0.0,0,0,nan,nan,0.11034746258976695,0.6945522859680324,6.8191754615913e-09,obstacle_intersection,6,eb8b7d9e4d56f3c375d373da04affa7b70db8f5bd7148d2d633754e2d36b962f
sew_orientation,reject,80,0.00186528574307555,0.001952000275196042,1.0,0.0,0,0,0,nan,0.0,0.0,0,0,nan,nan,0.11034746258976695,0.6945522859680324,6.8191754615913e-09,obstacle_intersection,7,eb8b7d9e4d56f3c375d373da04affa7b70db8f5bd7148d2d633754e2d36b962f
sew_orientation,reject,80,0.0018826883395188095,0.002023999968514545,1.0,0.0,0,0,0,nan,0.0,0.0,0,0,nan,nan,0.11034746258976695,0.6945522859680324,6.8191754615913e-09,obstacle_intersection,8,eb8b7d9e4d56f3c375d373da04affa7b70db8f5bd7148d2d633754e2d36b962f
sew_orientation,reject,80,0.0018831558552303792,0.002013000084843952,1.0,0.0,0,0,0,nan,0.0,0.0,0,0,nan,nan,0.11034746258976695,0.6945522859680324,6.8191754615913e-09,obstacle_intersection,9,eb8b7d9e4d56f3c375d373da04affa7b70db8f5bd7148d2d633754e2d36b962f
sew_orientation,reject,80,0.0018672337862337914,0.0019740000425372273,1.0,0.0,0,0,0,nan,0.0,0.0,0,0,nan,nan,0.11034746258976695,0.6945522859680324,6.8191754615913e-09,obstacle_intersection,10,eb8b7d9e4d56f3c375d373da04affa7b70db8f5bd7148d2d633754e2d36b962f
sew_orientation,reject,80,0.001867142842669424,0.0019600001905928366,1.0,0.0,0,0,0,nan,0.0,0.0,0,0,nan,nan,0.11034746258976695,0.6945522859680324,6.8191754615913e-09,obstacle_intersection,11,eb8b7d9e4d56f3c375d373da04affa7b70db8f5bd7148d2d633754e2d36b962f
sew_orientation,reject,80,0.0018686753648651504,0.0020069996935490053,1.0,0.0,0,0,0,nan,0.0,0.0,0,0,nan,nan,0.11034746258976695,0.6945522859680324,6.8191754615913e-09,obstacle_intersection,12,eb8b7d9e4d56f3c375d373da04affa7b70db8f5bd7148d2d633754e2d36b962f
sew_orientation,reject,80,0.001908857130174156,0.001942999915627297,1.0,0.0,0,0,0,nan,0.0,0.0,0,0,nan,nan,0.11034746258976695,0.6945522859680324,6.8191754615913e-09,obstacle_intersection,13,eb8b7d9e4d56f3c375d373da04affa7b70db8f5bd7148d2d633754e2d36b962f
sew_orientation,reject,80,0.0018766623229153497,0.002012000095419353,1.0,0.0,0,0,0,nan,0.0,0.0,0,0,nan,nan,0.11034746258976695,0.6945522859680324,6.8191754615913e-09,obstacle_intersection,14,eb8b7d9e4d56f3c375d373da04affa7b70db8f5bd7148d2d633754e2d36b962f
sew_orientation,reject,80,0.0018705584382103127,0.001985000380955171,1.0,0.0,0,0,0,nan,0.0,0.0,0,0,nan,nan,0.11034746258976695,0.6945522859680324,6.8191754615913e-09,obstacle_intersection,15,eb8b7d9e4d56f3c375d373da04affa7b70db8f5bd7148d2d633754e2d36b962f
sew_orientation,reject,80,0.0018760779194171727,0.00198499992620782,1.0,0.0,0,0,0,nan,0.0,0.0,0,0,nan,nan,0.11034746258976695,0.6945522859680324,6.8191754615913e-09,obstacle_intersection,16,eb8b7d9e4d56f3c375d373da04affa7b70db8f5bd7148d2d633754e2d36b962f
sew_orientation,reject,80,0.0018757272501515418,0.0020110001059947535,1.0,0.0,0,0,0,nan,0.0,0.0,0,0,nan,nan,0.11034746258976695,0.6945522859680324,6.8191754615913e-09,obstacle_intersection,17,eb8b7d9e4d56f3c375d373da04affa7b70db8f5bd7148d2d633754e2d36b962f
sew_orientation,reject,80,0.001861922065508189,0.001993999831029214,1.0,0.0,0,0,0,nan,0.0,0.0,0,0,nan,nan,0.11034746258976695,0.6945522859680324,6.8191754615913e-09,obstacle_intersection,18,eb8b7d9e4d56f3c375d373da04affa7b70db8f5bd7148d2d633754e2d36b962f
sew_orientation,reject,80,0.001874935097983727,0.0019780000002356246,1.0,0.0,0,0,0,nan,0.0,0.0,0,0,nan,nan,0.11034746258976695,0.6945522859680324,6.8191754615913e-09,obstacle_intersection,19,eb8b7d9e4d56f3c375d373da04affa7b70db8f5bd7148d2d633754e2d36b962f
sew_orientation,reject,80,0.001874896101921936,0.0020109996512474027,1.0,0.0,0,0,0,nan,0.0,0.0,0,0,nan,nan,0.11034746258976695,0.6945522859680324,6.8191754615913e-09,obstacle_intersection,20,eb8b7d9e4d56f3c375d373da04affa7b70db8f5bd7148d2d633754e2d36b962f
sew_orientation,reject,80,0.0018826883454246192,0.0020049997146998066,1.0,0.0,0,0,0,nan,0.0,0.0,0,0,nan,nan,0.11034746258976695,0.6945522859680324,6.8191754615913e-09,obstacle_intersection,21,eb8b7d9e4d56f3c375d373da04affa7b70db8f5bd7148d2d633754e2d36b962f
sew_orientation,reject,80,0.001873831172213306,0.0019799999790848233,1.0,0.0,0,0,0,nan,0.0,0.0,0,0,nan,nan,0.11034746258976695,0.6945522859680324,6.8191754615913e-09,obstacle_intersection,22,eb8b7d9e4d56f3c375d373da04affa7b70db8f5bd7148d2d633754e2d36b962f
sew_orientation,reject,80,0.001875168826310463,0.001987999894481618,1.0,0.0,0,0,0,nan,0.0,0.0,0,0,nan,nan,0.11034746258976695,0.6945522859680324,6.8191754615913e-09,obstacle_intersection,23,eb8b7d9e4d56f3c375d373da04affa7b70db8f5bd7148d2d633754e2d36b962f
sew_orientation,reject,80,0.001860935057053424,0.001960999725270085,1.0,0.0,0,0,0,nan,0.0,0.0,0,0,nan,nan,0.11034746258976695,0.6945522859680324,6.8191754615913e-09,obstacle_intersection,24,eb8b7d9e4d56f3c375d373da04affa7b70db8f5bd7148d2d633754e2d36b962f
sew_orientation,reject,80,0.0018730129577070565,0.0020229999790899456,1.0,0.0,0,0,0,nan,0.0,0.0,0,0,nan,nan,0.11034746258976695,0.6945522859680324,6.8191754615913e-09,obstacle_intersection,25,eb8b7d9e4d56f3c375d373da04affa7b70db8f5bd7148d2d633754e2d36b962f
sew_orientation,reject,80,0.0018696104317231484,0.0019660001271404326,1.0,0.0,0,0,0,nan,0.0,0.0,0,0,nan,nan,0.11034746258976695,0.6945522859680324,6.8191754615913e-09,obstacle_intersection,26,eb8b7d9e4d56f3c375d373da04affa7b70db8f5bd7148d2d633754e2d36b962f
sew_orientation,reject,80,0.0018753376320705978,0.001990999862755416,1.0,0.0,0,0,0,nan,0.0,0.0,0,0,nan,nan,0.11034746258976695,0.6945522859680324,6.8191754615913e-09,obstacle_intersection,27,eb8b7d9e4d56f3c375d373da04affa7b70db8f5bd7148d2d633754e2d36b962f
sew_orientation,reject,80,0.0018751298656835306,0.0020170000425423495,1.0,0.0,0,0,0,nan,0.0,0.0,0,0,nan,nan,0.11034746258976695,0.6945522859680324,6.8191754615913e-09,obstacle_intersection,28,eb8b7d9e4d56f3c375d373da04affa7b70db8f5bd7148d2d633754e2d36b962f
sew_orientation,reject,80,0.0018533376521202615,0.00198499992620782,1.0,0.0,0,0,0,nan,0.0,0.0,0,0,nan,nan,0.11034746258976695,0.6945522859680324,6.8191754615913e-09,obstacle_intersection,29,eb8b7d9e4d56f3c375d373da04affa7b70db8f5bd7148d2d633754e2d36b962f
sew_orientation,clamp,80,0.002042649322737072,0.002283999947394477,1.0,0.0,0,0,0,nan,0.0,0.0,0,0,nan,nan,0.2588216996819622,1.5998275760124292,0.08055365778435367,horizontal_sweep,0,26144b426aae9b86aec45d41514b815fab3c472ce45eeeeb33e642d68ffef3f9
sew_orientation,clamp,80,0.0020434026146767203,0.002225999651273014,1.0,0.0,0,0,0,nan,0.0,0.0,0,0,nan,nan,0.2588216996819622,1.5998275760124292,0.08055365778435367,horizontal_sweep,1,26144b426aae9b86aec45d41514b815fab3c472ce45eeeeb33e642d68ffef3f9
sew_orientation,clamp,80,0.00204863636099617,0.0022749995878257323,1.0,0.0,0,0,0,nan,0.0,0.0,0,0,nan,nan,0.2588216996819622,1.5998275760124292,0.08055365778435367,horizontal_sweep,2,26144b426aae9b86aec45d41514b815fab3c472ce45eeeeb33e642d68ffef3f9
sew_orientation,clamp,80,0.002034220799103352,0.002153999957954511,1.0,0.0,0,0,0,nan,0.0,0.0,0,0,nan,nan,0.2588216996819622,1.5998275760124292,0.08055365778435367,horizontal_sweep,3,26144b426aae9b86aec45d41514b815fab3c472ce45eeeeb33e642d68ffef3f9
sew_orientation,clamp,80,0.0020248960983688495,0.002129999757016776,1.0,0.0,0,0,0,nan,0.0,0.0,0,0,nan,nan,0.2588216996819622,1.5998275760124292,0.08055365778435367,horizontal_sweep,4,26144b426aae9b86aec45d41514b815fab3c472ce45eeeeb33e642d68ffef3f9
sew_orientation,clamp,80,0.002019584454418774,0.0021460000425577164,1.0,0.0,0,0,0,nan,0.0,0.0,0,0,nan,nan,0.2588216996819622,1.5998275760124292,0.08055365778435367,horizontal_sweep,5,26144b426aae9b86aec45d41514b815fab3c472ce45eeeeb33e642d68ffef3f9
sew_orientation,clamp,80,0.002073129838787612,0.0021519999791053124,1.0,0.0,0,0,0,nan,0.0,0.0,0,0,nan,nan,0.2588216996819622,1.5998275760124292,0.08055365778435367,horizontal_sweep,6,26144b426aae9b86aec45d41514b815fab3c472ce45eeeeb33e642d68ffef3f9
sew_orientation,clamp,80,0.0021207272872637182,0.002297999799338868,1.0,0.0,0,0,0,nan,0.0,0.0,0,0,nan,nan,0.2588216996819622,1.5998275760124292,0.08055365778435367,horizontal_sweep,7,26144b426aae9b86aec45d41514b815fab3c472ce45eeeeb33e642d68ffef3f9
sew_orientation,clamp,80,0.002030519492298292,0.0021320001906133257,1.0,0.0,0,0,0,nan,0.0,0.0,0,0,nan,nan,0.2588216996819622,1.5998275760124292,0.08055365778435367,horizontal_sweep,8,26144b426aae9b86aec45d41514b815fab3c472ce45eeeeb33e642d68ffef3f9
sew_orientation,clamp,80,0.0020454805206855933,0.0021969999579596333,1.0,0.0,0,0,0,nan,0.0,0.0,0,0,nan,nan,0.2588216996819622,1.5998275760124292,0.08055365778435367,horizontal_sweep,9,26144b426aae9b86aec45d41514b815fab3c472ce45eeeeb33e642d68ffef3f9
sew_orientation,clamp,80,0.002025987019546197,0.00210899997910019,1.0,0.0,0,0,0,nan,0.0,0.0,0,0,nan,nan,0.2588216996819622,1.5998275760124292,0.08055365778435367,horizontal_sweep,10,26144b426aae9b86aec45d41514b815fab3c472ce45eeeeb33e642d68ffef3f9
sew_orientation,clamp,80,0.002041324673232988,0.0021620003280986566,1.0,0.0,0,0,0,nan,0.0,0.0,0,0,nan,nan,0.2588216996819622,1.5998275760124292,0.08055365778435367,horizontal_sweep,11,26144b426aae9b86aec45d41514b815fab3c472ce45eeeeb33e642d68ffef3f9
sew_orientation,clamp,80,0.002063168834298834,0.002235000010841759,1.0,0.0,0,0,0,nan,0.0,0.0,0,0,nan,nan,0.2588216996819622,1.5998275760124292,0.08055365778435367,horizontal_sweep,12,26144b426aae9b86aec45d41514b815fab3c472ce45eeeeb33e642d68ffef3f9
sew_orientation,clamp,80,0.0020479480329637914,0.002282999957969878,1.0,0.0,0,0,0,nan,0.0,0.0,0,0,nan,nan,0.2588216996819622,1.5998275760124292,0.08055365778435367,horizontal_sweep,13,26144b426aae9b86aec45d41514b815fab3c472ce45eeeeb33e642d68ffef3f9
sew_orientation,clamp,80,0.0020227791667691364,0.0021639998522005044,1.0,0.0,0,0,0,nan,0.0,0.0,0,0,nan,nan,0.2588216996819622,1.5998275760124292,0.08055365778435367,horizontal_sweep,14,26144b426aae9b86aec45d41514b815fab3c472ce45eeeeb33e642d68ffef3f9
sew_orientation,clamp,80,0.0020278181512945925,0.002169000254070852,1.0,0.0,0,0,0,nan,0.0,0.0,0,0,nan,nan,0.2588216996819622,1.5998275760124292,0.08055365778435367,horizontal_sweep,15,26144b426aae9b86aec45d41514b815fab3c472ce45eeeeb33e642d68ffef3f9
sew_orientation,clamp,80,0.0020296882791047788,0.0021740002011938486,1.0,0.0,0,0,0,nan,0.0,0.0,0,0,nan,nan,0.2588216996819622,1.5998275760124292,0.08055365778435367,horizontal_sweep,16,26144b426aae9b86aec45d41514b815fab3c472ce45eeeeb33e642d68ffef3f9
sew_orientation,clamp,80,0.0020227013163849885,0.002177999704144895,1.0,0.0,0,0,0,nan,0.0,0.0,0,0,nan,nan,0.2588216996819622,1.5998275760124292,0.08055365778435367,horizontal_sweep,17,26144b426aae9b86aec45d41514b815fab3c472ce45eeeeb33e642d68ffef3f9
sew_orientation,clamp,80,0.002031727248109959,0.0021460000425577164,1.0,0.0,0,0,0,nan,0.0,0.0,0,0,nan,nan,0.2588216996819622,1.5998275760124292,0.08055365778435367,horizontal_sweep,18,26144b426aae9b86aec45d41514b815fab3c472ce45eeeeb33e642d68ffef3f9
sew_orientation,clamp,80,0.0020838701030615166,0.0023699999474047218,1.0,0.0,0,0,0,nan,0.0,0.0,0,0,nan,nan,0.2588216996819622,1.5998275760124292,0.08055365778435367,horizontal_sweep,19,26144b426aae9b86aec45d41514b815fab3c472ce45eeeeb33e642d68ffef3f9
sew_orientation,clamp,80,0.0020173896192826253,0.0021340001694625244,1.0,0.0,0,0,0,nan,0.0,0.0,0,0,nan,nan,0.2588216996819622,1.5998275760124292,0.08055365778435367,horizontal_sweep,20,26144b426aae9b86aec45d41514b815fab3c472ce45eeeeb33e642d68ffef3f9
sew_orientation,clamp,80,0.0020402077842101626,0.0021559999368037097,1.0,0.0,0,0,0,nan,0.0,0.0,0,0,nan,nan,0.2588216996819622,1.5998275760124292,0.08055365778435367,horizontal_sweep,21,26144b426aae9b86aec45d41514b815fab3c472ce45eeeeb33e642d68ffef3f9
sew_orientation,clamp,80,0.0020216883105556964,0.0022270000954449642,1.0,0.0,0,0,0,nan,0.0,0.0,0,0,nan,nan,0.2588216996819622,1.5998275760124292,0.08055365778435367,horizontal_sweep,22,26144b426aae9b86aec45d41514b815fab3c472ce45eeeeb33e642d68ffef3f9
sew_orientation,clamp,80,0.0020211298630913787,0.002166000285797054,1.0,0.0,0,0,0,nan,0.0,0.0,0,0,nan,nan,0.2588216996819622,1.5998275760124292,0.08055365778435367,horizontal_sweep,23,26144b426aae9b86aec45d41514b815fab3c472ce45eeeeb33e642d68ffef3f9
sew_orientation,clamp,80,0.0020308311300672737,0.0021579999156529084,1.0,0.0,0,0,0,nan,0.0,0.0,0,0,nan,nan,0.2588216996819622,1.5998275760124292,0.08055365778435367,horizontal_sweep,24,26144b426aae9b86aec45d41514b815fab3c472ce45eeeeb33e642d68ffef3f9
sew_orientation,clamp,80,0.0020406493793227315,0.002269000106025487,1.0,0.0,0,0,0,nan,0.0,0.0,0,0,nan,nan,0.2588216996819622,1.5998275760124292,0.08055365778435367,horizontal_sweep,25,26144b426aae9b86aec45d41514b815fab3c472ce45eeeeb33e642d68ffef3f9
sew_orientation,clamp,80,0.0020420129658305086,0.0021380001271609217,1.0,0.0,0,0,0,nan,0.0,0.0,0,0,nan,nan,0.2588216996819622,1.5998275760124292,0.08055365778435367,horizontal_sweep,26,26144b426aae9b86aec45d41514b815fab3c472ce45eeeeb33e642d68ffef3f9
sew_orientation,clamp,80,0.002068753267601344,0.0021760001800430473,1.0,0.0,0,0,0,nan,0.0,0.0,0,0,nan,nan,0.2588216996819622,1.5998275760124292,0.08055365778435367,horizontal_sweep,27,26144b426aae9b86aec45d41514b815fab3c472ce45eeeeb33e642d68ffef3f9
sew_orientation,clamp,80,0.0020405064705383584,0.002121000306942733,1.0,0.0,0,0,0,nan,0.0,0.0,0,0,nan,nan,0.2588216996819622,1.5998275760124292,0.08055365778435367,horizontal_sweep,28,26144b426aae9b86aec45d41514b815fab3c472ce45eeeeb33e642d68ffef3f9
sew_orientation,clamp,80,0.002043194818760604,0.00217200022234465,1.0,0.0,0,0,0,nan,0.0,0.0,0,0,nan,nan,0.2588216996819622,1.5998275760124292,0.08055365778435367,horizontal_sweep,29,26144b426aae9b86aec45d41514b815fab3c472ce45eeeeb33e642d68ffef3f9
sew_orientation,clamp,80,0.0020302467324749066,0.0021649998416251037,1.0,0.0,0,0,0,nan,0.0,0.0,0,0,nan,nan,0.21568474973496854,1.5945130878892813,0.08055365778435367,vertical_sweep,0,629272caf471f89606b5dd3049b26f55990e596954231224db53f6c031c7f5d0
sew_orientation,clamp,80,0.002091610404967433,0.0021380001271609217,1.0,0.0,0,0,0,nan,0.0,0.0,0,0,nan,nan,0.21568474973496854,1.5945130878892813,0.08055365778435367,vertical_sweep,1,629272caf471f89606b5dd3049b26f55990e596954231224db53f6c031c7f5d0
sew_orientation,clamp,80,0.002043883117263934,0.0022250001165957656,1.0,0.0,0,0,0,nan,0.0,0.0,0,0,nan,nan,0.21568474973496854,1.5945130878892813,0.08055365778435367,vertical_sweep,2,629272caf471f89606b5dd3049b26f55990e596954231224db53f6c031c7f5d0
sew_orientation,clamp,80,0.002022090903700665,0.0021699997887481004,1.0,0.0,0,0,0,nan,0.0,0.0,0,0,nan,nan,0.21568474973496854,1.5945130878892813,0.08055365778435367,vertical_sweep,3,629272caf471f89606b5dd3049b26f55990e596954231224db53f6c031c7f5d0
sew_orientation,clamp,80,0.0020270259518802994,0.0021579999156529084,1.0,0.0,0,0,0,nan,0.0,0.0,0,0,nan,nan,0.21568474973496854,1.5945130878892813,0.08055365778435367,vertical_sweep,4,629272caf471f89606b5dd3049b26f55990e596954231224db53f6c031c7f5d0
sew_orientation,clamp,80,0.00207093508042699,0.0022790000002714805,1.0,0.0,0,0,0,nan,0.0,0.0,0,0,nan,nan,0.21568474973496854,1.5945130878892813,0.08055365778435367,vertical_sweep,5,629272caf471f89606b5dd3049b26f55990e596954231224db53f6c031c7f5d0
sew_orientation,clamp,80,0.002089181823787119,0.002272000074299285,1.0,0.0,0,0,0,nan,0.0,0.0,0,0,nan,nan,0.21568474973496854,1.5945130878892813,0.08055365778435367,vertical_sweep,6,629272caf471f89606b5dd3049b26f55990e596954231224db53f6c031c7f5d0
sew_orientation,clamp,80,0.002069870091660263,0.0021890000425628386,1.0,0.0,0,0,0,nan,0.0,0.0,0,0,nan,nan,0.21568474973496854,1.5945130878892813,0.08055365778435367,vertical_sweep,7,629272caf471f89606b5dd3049b26f55990e596954231224db53f6c031c7f5d0
sew_orientation,clamp,80,0.0021349610506149475,0.0022479998733615503,1.0,0.0,0,0,0,nan,0.0,0.0,0,0,nan,nan,0.21568474973496854,1.5945130878892813,0.08055365778435367,vertical_sweep,8,629272caf471f89606b5dd3049b26f55990e596954231224db53f6c031c7f5d0
sew_orientation,clamp,80,0.002053961021350939,0.0021500000002561137,1.0,0.0,0,0,0,nan,0.0,0.0,0,0,nan,nan,0.21568474973496854,1.5945130878892813,0.08055365778435367,vertical_sweep,9,629272caf471f89606b5dd3049b26f55990e596954231224db53f6c031c7f5d0
sew_orientation,clamp,80,0.0020467272902764803,0.0022100002752267756,1.0,0.0,0,0,0,nan,0.0,0.0,0,0,nan,nan,0.21568474973496854,1.5945130878892813,0.08055365778435367,vertical_sweep,10,629272caf471f89606b5dd3049b26f55990e596954231224db53f6c031c7f5d0
sew_orientation,clamp,80,0.0020514935267901702,0.0021850000848644413,1.0,0.0,0,0,0,nan,0.0,0.0,0,0,nan,nan,0.21568474973496854,1.5945130878892813,0.08055365778435367,vertical_sweep,11,629272caf471f89606b5dd3049b26f55990e596954231224db53f6c031c7f5d0
sew_orientation,clamp,80,0.0020316104193814494,0.002160000349249458,1.0,0.0,0,0,0,nan,0.0,0.0,0,0,nan,nan,0.21568474973496854,1.5945130878892813,0.08055365778435367,vertical_sweep,12,629272caf471f89606b5dd3049b26f55990e596954231224db53f6c031c7f5d0
sew_orientation,clamp,80,0.0020547142778557285,0.0022209997041500174,1.0,0.0,0,0,0,nan,0.0,0.0,0,0,nan,nan,0.21568474973496854,1.5945130878892813,0.08055365778435367,vertical_sweep,13,629272caf471f89606b5dd3049b26f55990e596954231224db53f6c031c7f5d0
sew_orientation,clamp,80,0.002032220802536724,0.0022089998310548253,1.0,0.0,0,0,0,nan,0.0,0.0,0,0,nan,nan,0.21568474973496854,1.5945130878892813,0.08055365778435367,vertical_sweep,14,629272caf471f89606b5dd3049b26f55990e596954231224db53f6c031c7f5d0
sew_orientation,clamp,80,0.002038337685929025,0.0021860000742890406,1.0,0.0,0,0,0,nan,0.0,0.0,0,0,nan,nan,0.21568474973496854,1.5945130878892813,0.08055365778435367,vertical_sweep,15,629272caf471f89606b5dd3049b26f55990e596954231224db53f6c031c7f5d0
sew_orientation,clamp,80,0.002013597404348056,0.0021309997464413755,1.0,0.0,0,0,0,nan,0.0,0.0,0,0,nan,nan,0.21568474973496854,1.5945130878892813,0.08055365778435367,vertical_sweep,16,629272caf471f89606b5dd3049b26f55990e596954231224db53f6c031c7f5d0
sew_orientation,clamp,80,0.002016857116040547,0.0021380001271609217,1.0,0.0,0,0,0,nan,0.0,0.0,0,0,nan,nan,0.21568474973496854,1.5945130878892813,0.08055365778435367,vertical_sweep,17,629272caf471f89606b5dd3049b26f55990e596954231224db53f6c031c7f5d0
sew_orientation,clamp,80,0.002024714293921451,0.0021079999896755908,1.0,0.0,0,0,0,nan,0.0,0.0,0,0,nan,nan,0.21568474973496854,1.5945130878892813,0.08055365778435367,vertical_sweep,18,629272caf471f89606b5dd3049b26f55990e596954231224db53f6c031c7f5d0
sew_orientation,clamp,80,0.0020420909107076125,0.0021459995878103655,1.0,0.0,0,0,0,nan,0.0,0.0,0,0,nan,nan,0.21568474973496854,1.5945130878892813,0.08055365778435367,vertical_sweep,19,629272caf471f89606b5dd3049b26f55990e596954231224db53f6c031c7f5d0
sew_orientation,clamp,80,0.002030831159596322,0.0021939999896858353,1.0,0.0,0,0,0,nan,0.0,0.0,0,0,nan,nan,0.21568474973496854,1.5945130878892813,0.08055365778435367,vertical_sweep,20,629272caf471f89606b5dd3049b26f55990e596954231224db53f6c031c7f5d0
sew_orientation,clamp,80,0.0020413246909504177,0.0021590003598248586,1.0,0.0,0,0,0,nan,0.0,0.0,0,0,nan,nan,0.21568474973496854,1.5945130878892813,0.08055365778435367,vertical_sweep,21,629272caf471f89606b5dd3049b26f55990e596954231224db53f6c031c7f5d0
sew_orientation,clamp,80,0.002045428543653968,0.0021610003386740573,1.0,0.0,0,0,0,nan,0.0,0.0,0,0,nan,nan,0.21568474973496854,1.5945130878892813,0.08055365778435367,vertical_sweep,22,629272caf471f89606b5dd3049b26f55990e596954231224db53f6c031c7f5d0
sew_orientation,clamp,80,0.0020462857305987695,0.002181000127166044,1.0,0.0,0,0,0,nan,0.0,0.0,0,0,nan,nan,0.21568474973496854,1.5945130878892813,0.08055365778435367,vertical_sweep,23,629272caf471f89606b5dd3049b26f55990e596954231224db53f6c031c7f5d0
sew_orientation,clamp,80,0.0020506492912861544,0.0022029998945072293,1.0,0.0,0,0,0,nan,0.0,0.0,0,0,nan,nan,0.21568474973496854,1.5945130878892813,0.08055365778435367,vertical_sweep,24,629272caf471f89606b5dd3049b26f55990e596954231224db53f6c031c7f5d0
sew_orientation,clamp,80,0.002120090889016487,0.0021830001060152426,1.0,0.0,0,0,0,nan,0.0,0.0,0,0,nan,nan,0.21568474973496854,1.5945130878892813,0.08055365778435367,vertical_sweep,25,629272caf471f89606b5dd3049b26f55990e596954231224db53f6c031c7f5d0
sew_orientation,clamp,80,0.0020260649289884423,0.002145000053133117,1.0,0.0,0,0,0,nan,0.0,0.0,0,0,nan,nan,0.21568474973496854,1.5945130878892813,0.08055365778435367,vertical_sweep,26,629272caf471f89606b5dd3049b26f55990e596954231224db53f6c031c7f5d0
sew_orientation,clamp,80,0.002037051943899586,0.002190000031987438,1.0,0.0,0,0,0,nan,0.0,0.0,0,0,nan,nan,0.21568474973496854,1.5945130878892813,0.08055365778435367,vertical_sweep,27,629272caf471f89606b5dd3049b26f55990e596954231224db53f6c031c7f5d0
sew_orientation,clamp,80,0.002033233743402109,0.0021519999791053124,1.0,0.0,0,0,0,nan,0.0,0.0,0,0,nan,nan,0.21568474973496854,1.5945130878892813,0.08055365778435367,vertical_sweep,28,629272caf471f89606b5dd3049b26f55990e596954231224db53f6c031c7f5d0
sew_orientation,clamp,80,0.002023272721195902,0.0021979999473842327,1.0,0.0,0,0,0,nan,0.0,0.0,0,0,nan,nan,0.21568474973496854,1.5945130878892813,0.08055365778435367,vertical_sweep,29,629272caf471f89606b5dd3049b26f55990e596954231224db53f6c031c7f5d0
sew_orientation,clamp,80,0.002108623383329749,0.002150999989680713,1.0,0.0,0,0,0,nan,0.0,0.0,0,0,nan,nan,0.4492472638515502,1.5317526726263682,0.09499816440653487,circle,0,42247944be5fa752a9f29712f2ed675af5ff74baede5f2e22e5f68a3c6c543d3
sew_orientation,clamp,80,0.0020411038845354183,0.0021979999473842327,1.0,0.0,0,0,0,nan,0.0,0.0,0,0,nan,nan,0.4492472638515502,1.5317526726263682,0.09499816440653487,circle,1,42247944be5fa752a9f29712f2ed675af5ff74baede5f2e22e5f68a3c6c543d3
sew_orientation,clamp,80,0.0020234026253872018,0.0021230002857919317,1.0,0.0,0,0,0,nan,0.0,0.0,0,0,nan,nan,0.4492472638515502,1.5317526726263682,0.09499816440653487,circle,2,42247944be5fa752a9f29712f2ed675af5ff74baede5f2e22e5f68a3c6c543d3
sew_orientation,clamp,80,0.0020415454383073193,0.0021860000742890406,1.0,0.0,0,0,0,nan,0.0,0.0,0,0,nan,nan,0.4492472638515502,1.5317526726263682,0.09499816440653487,circle,3,42247944be5fa752a9f29712f2ed675af5ff74baede5f2e22e5f68a3c6c543d3
sew_orientation,clamp,80,0.0020058830939108574,0.002150999989680713,1.0,0.0,0,0,0,nan,0.0,0.0,0,0,nan,nan,0.4492472638515502,1.5317526726263682,0.09499816440653487,circle,4,42247944be5fa752a9f29712f2ed675af5ff74baede5f2e22e5f68a3c6c543d3
sew_orientation,clamp,80,0.002038999992963637,0.002145000053133117,1.0,0.0,0,0,0,nan,0.0,0.0,0,0,nan,nan,0.4492472638515502,1.5317526726263682,0.09499816440653487,circle,5,42247944be5fa752a9f29712f2ed675af5ff74baede5f2e22e5f68a3c6c543d3
sew_orientation,clamp,80,0.0020308571628766593,0.0021619998733513057,1.0,0.0,0,0,0,nan,0.0,0.0,0,0,nan,nan,0.4492472638515502,1.5317526726263682,0.09499816440653487,circle,6,42247944be5fa752a9f29712f2ed675af5ff74baede5f2e22e5f68a3c6c543d3
sew_orientation,clamp,80,0.002035454552289546,0.0021519999791053124,1.0,0.0,0,0,0,nan,0.0,0.0,0,0,nan,nan,0.4492472638515502,1.5317526726263682,0.09499816440653487,circle,7,42247944be5fa752a9f29712f2ed675af5ff74baede5f2e22e5f68a3c6c543d3
sew_orientation,clamp,80,0.002029831193794962,0.0021519999791053124,1.0,0.0,0,0,0,nan,0.0,0.0,0,0,nan,nan,0.4492472638515502,1.5317526726263682,0.09499816440653487,circle,8,42247944be5fa752a9f29712f2ed675af5ff74baede5f2e22e5f68a3c6c543d3
sew_orientation,clamp,80,0.0020140000093046445,0.002129999757016776,1.0,0.0,0,0,0,nan,0.0,0.0,0,0,nan,nan,0.4492472638515502,1.5317526726263682,0.09499816440653487,circle,9,42247944be5fa752a9f29712f2ed675af5ff74baede5f2e22e5f68a3c6c543d3
sew_orientation,clamp,80,0.002018168814103845,0.0021460000425577164,1.0,0.0,0,0,0,nan,0.0,0.0,0,0,nan,nan,0.4492472638515502,1.5317526726263682,0.09499816440653487,circle,10,42247944be5fa752a9f29712f2ed675af5ff74baede5f2e22e5f68a3c6c543d3
sew_orientation,clamp,80,0.0020164285668617193,0.0021530004232772626,1.0,0.0,0,0,0,nan,0.0,0.0,0,0,nan,nan,0.4492472638515502,1.5317526726263682,0.09499816440653487,circle,11,42247944be5fa752a9f29712f2ed675af5ff74baede5f2e22e5f68a3c6c543d3
sew_orientation,clamp,80,0.0020251948142260942,0.0022340000214171596,1.0,0.0,0,0,0,nan,0.0,0.0,0,0,nan,nan,0.4492472638515502,1.5317526726263682,0.09499816440653487,circle,12,42247944be5fa752a9f29712f2ed675af5ff74baede5f2e22e5f68a3c6c543d3
sew_orientation,clamp,80,0.002092740286771713,0.0022099998204794247,1.0,0.0,0,0,0,nan,0.0,0.0,0,0,nan,nan,0.4492472638515502,1.5317526726263682,0.09499816440653487,circle,13,42247944be5fa752a9f29712f2ed675af5ff74baede5f2e22e5f68a3c6c543d3
sew_orientation,clamp,80,0.00204732471608516,0.0022009999156580307,1.0,0.0,0,0,0,nan,0.0,0.0,0,0,nan,nan,0.4492472638515502,1.5317526726263682,0.09499816440653487,circle,14,42247944be5fa752a9f29712f2ed675af5ff74baede5f2e22e5f68a3c6c543d3
sew_orientation,clamp,80,0.0020300130159597897,0.002225999651273014,1.0,0.0,0,0,0,nan,0.0,0.0,0,0,nan,nan,0.4492472638515502,1.5317526726263682,0.09499816440653487,circle,15,42247944be5fa752a9f29712f2ed675af5ff74baede5f2e22e5f68a3c6c543d3
sew_orientation,clamp,80,0.002026844147432901,0.0021739997464464977,1.0,0.0,0,0,0,nan,0.0,0.0,0,0,nan,nan,0.4492472638515502,1.5317526726263682,0.09499816440653487,circle,16,42247944be5fa752a9f29712f2ed675af5ff74baede5f2e22e5f68a3c6c543d3
sew_orientation,clamp,80,0.0020544804786592754,0.0021850000848644413,1.0,0.0,0,0,0,nan,0.0,0.0,0,0,nan,nan,0.4492472638515502,1.5317526726263682,0.09499816440653487,circle,17,42247944be5fa752a9f29712f2ed675af5ff74baede5f2e22e5f68a3c6c543d3
sew_orientation,clamp,80,0.002014532483017674,0.0021340001694625244,1.0,0.0,0,0,0,nan,0.0,0.0,0,0,nan,nan,0.4492472638515502,1.5317526726263682,0.09499816440653487,circle,18,42247944be5fa752a9f29712f2ed675af5ff74baede5f2e22e5f68a3c6c543d3
sew_orientation,clamp,80,0.0020890259812793893,0.002225999651273014,1.0,0.0,0,0,0,nan,0.0,0.0,0,0,nan,nan,0.4492472638515502,1.5317526726263682,0.09499816440653487,circle,19,42247944be5fa752a9f29712f2ed675af5ff74baede5f2e22e5f68a3c6c543d3
sew_orientation,clamp,80,0.0020287922142143817,0.0021500000002561137,1.0,0.0,0,0,0,nan,0.0,0.0,0,0,nan,nan,0.4492472638515502,1.5317526726263682,0.09499816440653487,circle,20,42247944be5fa752a9f29712f2ed675af5ff74baede5f2e22e5f68a3c6c543d3
sew_orientation,clamp,80,0.002023012983683019,0.0021729997570218984,1.0,0.0,0,0,0,nan,0.0,0.0,0,0,nan,nan,0.4492472638515502,1.5317526726263682,0.09499816440653487,circle,21,42247944be5fa752a9f29712f2ed675af5ff74baede5f2e22e5f68a3c6c543d3
sew_orientation,clamp,80,0.002015480495410648,0.0021219998416199815,1.0,0.0,0,0,0,nan,0.0,0.0,0,0,nan,nan,0.4492472638515502,1.5317526726263682,0.09499816440653487,circle,22,42247944be5fa752a9f29712f2ed675af5ff74baede5f2e22e5f68a3c6c543d3
sew_orientation,clamp,80,0.0020996363827026623,0.0021880000531382393,1.0,0.0,0,0,0,nan,0.0,0.0,0,0,nan,nan,0.4492472638515502,1.5317526726263682,0.09499816440653487,circle,23,42247944be5fa752a9f29712f2ed675af5ff74baede5f2e22e5f68a3c6c543d3
sew_orientation,clamp,80,0.002035999977443361,0.0021410000954347197,1.0,0.0,0,0,0,nan,0.0,0.0,0,0,nan,nan,0.4492472638515502,1.5317526726263682,0.09499816440653487,circle,24,42247944be5fa752a9f29712f2ed675af5ff74baede5f2e22e5f68a3c6c543d3
sew_orientation,clamp,80,0.002043415607458174,0.0022099998204794247,1.0,0.0,0,0,0,nan,0.0,0.0,0,0,nan,nan,0.4492472638515502,1.5317526726263682,0.09499816440653487,circle,25,42247944be5fa752a9f29712f2ed675af5ff74baede5f2e22e5f68a3c6c543d3
sew_orientation,clamp,80,0.002045766267384623,0.002207999841630226,1.0,0.0,0,0,0,nan,0.0,0.0,0,0,nan,nan,0.4492472638515502,1.5317526726263682,0.09499816440653487,circle,26,42247944be5fa752a9f29712f2ed675af5ff74baede5f2e22e5f68a3c6c543d3
sew_orientation,clamp,80,0.0020512337833714775,0.0021529999685299117,1.0,0.0,0,0,0,nan,0.0,0.0,0,0,nan,nan,0.4492472638515502,1.5317526726263682,0.09499816440653487,circle,27,42247944be5fa752a9f29712f2ed675af5ff74baede5f2e22e5f68a3c6c543d3
sew_orientation,clamp,80,0.0020639350363385995,0.002175000190618448,1.0,0.0,0,0,0,nan,0.0,0.0,0,0,nan,nan,0.4492472638515502,1.5317526726263682,0.09499816440653487,circle,28,42247944be5fa752a9f29712f2ed675af5ff74baede5f2e22e5f68a3c6c543d3
sew_orientation,clamp,80,0.0020379870166633935,0.002174999735871097,1.0,0.0,0,0,0,nan,0.0,0.0,0,0,nan,nan,0.4492472638515502,1.5317526726263682,0.09499816440653487,circle,29,42247944be5fa752a9f29712f2ed675af5ff74baede5f2e22e5f68a3c6c543d3
sew_orientation,clamp,80,0.002060090903430503,0.0021949999791104347,1.0,0.0,0,0,0,nan,0.0,0.0,0,0,nan,nan,0.46256096653939577,1.633541850042171,0.1279154673405977,figure_eight,0,f46a8a506ac6b057895c618ac2d52f6526ea2c9ea28c00e1f30d80f87b624740
sew_orientation,clamp,80,0.0020609091120309428,0.002163000317523256,1.0,0.0,0,0,0,nan,0.0,0.0,0,0,nan,nan,0.46256096653939577,1.633541850042171,0.1279154673405977,figure_eight,1,f46a8a506ac6b057895c618ac2d52f6526ea2c9ea28c00e1f30d80f87b624740
sew_orientation,clamp,80,0.002079168789114428,0.0022640001589024905,1.0,0.0,0,0,0,nan,0.0,0.0,0,0,nan,nan,0.46256096653939577,1.633541850042171,0.1279154673405977,figure_eight,2,f46a8a506ac6b057895c618ac2d52f6526ea2c9ea28c00e1f30d80f87b624740
sew_orientation,clamp,80,0.002046051943213936,0.0021969999579596333,1.0,0.0,0,0,0,nan,0.0,0.0,0,0,nan,nan,0.46256096653939577,1.633541850042171,0.1279154673405977,figure_eight,3,f46a8a506ac6b057895c618ac2d52f6526ea2c9ea28c00e1f30d80f87b624740
sew_orientation,clamp,80,0.0020173895897535763,0.0021129999367985874,1.0,0.0,0,0,0,nan,0.0,0.0,0,0,nan,nan,0.46256096653939577,1.633541850042171,0.1279154673405977,figure_eight,4,f46a8a506ac6b057895c618ac2d52f6526ea2c9ea28c00e1f30d80f87b624740
sew_orientation,clamp,80,0.002027038974190802,0.002122999831044581,1.0,0.0,0,0,0,nan,0.0,0.0,0,0,nan,nan,0.46256096653939577,1.633541850042171,0.1279154673405977,figure_eight,5,f46a8a506ac6b057895c618ac2d52f6526ea2c9ea28c00e1f30d80f87b624740
sew_orientation,clamp,80,0.0020398571149445313,0.002148000021406915,1.0,0.0,0,0,0,nan,0.0,0.0,0,0,nan,nan,0.46256096653939577,1.633541850042171,0.1279154673405977,figure_eight,6,f46a8a506ac6b057895c618ac2d52f6526ea2c9ea28c00e1f30d80f87b624740
sew_orientation,clamp,80,0.002037103909119592,0.0021639998522005044,1.0,0.0,0,0,0,nan,0.0,0.0,0,0,nan,nan,0.46256096653939577,1.633541850042171,0.1279154673405977,figure_eight,7,f46a8a506ac6b057895c618ac2d52f6526ea2c9ea28c00e1f30d80f87b624740
sew_orientation,clamp,80,0.0020305064758935993,0.0021760001800430473,1.0,0.0,0,0,0,nan,0.0,0.0,0,0,nan,nan,0.46256096653939577,1.633541850042171,0.1279154673405977,figure_eight,8,f46a8a506ac6b057895c618ac2d52f6526ea2c9ea28c00e1f30d80f87b624740
sew_orientation,clamp,80,0.0020704675292805615,0.00220199990508263,1.0,0.0,0,0,0,nan,0.0,0.0,0,0,nan,nan,0.46256096653939577,1.633541850042171,0.1279154673405977,figure_eight,9,f46a8a506ac6b057895c618ac2d52f6526ea2c9ea28c00e1f30d80f87b624740
sew_orientation,clamp,80,0.0020299221137360904,0.0021680002646462526,1.0,0.0,0,0,0,nan,0.0,0.0,0,0,nan,nan,0.46256096653939577,1.633541850042171,0.1279154673405977,figure_eight,10,f46a8a506ac6b057895c618ac2d52f6526ea2c9ea28c00e1f30d80f87b624740
sew_orientation,clamp,80,0.0020435974119055724,0.002195999968535034,1.0,0.0,0,0,0,nan,0.0,0.0,0,0,nan,nan,0.46256096653939577,1.633541850042171,0.1279154673405977,figure_eight,11,f46a8a506ac6b057895c618ac2d52f6526ea2c9ea28c00e1f30d80f87b624740
sew_orientation,clamp,80,0.0020264545411635766,0.0021609998839267064,1.0,0.0,0,0,0,nan,0.0,0.0,0,0,nan,nan,0.46256096653939577,1.633541850042171,0.1279154673405977,figure_eight,12,f46a8a506ac6b057895c618ac2d52f6526ea2c9ea28c00e1f30d80f87b624740
sew_orientation,clamp,80,0.002032090904251234,0.002132999725290574,1.0,0.0,0,0,0,nan,0.0,0.0,0,0,nan,nan,0.46256096653939577,1.633541850042171,0.1279154673405977,figure_eight,13,f46a8a506ac6b057895c618ac2d52f6526ea2c9ea28c00e1f30d80f87b624740
sew_orientation,clamp,80,0.0020221688190487203,0.0021230002857919317,1.0,0.0,0,0,0,nan,0.0,0.0,0,0,nan,nan,0.46256096653939577,1.633541850042171,0.1279154673405977,figure_eight,14,f46a8a506ac6b057895c618ac2d52f6526ea2c9ea28c00e1f30d80f87b624740
sew_orientation,clamp,80,0.0020218961005660026,0.002121000306942733,1.0,0.0,0,0,0,nan,0.0,0.0,0,0,nan,nan,0.46256096653939577,1.633541850042171,0.1279154673405977,figure_eight,15,f46a8a506ac6b057895c618ac2d52f6526ea2c9ea28c00e1f30d80f87b624740
sew_orientation,clamp,80,0.002021116882121544,0.0021070000002509914,1.0,0.0,0,0,0,nan,0.0,0.0,0,0,nan,nan,0.46256096653939577,1.633541850042171,0.1279154673405977,figure_eight,16,f46a8a506ac6b057895c618ac2d52f6526ea2c9ea28c00e1f30d80f87b624740
sew_orientation,clamp,80,0.002033896068154151,0.0021910000214120373,1.0,0.0,0,0,0,nan,0.0,0.0,0,0,nan,nan,0.46256096653939577,1.633541850042171,0.1279154673405977,figure_eight,17,f46a8a506ac6b057895c618ac2d52f6526ea2c9ea28c00e1f30d80f87b624740
sew_orientation,clamp,80,0.002022129852515978,0.002136000148311723,1.0,0.0,0,0,0,nan,0.0,0.0,0,0,nan,nan,0.46256096653939577,1.633541850042171,0.1279154673405977,figure_eight,18,f46a8a506ac6b057895c618ac2d52f6526ea2c9ea28c00e1f30d80f87b624740
sew_orientation,clamp,80,0.0020497922460807868,0.002181000127166044,1.0,0.0,0,0,0,nan,0.0,0.0,0,0,nan,nan,0.46256096653939577,1.633541850042171,0.1279154673405977,figure_eight,19,f46a8a506ac6b057895c618ac2d52f6526ea2c9ea28c00e1f30d80f87b624740
sew_orientation,clamp,80,0.002011337676174355,0.002178000158892246,1.0,0.0,0,0,0,nan,0.0,0.0,0,0,nan,nan,0.46256096653939577,1.633541850042171,0.1279154673405977,figure_eight,20,f46a8a506ac6b057895c618ac2d52f6526ea2c9ea28c00e1f30d80f87b624740
sew_orientation,clamp,80,0.00200997403651429,0.0021200003175181337,1.0,0.0,0,0,0,nan,0.0,0.0,0,0,nan,nan,0.46256096653939577,1.633541850042171,0.1279154673405977,figure_eight,21,f46a8a506ac6b057895c618ac2d52f6526ea2c9ea28c00e1f30d80f87b624740
sew_orientation,clamp,80,0.00201028572743556,0.0021040000319771934,1.0,0.0,0,0,0,nan,0.0,0.0,0,0,nan,nan,0.46256096653939577,1.633541850042171,0.1279154673405977,figure_eight,22,f46a8a506ac6b057895c618ac2d52f6526ea2c9ea28c00e1f30d80f87b624740
sew_orientation,clamp,80,0.0020239220649781093,0.0021820001165906433,1.0,0.0,0,0,0,nan,0.0,0.0,0,0,nan,nan,0.46256096653939577,1.633541850042171,0.1279154673405977,figure_eight,23,f46a8a506ac6b057895c618ac2d52f6526ea2c9ea28c00e1f30d80f87b624740
sew_orientation,clamp,80,0.0020288052306190745,0.0021519999791053124,1.0,0.0,0,0,0,nan,0.0,0.0,0,0,nan,nan,0.46256096653939577,1.633541850042171,0.1279154673405977,figure_eight,24,f46a8a506ac6b057895c618ac2d52f6526ea2c9ea28c00e1f30d80f87b624740
sew_orientation,clamp,80,0.0020230908931252642,0.002122999831044581,1.0,0.0,0,0,0,nan,0.0,0.0,0,0,nan,nan,0.46256096653939577,1.633541850042171,0.1279154673405977,figure_eight,25,f46a8a506ac6b057895c618ac2d52f6526ea2c9ea28c00e1f30d80f87b624740
sew_orientation,clamp,80,0.0020321817946633135,0.002162999862775905,1.0,0.0,0,0,0,nan,0.0,0.0,0,0,nan,nan,0.46256096653939577,1.633541850042171,0.1279154673405977,figure_eight,26,f46a8a506ac6b057895c618ac2d52f6526ea2c9ea28c00e1f30d80f87b624740
sew_orientation,clamp,80,0.0020435974059997628,0.0021590003598248586,1.0,0.0,0,0,0,nan,0.0,0.0,0,0,nan,nan,0.46256096653939577,1.633541850042171,0.1279154673405977,figure_eight,27,f46a8a506ac6b057895c618ac2d52f6526ea2c9ea28c00e1f30d80f87b624740
sew_orientation,clamp,80,0.0020442467202529215,0.0022239996724238154,1.0,0.0,0,0,0,nan,0.0,0.0,0,0,nan,nan,0.46256096653939577,1.633541850042171,0.1279154673405977,figure_eight,28,f46a8a506ac6b057895c618ac2d52f6526ea2c9ea28c00e1f30d80f87b624740
sew_orientation,clamp,80,0.0020376233664279285,0.0021639998522005044,1.0,0.0,0,0,0,nan,0.0,0.0,0,0,nan,nan,0.46256096653939577,1.633541850042171,0.1279154673405977,figure_eight,29,f46a8a506ac6b057895c618ac2d52f6526ea2c9ea28c00e1f30d80f87b624740
sew_orientation,clamp,80,0.002029779210857527,0.0021580003704002593,1.0,0.0,0,0,0,nan,0.0,0.0,0,0,nan,nan,0.07150000000000001,1.7681918866447777,nan,step_input,0,855a8b16a15d313b647766e2b06d310950d80af3d587a0382fc30ec6688dbbc4
sew_orientation,clamp,80,0.002018740242537997,0.002183999640692491,1.0,0.0,0,0,0,nan,0.0,0.0,0,0,nan,nan,0.07150000000000001,1.7681918866447777,nan,step_input,1,855a8b16a15d313b647766e2b06d310950d80af3d587a0382fc30ec6688dbbc4
sew_orientation,clamp,80,0.0020206103467249443,0.0021639998522005044,1.0,0.0,0,0,0,nan,0.0,0.0,0,0,nan,nan,0.07150000000000001,1.7681918866447777,nan,step_input,2,855a8b16a15d313b647766e2b06d310950d80af3d587a0382fc30ec6688dbbc4
sew_orientation,clamp,80,0.0021156363552356857,0.002198999936808832,1.0,0.0,0,0,0,nan,0.0,0.0,0,0,nan,nan,0.07150000000000001,1.7681918866447777,nan,step_input,3,855a8b16a15d313b647766e2b06d310950d80af3d587a0382fc30ec6688dbbc4
sew_orientation,clamp,80,0.0020495325085679037,0.0022039998839318287,1.0,0.0,0,0,0,nan,0.0,0.0,0,0,nan,nan,0.07150000000000001,1.7681918866447777,nan,step_input,4,855a8b16a15d313b647766e2b06d310950d80af3d587a0382fc30ec6688dbbc4
sew_orientation,clamp,80,0.002024740267672739,0.0021739997464464977,1.0,0.0,0,0,0,nan,0.0,0.0,0,0,nan,nan,0.07150000000000001,1.7681918866447777,nan,step_input,5,855a8b16a15d313b647766e2b06d310950d80af3d587a0382fc30ec6688dbbc4
sew_orientation,clamp,80,0.0020164285373326703,0.002093999682983849,1.0,0.0,0,0,0,nan,0.0,0.0,0,0,nan,nan,0.07150000000000001,1.7681918866447777,nan,step_input,6,855a8b16a15d313b647766e2b06d310950d80af3d587a0382fc30ec6688dbbc4
sew_orientation,clamp,80,0.0020401947973345182,0.002134999704139773,1.0,0.0,0,0,0,nan,0.0,0.0,0,0,nan,nan,0.07150000000000001,1.7681918866447777,nan,step_input,7,855a8b16a15d313b647766e2b06d310950d80af3d587a0382fc30ec6688dbbc4
sew_orientation,clamp,80,0.002063714259452649,0.002299000243510818,1.0,0.0,0,0,0,nan,0.0,0.0,0,0,nan,nan,0.07150000000000001,1.7681918866447777,nan,step_input,8,855a8b16a15d313b647766e2b06d310950d80af3d587a0382fc30ec6688dbbc4
sew_orientation,clamp,80,0.0020634675265328397,0.002285999926243676,1.0,0.0,0,0,0,nan,0.0,0.0,0,0,nan,nan,0.07150000000000001,1.7681918866447777,nan,step_input,9,855a8b16a15d313b647766e2b06d310950d80af3d587a0382fc30ec6688dbbc4
sew_orientation,clamp,80,0.0020928181666849096,0.002193000000261236,1.0,0.0,0,0,0,nan,0.0,0.0,0,0,nan,nan,0.07150000000000001,1.7681918866447777,nan,step_input,10,855a8b16a15d313b647766e2b06d310950d80af3d587a0382fc30ec6688dbbc4
sew_orientation,clamp,80,0.0020294026150870855,0.002134999704139773,1.0,0.0,0,0,0,nan,0.0,0.0,0,0,nan,nan,0.07150000000000001,1.7681918866447777,nan,step_input,11,855a8b16a15d313b647766e2b06d310950d80af3d587a0382fc30ec6688dbbc4
sew_orientation,clamp,80,0.0020410519429386515,0.0021949999791104347,1.0,0.0,0,0,0,nan,0.0,0.0,0,0,nan,nan,0.07150000000000001,1.7681918866447777,nan,step_input,12,855a8b16a15d313b647766e2b06d310950d80af3d587a0382fc30ec6688dbbc4
sew_orientation,clamp,80,0.0020253117256359403,0.002148000021406915,1.0,0.0,0,0,0,nan,0.0,0.0,0,0,nan,nan,0.07150000000000001,1.7681918866447777,nan,step_input,13,855a8b16a15d313b647766e2b06d310950d80af3d587a0382fc30ec6688dbbc4
sew_orientation,clamp,80,0.0020357532504293612,0.0021979999473842327,1.0,0.0,0,0,0,nan,0.0,0.0,0,0,nan,nan,0.07150000000000001,1.7681918866447777,nan,step_input,14,855a8b16a15d313b647766e2b06d310950d80af3d587a0382fc30ec6688dbbc4
sew_orientation,clamp,80,0.002008337684277318,0.0021260002540657297,1.0,0.0,0,0,0,nan,0.0,0.0,0,0,nan,nan,0.07150000000000001,1.7681918866447777,nan,step_input,15,855a8b16a15d313b647766e2b06d310950d80af3d587a0382fc30ec6688dbbc4
sew_orientation,clamp,80,0.0020188960850457266,0.0021709997781726997,1.0,0.0,0,0,0,nan,0.0,0.0,0,0,nan,nan,0.07150000000000001,1.7681918866447777,nan,step_input,16,855a8b16a15d313b647766e2b06d310950d80af3d587a0382fc30ec6688dbbc4
sew_orientation,clamp,80,0.002023571454770576,0.002133000180037925,1.0,0.0,0,0,0,nan,0.0,0.0,0,0,nan,nan,0.07150000000000001,1.7681918866447777,nan,step_input,17,855a8b16a15d313b647766e2b06d310950d80af3d587a0382fc30ec6688dbbc4
sew_orientation,clamp,80,0.0020313765847501377,0.0021819996618432924,1.0,0.0,0,0,0,nan,0.0,0.0,0,0,nan,nan,0.07150000000000001,1.7681918866447777,nan,step_input,18,855a8b16a15d313b647766e2b06d310950d80af3d587a0382fc30ec6688dbbc4
sew_orientation,clamp,80,0.002035909075219662,0.0021790001483168453,1.0,0.0,0,0,0,nan,0.0,0.0,0,0,nan,nan,0.07150000000000001,1.7681918866447777,nan,step_input,19,855a8b16a15d313b647766e2b06d310950d80af3d587a0382fc30ec6688dbbc4
sew_orientation,clamp,80,0.0020272467642011086,0.002154000412701862,1.0,0.0,0,0,0,nan,0.0,0.0,0,0,nan,nan,0.07150000000000001,1.7681918866447777,nan,step_input,20,855a8b16a15d313b647766e2b06d310950d80af3d587a0382fc30ec6688dbbc4
sew_orientation,clamp,80,0.002033259752588256,0.0022389999685401563,1.0,0.0,0,0,0,nan,0.0,0.0,0,0,nan,nan,0.07150000000000001,1.7681918866447777,nan,step_input,21,855a8b16a15d313b647766e2b06d310950d80af3d587a0382fc30ec6688dbbc4
sew_orientation,clamp,80,0.002018480528648353,0.0021709997781726997,1.0,0.0,0,0,0,nan,0.0,0.0,0,0,nan,nan,0.07150000000000001,1.7681918866447777,nan,step_input,22,855a8b16a15d313b647766e2b06d310950d80af3d587a0382fc30ec6688dbbc4
sew_orientation,clamp,80,0.002025987043169436,0.002119999862770783,1.0,0.0,0,0,0,nan,0.0,0.0,0,0,nan,nan,0.07150000000000001,1.7681918866447777,nan,step_input,23,855a8b16a15d313b647766e2b06d310950d80af3d587a0382fc30ec6688dbbc4
sew_orientation,clamp,80,0.002036441602084979,0.002142000084859319,1.0,0.0,0,0,0,nan,0.0,0.0,0,0,nan,nan,0.07150000000000001,1.7681918866447777,nan,step_input,24,855a8b16a15d313b647766e2b06d310950d80af3d587a0382fc30ec6688dbbc4
sew_orientation,clamp,80,0.002047870099898307,0.0021949999791104347,1.0,0.0,0,0,0,nan,0.0,0.0,0,0,nan,nan,0.07150000000000001,1.7681918866447777,nan,step_input,25,855a8b16a15d313b647766e2b06d310950d80af3d587a0382fc30ec6688dbbc4
sew_orientation,clamp,80,0.0020185324702451197,0.0021890000425628386,1.0,0.0,0,0,0,nan,0.0,0.0,0,0,nan,nan,0.07150000000000001,1.7681918866447777,nan,step_input,26,855a8b16a15d313b647766e2b06d310950d80af3d587a0382fc30ec6688dbbc4
sew_orientation,clamp,80,0.002023779227063453,0.0021710002329200506,1.0,0.0,0,0,0,nan,0.0,0.0,0,0,nan,nan,0.07150000000000001,1.7681918866447777,nan,step_input,27,855a8b16a15d313b647766e2b06d310950d80af3d587a0382fc30ec6688dbbc4
sew_orientation,clamp,80,0.0020278441486691196,0.0021200003175181337,1.0,0.0,0,0,0,nan,0.0,0.0,0,0,nan,nan,0.07150000000000001,1.7681918866447777,nan,step_input,28,855a8b16a15d313b647766e2b06d310950d80af3d587a0382fc30ec6688dbbc4
sew_orientation,clamp,80,0.002022467558529204,0.0021699997887481004,1.0,0.0,0,0,0,nan,0.0,0.0,0,0,nan,nan,0.07150000000000001,1.7681918866447777,nan,step_input,29,855a8b16a15d313b647766e2b06d310950d80af3d587a0382fc30ec6688dbbc4
sew_orientation,clamp,80,0.0020162597906306333,0.002122999831044581,1.0,0.0,0,0,0,nan,0.0,0.0,0,0,nan,nan,0.0,nan,nan,near_full_extension,0,177fe34873a4cd7ca53447db16ed25ec8655a8064a4353e6497ca8ff44bc862d
sew_orientation,clamp,80,0.0020523506428652546,0.0021939999896858353,1.0,0.0,0,0,0,nan,0.0,0.0,0,0,nan,nan,0.0,nan,nan,near_full_extension,1,177fe34873a4cd7ca53447db16ed25ec8655a8064a4353e6497ca8ff44bc862d
sew_orientation,clamp,80,0.0020154285656255005,0.0021649998416251037,1.0,0.0,0,0,0,nan,0.0,0.0,0,0,nan,nan,0.0,nan,nan,near_full_extension,2,177fe34873a4cd7ca53447db16ed25ec8655a8064a4353e6497ca8ff44bc862d
sew_orientation,clamp,80,0.0020214285966660525,0.002139000116585521,1.0,0.0,0,0,0,nan,0.0,0.0,0,0,nan,nan,0.0,nan,nan,near_full_extension,3,177fe34873a4cd7ca53447db16ed25ec8655a8064a4353e6497ca8ff44bc862d
sew_orientation,clamp,80,0.002050246692235376,0.0021890000425628386,1.0,0.0,0,0,0,nan,0.0,0.0,0,0,nan,nan,0.0,nan,nan,near_full_extension,4,177fe34873a4cd7ca53447db16ed25ec8655a8064a4353e6497ca8ff44bc862d
sew_orientation,clamp,80,0.002028090881588929,0.0021579999156529084,1.0,0.0,0,0,0,nan,0.0,0.0,0,0,nan,nan,0.0,nan,nan,near_full_extension,5,177fe34873a4cd7ca53447db16ed25ec8655a8064a4353e6497ca8ff44bc862d
sew_orientation,clamp,80,0.0020399870014184023,0.0021609998839267064,1.0,0.0,0,0,0,nan,0.0,0.0,0,0,nan,nan,0.0,nan,nan,near_full_extension,6,177fe34873a4cd7ca53447db16ed25ec8655a8064a4353e6497ca8ff44bc862d
sew_orientation,clamp,80,0.002034285703952524,0.0021820001165906433,1.0,0.0,0,0,0,nan,0.0,0.0,0,0,nan,nan,0.0,nan,nan,near_full_extension,7,177fe34873a4cd7ca53447db16ed25ec8655a8064a4353e6497ca8ff44bc862d
sew_orientation,clamp,80,0.0020095974171206103,0.002114999915647786,1.0,0.0,0,0,0,nan,0.0,0.0,0,0,nan,nan,0.0,nan,nan,near_full_extension,8,177fe34873a4cd7ca53447db16ed25ec8655a8064a4353e6497ca8ff44bc862d
sew_orientation,clamp,80,0.002029103899229841,0.0021770001694676466,1.0,0.0,0,0,0,nan,0.0,0.0,0,0,nan,nan,0.0,nan,nan,near_full_extension,9,177fe34873a4cd7ca53447db16ed25ec8655a8064a4353e6497ca8ff44bc862d
sew_orientation,clamp,80,0.0020285454222364746,0.0021559999368037097,1.0,0.0,0,0,0,nan,0.0,0.0,0,0,nan,nan,0.0,nan,nan,near_full_extension,10,177fe34873a4cd7ca53447db16ed25ec8655a8064a4353e6497ca8ff44bc862d
sew_orientation,clamp,80,0.0020207272640406,0.002139000116585521,1.0,0.0,0,0,0,nan,0.0,0.0,0,0,nan,nan,0.0,nan,nan,near_full_extension,11,177fe34873a4cd7ca53447db16ed25ec8655a8064a4353e6497ca8ff44bc862d
sew_orientation,clamp,80,0.0020121947922494394,0.002114999915647786,1.0,0.0,0,0,0,nan,0.0,0.0,0,0,nan,nan,0.0,nan,nan,near_full_extension,12,177fe34873a4cd7ca53447db16ed25ec8655a8064a4353e6497ca8ff44bc862d
sew_orientation,clamp,80,0.0020093246513914146,0.0020990000848541968,1.0,0.0,0,0,0,nan,0.0,0.0,0,0,nan,nan,0.0,nan,nan,near_full_extension,13,177fe34873a4cd7ca53447db16ed25ec8655a8064a4353e6497ca8ff44bc862d
sew_orientation,clamp,80,0.002025662335843474,0.0021440000637085177,1.0,0.0,0,0,0,nan,0.0,0.0,0,0,nan,nan,0.0,nan,nan,near_full_extension,14,177fe34873a4cd7ca53447db16ed25ec8655a8064a4353e6497ca8ff44bc862d
sew_orientation,clamp,80,0.002001831153275025,0.0021079999896755908,1.0,0.0,0,0,0,nan,0.0,0.0,0,0,nan,nan,0.0,nan,nan,near_full_extension,15,177fe34873a4cd7ca53447db16ed25ec8655a8064a4353e6497ca8ff44bc862d
sew_orientation,clamp,80,0.0020289090842835595,0.0022090002858021762,1.0,0.0,0,0,0,nan,0.0,0.0,0,0,nan,nan,0.0,nan,nan,near_full_extension,16,177fe34873a4cd7ca53447db16ed25ec8655a8064a4353e6497ca8ff44bc862d
sew_orientation,clamp,80,0.002025116845725751,0.0021399996512627695,1.0,0.0,0,0,0,nan,0.0,0.0,0,0,nan,nan,0.0,nan,nan,near_full_extension,17,177fe34873a4cd7ca53447db16ed25ec8655a8064a4353e6497ca8ff44bc862d
sew_orientation,clamp,80,0.0020721168624873686,0.002207999841630226,1.0,0.0,0,0,0,nan,0.0,0.0,0,0,nan,nan,0.0,nan,nan,near_full_extension,18,177fe34873a4cd7ca53447db16ed25ec8655a8064a4353e6497ca8ff44bc862d
sew_orientation,clamp,80,0.0020232467533504235,0.0021589999050775077,1.0,0.0,0,0,0,nan,0.0,0.0,0,0,nan,nan,0.0,nan,nan,near_full_extension,19,177fe34873a4cd7ca53447db16ed25ec8655a8064a4353e6497ca8ff44bc862d
sew_orientation,clamp,80,0.0020240649678566727,0.0021680002646462526,1.0,0.0,0,0,0,nan,0.0,0.0,0,0,nan,nan,0.0,nan,nan,near_full_extension,20,177fe34873a4cd7ca53447db16ed25ec8655a8064a4353e6497ca8ff44bc862d
sew_orientation,clamp,80,0.002062116867842609,0.0022300000637187622,1.0,0.0,0,0,0,nan,0.0,0.0,0,0,nan,nan,0.0,nan,nan,near_full_extension,21,177fe34873a4cd7ca53447db16ed25ec8655a8064a4353e6497ca8ff44bc862d
sew_orientation,clamp,80,0.0020272337300789862,0.0021470000319823157,1.0,0.0,0,0,0,nan,0.0,0.0,0,0,nan,nan,0.0,nan,nan,near_full_extension,22,177fe34873a4cd7ca53447db16ed25ec8655a8064a4353e6497ca8ff44bc862d
sew_orientation,clamp,80,0.00202185715175069,0.0021109999579493888,1.0,0.0,0,0,0,nan,0.0,0.0,0,0,nan,nan,0.0,nan,nan,near_full_extension,23,177fe34873a4cd7ca53447db16ed25ec8655a8064a4353e6497ca8ff44bc862d
sew_orientation,clamp,80,0.0020108570968116143,0.0021639998522005044,1.0,0.0,0,0,0,nan,0.0,0.0,0,0,nan,nan,0.0,nan,nan,near_full_extension,24,177fe34873a4cd7ca53447db16ed25ec8655a8064a4353e6497ca8ff44bc862d
sew_orientation,clamp,80,0.002025181809633021,0.002135999693564372,1.0,0.0,0,0,0,nan,0.0,0.0,0,0,nan,nan,0.0,nan,nan,near_full_extension,25,177fe34873a4cd7ca53447db16ed25ec8655a8064a4353e6497ca8ff44bc862d
sew_orientation,clamp,80,0.00203258444686638,0.002145000053133117,1.0,0.0,0,0,0,nan,0.0,0.0,0,0,nan,nan,0.0,nan,nan,near_full_extension,26,177fe34873a4cd7ca53447db16ed25ec8655a8064a4353e6497ca8ff44bc862d
sew_orientation,clamp,80,0.0020128052226511925,0.002133000180037925,1.0,0.0,0,0,0,nan,0.0,0.0,0,0,nan,nan,0.0,nan,nan,near_full_extension,27,177fe34873a4cd7ca53447db16ed25ec8655a8064a4353e6497ca8ff44bc862d
sew_orientation,clamp,80,0.0020448571447488646,0.0021760001800430473,1.0,0.0,0,0,0,nan,0.0,0.0,0,0,nan,nan,0.0,nan,nan,near_full_extension,28,177fe34873a4cd7ca53447db16ed25ec8655a8064a4353e6497ca8ff44bc862d
sew_orientation,clamp,80,0.0020361688422615935,0.0021559999368037097,1.0,0.0,0,0,0,nan,0.0,0.0,0,0,nan,nan,0.0,nan,nan,near_full_extension,29,177fe34873a4cd7ca53447db16ed25ec8655a8064a4353e6497ca8ff44bc862d
sew_orientation,clamp,80,0.0020304415474211883,0.0021370001377363224,1.0,0.0,0,0,0,nan,0.0,0.0,0,0,nan,nan,0.8054549108647922,1.618562876255073,2.0534310058141836,noisy_landmarks,0,0b1801dd333eaa2e0222bbff2a42050db5d9802ac8fbdb0a933f97a80fe7d463
sew_orientation,clamp,80,0.0020325324580231347,0.0022029998945072293,1.0,0.0,0,0,0,nan,0.0,0.0,0,0,nan,nan,0.7861548753736728,1.7063838519136965,2.0219421099375476,noisy_landmarks,1,b6b5f0efbff88d14838f03ddb414b1c337ca1e6f8543ed372ac2154426b9097b
sew_orientation,clamp,80,0.0020612987064886476,0.00218700006371364,1.0,0.0,0,0,0,nan,0.0,0.0,0,0,nan,nan,0.7573784787255686,1.6186972648962181,1.999756771060923,noisy_landmarks,2,b106f71dd6d09077a890be92f76df04498f4367e1e6f9a2a35ab3d1fc91c59e3
sew_orientation,clamp,80,0.0020119220678609124,0.0021609998839267064,1.0,0.0,0,0,0,nan,0.0,0.0,0,0,nan,nan,0.6968898116370558,1.7365733685186873,2.018234976899514,noisy_landmarks,3,991dbf6707c0bf118aad1cbe68d0f6e409b93d5cd717fd12b68efe74741f9fb1
sew_orientation,clamp,80,0.0020244155957816357,0.002171999767597299,1.0,0.0,0,0,0,nan,0.0,0.0,0,0,nan,nan,0.7534523025638794,1.6928756145687973,2.06507426289648,noisy_landmarks,4,90cb0fe769646be8b423e3cacad031e943be326bf5b5bce75423b70541955077
sew_orientation,clamp,80,0.0020298181478612203,0.002142000084859319,1.0,0.0,0,0,0,nan,0.0,0.0,0,0,nan,nan,0.8188465423034476,1.6944718839148598,2.106532962292984,noisy_landmarks,5,683ef20f5e6f7e0d15adbba258bd10c0943806910a3205da1b7b05a10dcd57e4
sew_orientation,clamp,80,0.002096545476770307,0.002117999883921584,1.0,0.0,0,0,0,nan,0.0,0.0,0,0,nan,nan,0.7984108136164558,1.672582779590289,2.0822467104102875,noisy_landmarks,6,ea17465413cc03b506640dbf31f1f6e008b7eabb93023799785c9acdb9a6f5e2
sew_orientation,clamp,80,0.002033844167898052,0.0021699997887481004,1.0,0.0,0,0,0,nan,0.0,0.0,0,0,nan,nan,0.8025615110791401,1.6654420823137368,2.0957923017527262,noisy_landmarks,7,0d8ef2a4f181451e40dd20c81a6b1715c2805e9f961affec2d52b7ae318b0683
sew_orientation,clamp,80,0.0020265454670105147,0.002142000084859319,1.0,0.0,0,0,0,nan,0.0,0.0,0,0,nan,nan,0.8405136576248748,1.6134231057617006,2.157326750807604,noisy_landmarks,8,04cc3e69e32157a349cb7b289a221f7fd7d5b08800be38a8d00d16c6f17ed919
sew_orientation,clamp,80,0.0020039090651897077,0.002131999735865975,1.0,0.0,0,0,0,nan,0.0,0.0,0,0,nan,nan,0.7851283026043915,1.6714098687522188,2.1548987341368915,noisy_landmarks,9,9cf3c03d12cb0ea13ba18184595a89bcb1bb23aec6905597c91f4de38626a72d
sew_orientation,clamp,80,0.0020222987409574495,0.0021320001906133257,1.0,0.0,0,0,0,nan,0.0,0.0,0,0,nan,nan,0.7345485851522721,1.6988914005448732,2.0954208120157176,noisy_landmarks,10,457b096c66a8ba4b5755ec557acc83f1070433478d46eba08051551577a7cde1
sew_orientation,clamp,80,0.0020221428571090515,0.0021559999368037097,1.0,0.0,0,0,0,nan,0.0,0.0,0,0,nan,nan,0.8629833198394443,1.6253799333740435,2.182199591672484,noisy_landmarks,11,dc1db64978f8ad4d6a243a238929af154d90e0ef98e0b57255b07b126b71312c
sew_orientation,clamp,80,0.002043129848947525,0.002174999735871097,1.0,0.0,0,0,0,nan,0.0,0.0,0,0,nan,nan,0.8054839975782838,1.6533092555621192,2.154249058111999,noisy_landmarks,12,956f4698bb574b1e5fb8e6a4c5a77495c53ae19adaa93601b611e34573f29ff7
sew_orientation,clamp,80,0.002049038971858568,0.0021880000531382393,1.0,0.0,0,0,0,nan,0.0,0.0,0,0,nan,nan,0.8592254378269473,1.7101474248318618,2.1043712722175227,noisy_landmarks,13,cff7be95774a75649ca4ec8c0ed6f1b39af9c5acf41b64b8c2c6020b857052f7
sew_orientation,clamp,80,0.0021077142665998,0.0022190001800481696,1.0,0.0,0,0,0,nan,0.0,0.0,0,0,nan,nan,0.8275100344905635,1.640458261335399,2.0995676608437197,noisy_landmarks,14,1875cc3a35ffa49e7f67c72221e03d9828e898ecff381f39599c8e79604d77bd
sew_orientation,clamp,80,0.0020394155552668205,0.002169000254070852,1.0,0.0,0,0,0,nan,0.0,0.0,0,0,nan,nan,0.7289461693713581,1.6883212908267713,2.10504121657434,noisy_landmarks,15,f907c040862a0cee9f62a05e56345b08595f81f6acbfd08e5c60d6f3a0290383
sew_orientation,clamp,80,0.0020301558715918756,0.002193000000261236,1.0,0.0,0,0,0,nan,0.0,0.0,0,0,nan,nan,0.855587716073709,1.6184837062166346,2.29266247330733,noisy_landmarks,16,faa85044eba39c21e475cd572a3109c8e6071adc161e89ee0f817dad5e6a2d8f
sew_orientation,clamp,80,0.0020299740258038087,0.0021830001060152426,1.0,0.0,0,0,0,nan,0.0,0.0,0,0,nan,nan,0.8241770648311335,1.6913371760147096,2.0522063513725017,noisy_landmarks,17,603e91c6d5ff109b053b2fb125c5dba910a56d692574b19574096a2e0bfe519a
sew_orientation,clamp,80,0.002018831156573316,0.0021430000742839184,1.0,0.0,0,0,0,nan,0.0,0.0,0,0,nan,nan,0.7168770730111785,1.607255582301126,1.958554365834943,noisy_landmarks,18,41db5416f9fadc2d97b2e7a13d9323d9bebfdc6d7f5d5f30c9a04411c69e47ed
sew_orientation,clamp,80,0.002099584458823325,0.0021589999050775077,1.0,0.0,0,0,0,nan,0.0,0.0,0,0,nan,nan,0.8009182199295599,1.598106815326143,2.087712395739708,noisy_landmarks,19,e59bbb2608cc5b19d8521657435c2ef400919a78aa520821489c573ee67e66e1
sew_orientation,clamp,80,0.002007675300467179,0.0021519999791053124,1.0,0.0,0,0,0,nan,0.0,0.0,0,0,nan,nan,0.7823538658171999,1.7229435270986526,2.0640957176103334,noisy_landmarks,20,85799f38999c1cf86e8c7e6a1b6b08f737d1be4ccfcb3a237e9344c846b12dfc
sew_orientation,clamp,80,0.0020181298534769124,0.002139000116585521,1.0,0.0,0,0,0,nan,0.0,0.0,0,0,nan,nan,0.8636297867357818,1.6860899217534533,2.12693027456719,noisy_landmarks,21,8fd9586b88b81ecacdceb0ec7328d57e9c0c05ff8916f15b074b474c62720211
sew_orientation,clamp,80,0.002024935029466733,0.002156999926228309,1.0,0.0,0,0,0,nan,0.0,0.0,0,0,nan,nan,0.7665066602769135,1.633770789565457,2.062934335872367,noisy_landmarks,22,644bf9982a7d1662d713e2a02b51f33cb76a4559cab3cead8cb9a92b1a6da72a
sew_orientation,clamp,80,0.0020373116873182787,0.0021440000637085177,1.0,0.0,0,0,0,nan,0.0,0.0,0,0,nan,nan,0.8217847532212427,1.6937931865847948,2.0804657724450304,noisy_landmarks,23,a4639d7d4f55368d41cc7be8b2a926c3dc38fbfa058017c279bdc5dffca14612
sew_orientation,clamp,80,0.002066467506618257,0.0022999997781880666,1.0,0.0,0,0,0,nan,0.0,0.0,0,0,nan,nan,0.7868084789269644,1.6893536700198182,2.1661798539303874,noisy_landmarks,24,ee46b1a91c03dc09c8aac096313ffe1ca4da12f232131e3cdfa3bf28cb427f6f
sew_orientation,clamp,80,0.0020326753845249373,0.0021619998733513057,1.0,0.0,0,0,0,nan,0.0,0.0,0,0,nan,nan,0.8138069301416228,1.6513846697798829,2.101989595022108,noisy_landmarks,25,be2eb6efa975c02de92a1b2cdc25b6a9d42c13da8781e1c07520fe30dd50ee38
sew_orientation,clamp,80,0.002039935042104206,0.0021549999473791104,1.0,0.0,0,0,0,nan,0.0,0.0,0,0,nan,nan,0.7581649146188169,1.6590025954509708,2.1602005924964542,noisy_landmarks,26,16d52b31f8cfa4a803224e989633930bb23300f6c257605b30f37469e7f57c64
sew_orientation,clamp,80,0.0020403246660909598,0.0022130002435005736,1.0,0.0,0,0,0,nan,0.0,0.0,0,0,nan,nan,0.6991764825000325,1.6854255270336242,1.9861079832529225,noisy_landmarks,27,43360f8dd87c7861013a0aa0353d23fedb9e703b2f1d2de03a9e810ce0563651
sew_orientation,clamp,80,0.0020256363620921856,0.002129999757016776,1.0,0.0,0,0,0,nan,0.0,0.0,0,0,nan,nan,0.7225402048411874,1.644719334363807,2.036491491254619,noisy_landmarks,28,7ff4c020357a5d17a61d043804322379b7515311e638c4a40bb9e003d80adb31
sew_orientation,clamp,80,0.002048896116226482,0.0021890000425628386,1.0,0.0,0,0,0,nan,0.0,0.0,0,0,nan,nan,0.7528477820186396,1.6198137965128334,2.062875539666625,noisy_landmarks,29,7541952faca5cf6a63116967f49bb1d58a62d62049dbf3e53fd081c59d961ceb
sew_orientation,clamp,80,0.0020146935859825573,0.002274000053148484,0.8125,0.1875,5,15,6,1.3,0.0,0.0,0,0,nan,nan,0.06553841364321877,1.7205640088181244,0.05609986881410345,one_second_dropout,0,8e7959c13081999952272b70cb77757eb6b69cb338ba5e006927d3c63a458683
sew_orientation,clamp,80,0.001983967708398385,0.002198999936808832,0.8125,0.1875,5,15,6,1.3,0.0,0.0,0,0,nan,nan,0.06553841364321877,1.7205640088181244,0.05609986881410345,one_second_dropout,1,8e7959c13081999952272b70cb77757eb6b69cb338ba5e006927d3c63a458683
sew_orientation,clamp,80,0.0020044676896378085,0.002175000190618448,0.8125,0.1875,5,15,6,1.3,0.0,0.0,0,0,nan,nan,0.06553841364321877,1.7205640088181244,0.05609986881410345,one_second_dropout,2,8e7959c13081999952272b70cb77757eb6b69cb338ba5e006927d3c63a458683
sew_orientation,clamp,80,0.0019725161139156682,0.0021579999156529084,0.8125,0.1875,5,15,6,1.3,0.0,0.0,0,0,nan,nan,0.06553841364321877,1.7205640088181244,0.05609986881410345,one_second_dropout,3,8e7959c13081999952272b70cb77757eb6b69cb338ba5e006927d3c63a458683
sew_orientation,clamp,80,0.0019855323033322837,0.0021729997570218984,0.8125,0.1875,5,15,6,1.3,0.0,0.0,0,0,nan,nan,0.06553841364321877,1.7205640088181244,0.05609986881410345,one_second_dropout,4,8e7959c13081999952272b70cb77757eb6b69cb338ba5e006927d3c63a458683
sew_orientation,clamp,80,0.001983451643501476,0.0021820001165906433,0.8125,0.1875,5,15,6,1.3,0.0,0.0,0,0,nan,nan,0.06553841364321877,1.7205640088181244,0.05609986881410345,one_second_dropout,5,8e7959c13081999952272b70cb77757eb6b69cb338ba5e006927d3c63a458683
sew_orientation,clamp,80,0.0019936289918992007,0.0021819996618432924,0.8125,0.1875,5,15,6,1.3,0.0,0.0,0,0,nan,nan,0.06553841364321877,1.7205640088181244,0.05609986881410345,one_second_dropout,6,8e7959c13081999952272b70cb77757eb6b69cb338ba5e006927d3c63a458683
sew_orientation,clamp,80,0.0019727741830372963,0.0021410000954347197,0.8125,0.1875,5,15,6,1.3,0.0,0.0,0,0,nan,nan,0.06553841364321877,1.7205640088181244,0.05609986881410345,one_second_dropout,7,8e7959c13081999952272b70cb77757eb6b69cb338ba5e006927d3c63a458683
sew_orientation,clamp,80,0.0020049032275804373,0.002198999936808832,0.8125,0.1875,5,15,6,1.3,0.0,0.0,0,0,nan,nan,0.06553841364321877,1.7205640088181244,0.05609986881410345,one_second_dropout,8,8e7959c13081999952272b70cb77757eb6b69cb338ba5e006927d3c63a458683
sew_orientation,clamp,80,0.0019979193277850434,0.0021829996512678917,0.8125,0.1875,5,15,6,1.3,0.0,0.0,0,0,nan,nan,0.06553841364321877,1.7205640088181244,0.05609986881410345,one_second_dropout,9,8e7959c13081999952272b70cb77757eb6b69cb338ba5e006927d3c63a458683
sew_orientation,clamp,80,0.0019841612987464385,0.0021410000954347197,0.8125,0.1875,5,15,6,1.3,0.0,0.0,0,0,nan,nan,0.06553841364321877,1.7205640088181244,0.05609986881410345,one_second_dropout,10,8e7959c13081999952272b70cb77757eb6b69cb338ba5e006927d3c63a458683
sew_orientation,clamp,80,0.0020058871028126187,0.002190000031987438,0.8125,0.1875,5,15,6,1.3,0.0,0.0,0,0,nan,nan,0.06553841364321877,1.7205640088181244,0.05609986881410345,one_second_dropout,11,8e7959c13081999952272b70cb77757eb6b69cb338ba5e006927d3c63a458683
sew_orientation,clamp,80,0.001982854846280515,0.002142000084859319,0.8125,0.1875,5,15,6,1.3,0.0,0.0,0,0,nan,nan,0.06553841364321877,1.7205640088181244,0.05609986881410345,one_second_dropout,12,8e7959c13081999952272b70cb77757eb6b69cb338ba5e006927d3c63a458683
sew_orientation,clamp,80,0.002008241901949664,0.0021789996935694944,0.8125,0.1875,5,15,6,1.3,0.0,0.0,0,0,nan,nan,0.06553841364321877,1.7205640088181244,0.05609986881410345,one_second_dropout,13,8e7959c13081999952272b70cb77757eb6b69cb338ba5e006927d3c63a458683
sew_orientation,clamp,80,0.001993564549798799,0.002168999799323501,0.8125,0.1875,5,15,6,1.3,0.0,0.0,0,0,nan,nan,0.06553841364321877,1.7205640088181244,0.05609986881410345,one_second_dropout,14,8e7959c13081999952272b70cb77757eb6b69cb338ba5e006927d3c63a458683
sew_orientation,clamp,80,0.001981580622199427,0.002142000084859319,0.8125,0.1875,5,15,6,1.3,0.0,0.0,0,0,nan,nan,0.06553841364321877,1.7205640088181244,0.05609986881410345,one_second_dropout,15,8e7959c13081999952272b70cb77757eb6b69cb338ba5e006927d3c63a458683
sew_orientation,clamp,80,0.0019991128708845224,0.002174999735871097,0.8125,0.1875,5,15,6,1.3,0.0,0.0,0,0,nan,nan,0.06553841364321877,1.7205640088181244,0.05609986881410345,one_second_dropout,16,8e7959c13081999952272b70cb77757eb6b69cb338ba5e006927d3c63a458683
sew_orientation,clamp,80,0.002010322547111202,0.002193000000261236,0.8125,0.1875,5,15,6,1.3,0.0,0.0,0,0,nan,nan,0.06553841364321877,1.7205640088181244,0.05609986881410345,one_second_dropout,17,8e7959c13081999952272b70cb77757eb6b69cb338ba5e006927d3c63a458683
sew_orientation,clamp,80,0.0019949677901041148,0.0021700002434954513,0.8125,0.1875,5,15,6,1.3,0.0,0.0,0,0,nan,nan,0.06553841364321877,1.7205640088181244,0.05609986881410345,one_second_dropout,18,8e7959c13081999952272b70cb77757eb6b69cb338ba5e006927d3c63a458683
sew_orientation,clamp,80,0.0020273548230879015,0.002313000095455209,0.8125,0.1875,5,15,6,1.3,0.0,0.0,0,0,nan,nan,0.06553841364321877,1.7205640088181244,0.05609986881410345,one_second_dropout,19,8e7959c13081999952272b70cb77757eb6b69cb338ba5e006927d3c63a458683
sew_orientation,clamp,80,0.0019997903124139185,0.0022310000531433616,0.8125,0.1875,5,15,6,1.3,0.0,0.0,0,0,nan,nan,0.06553841364321877,1.7205640088181244,0.05609986881410345,one_second_dropout,20,8e7959c13081999952272b70cb77757eb6b69cb338ba5e006927d3c63a458683
sew_orientation,clamp,80,0.002005935518736219,0.0022599997464567423,0.8125,0.1875,5,15,6,1.3,0.0,0.0,0,0,nan,nan,0.06553841364321877,1.7205640088181244,0.05609986881410345,one_second_dropout,21,8e7959c13081999952272b70cb77757eb6b69cb338ba5e006927d3c63a458683
sew_orientation,clamp,80,0.001996225775303995,0.0021729997570218984,0.8125,0.1875,5,15,6,1.3,0.0,0.0,0,0,nan,nan,0.06553841364321877,1.7205640088181244,0.05609986881410345,one_second_dropout,22,8e7959c13081999952272b70cb77757eb6b69cb338ba5e006927d3c63a458683
sew_orientation,clamp,80,0.002081177421308483,0.0023359998522209935,0.8125,0.1875,5,15,6,1.3,0.0,0.0,0,0,nan,nan,0.06553841364321877,1.7205640088181244,0.05609986881410345,one_second_dropout,23,8e7959c13081999952272b70cb77757eb6b69cb338ba5e006927d3c63a458683
sew_orientation,clamp,80,0.001996629004180807,0.0021500000002561137,0.8125,0.1875,5,15,6,1.3,0.0,0.0,0,0,nan,nan,0.06553841364321877,1.7205640088181244,0.05609986881410345,one_second_dropout,24,8e7959c13081999952272b70cb77757eb6b69cb338ba5e006927d3c63a458683
sew_orientation,clamp,80,0.0019918709899831165,0.0022340000214171596,0.8125,0.1875,5,15,6,1.3,0.0,0.0,0,0,nan,nan,0.06553841364321877,1.7205640088181244,0.05609986881410345,one_second_dropout,25,8e7959c13081999952272b70cb77757eb6b69cb338ba5e006927d3c63a458683
sew_orientation,clamp,80,0.001968935447944058,0.0021669998204743024,0.8125,0.1875,5,15,6,1.3,0.0,0.0,0,0,nan,nan,0.06553841364321877,1.7205640088181244,0.05609986881410345,one_second_dropout,26,8e7959c13081999952272b70cb77757eb6b69cb338ba5e006927d3c63a458683
sew_orientation,clamp,80,0.0020110322463639725,0.00220300034925458,0.8125,0.1875,5,15,6,1.3,0.0,0.0,0,0,nan,nan,0.06553841364321877,1.7205640088181244,0.05609986881410345,one_second_dropout,27,8e7959c13081999952272b70cb77757eb6b69cb338ba5e006927d3c63a458683
sew_orientation,clamp,80,0.001989532261030681,0.0022280000848695636,0.8125,0.1875,5,15,6,1.3,0.0,0.0,0,0,nan,nan,0.06553841364321877,1.7205640088181244,0.05609986881410345,one_second_dropout,28,8e7959c13081999952272b70cb77757eb6b69cb338ba5e006927d3c63a458683
sew_orientation,clamp,80,0.0019928710160808894,0.0022150002223497722,0.8125,0.1875,5,15,6,1.3,0.0,0.0,0,0,nan,nan,0.06553841364321877,1.7205640088181244,0.05609986881410345,one_second_dropout,29,8e7959c13081999952272b70cb77757eb6b69cb338ba5e006927d3c63a458683
sew_orientation,clamp,80,0.002288584414895627,0.0037339996197260916,1.0,0.0,0,0,0,nan,13.75,0.01466427542112974,0,0,nan,nan,0.7224999999999999,1.2836234768879466,0.04619989196455578,workspace_boundary_crossing,0,93b3275e2711fe4877f1e2efb09bec94e83d458937545c86b16e837dd106bd17
sew_orientation,clamp,80,0.0023145844352256972,0.003759999799513025,1.0,0.0,0,0,0,nan,13.75,0.01466427542112974,0,0,nan,nan,0.7224999999999999,1.2836234768879466,0.04619989196455578,workspace_boundary_crossing,1,93b3275e2711fe4877f1e2efb09bec94e83d458937545c86b16e837dd106bd17
sew_orientation,clamp,80,0.0023485844181990404,0.004047000402351841,1.0,0.0,0,0,0,nan,13.75,0.01466427542112974,0,0,nan,nan,0.7224999999999999,1.2836234768879466,0.04619989196455578,workspace_boundary_crossing,2,93b3275e2711fe4877f1e2efb09bec94e83d458937545c86b16e837dd106bd17
sew_orientation,clamp,80,0.002322519469396559,0.0038250000216066837,1.0,0.0,0,0,0,nan,13.75,0.01466427542112974,0,0,nan,nan,0.7224999999999999,1.2836234768879466,0.04619989196455578,workspace_boundary_crossing,3,93b3275e2711fe4877f1e2efb09bec94e83d458937545c86b16e837dd106bd17
sew_orientation,clamp,80,0.002283714283376784,0.003965999894717243,1.0,0.0,0,0,0,nan,13.75,0.01466427542112974,0,0,nan,nan,0.7224999999999999,1.2836234768879466,0.04619989196455578,workspace_boundary_crossing,4,93b3275e2711fe4877f1e2efb09bec94e83d458937545c86b16e837dd106bd17
sew_orientation,clamp,80,0.002301129860789878,0.0038210000639082864,1.0,0.0,0,0,0,nan,13.75,0.01466427542112974,0,0,nan,nan,0.7224999999999999,1.2836234768879466,0.04619989196455578,workspace_boundary_crossing,5,93b3275e2711fe4877f1e2efb09bec94e83d458937545c86b16e837dd106bd17
sew_orientation,clamp,80,0.0022932077367191334,0.0037249997149046976,1.0,0.0,0,0,0,nan,13.75,0.01466427542112974,0,0,nan,nan,0.7224999999999999,1.2836234768879466,0.04619989196455578,workspace_boundary_crossing,6,93b3275e2711fe4877f1e2efb09bec94e83d458937545c86b16e837dd106bd17
sew_orientation,clamp,80,0.002377948057038374,0.003898000159097137,1.0,0.0,0,0,0,nan,13.75,0.01466427542112974,0,0,nan,nan,0.7224999999999999,1.2836234768879466,0.04619989196455578,workspace_boundary_crossing,7,93b3275e2711fe4877f1e2efb09bec94e83d458937545c86b16e837dd106bd17
sew_orientation,clamp,80,0.0022838830891369188,0.00375299987354083,1.0,0.0,0,0,0,nan,13.75,0.01466427542112974,0,0,nan,nan,0.7224999999999999,1.2836234768879466,0.04619989196455578,workspace_boundary_crossing,8,93b3275e2711fe4877f1e2efb09bec94e83d458937545c86b16e837dd106bd17
sew_orientation,clamp,80,0.002294597415094394,0.004026999704365153,1.0,0.0,0,0,0,nan,13.75,0.01466427542112974,0,0,nan,nan,0.7224999999999999,1.2836234768879466,0.04619989196455578,workspace_boundary_crossing,9,93b3275e2711fe4877f1e2efb09bec94e83d458937545c86b16e837dd106bd17
sew_orientation,clamp,80,0.002309649351611204,0.0039030001062201336,1.0,0.0,0,0,0,nan,13.75,0.01466427542112974,0,0,nan,nan,0.7224999999999999,1.2836234768879466,0.04619989196455578,workspace_boundary_crossing,10,93b3275e2711fe4877f1e2efb09bec94e83d458937545c86b16e837dd106bd17
sew_orientation,clamp,80,0.0022788571269219656,0.0037429999792948365,1.0,0.0,0,0,0,nan,13.75,0.01466427542112974,0,0,nan,nan,0.7224999999999999,1.2836234768879466,0.04619989196455578,workspace_boundary_crossing,11,93b3275e2711fe4877f1e2efb09bec94e83d458937545c86b16e837dd106bd17
sew_orientation,clamp,80,0.002280142904386263,0.0037489999158424325,1.0,0.0,0,0,0,nan,13.75,0.01466427542112974,0,0,nan,nan,0.7224999999999999,1.2836234768879466,0.04619989196455578,workspace_boundary_crossing,12,93b3275e2711fe4877f1e2efb09bec94e83d458937545c86b16e837dd106bd17
sew_orientation,clamp,80,0.002308233758542753,0.0038640000639134087,1.0,0.0,0,0,0,nan,13.75,0.01466427542112974,0,0,nan,nan,0.7224999999999999,1.2836234768879466,0.04619989196455578,workspace_boundary_crossing,13,93b3275e2711fe4877f1e2efb09bec94e83d458937545c86b16e837dd106bd17
sew_orientation,clamp,80,0.002314818204893102,0.003998000011051772,1.0,0.0,0,0,0,nan,13.75,0.01466427542112974,0,0,nan,nan,0.7224999999999999,1.2836234768879466,0.04619989196455578,workspace_boundary_crossing,14,93b3275e2711fe4877f1e2efb09bec94e83d458937545c86b16e837dd106bd17
sew_orientation,clamp,80,0.0022773246874075756,0.0036639999052567873,1.0,0.0,0,0,0,nan,13.75,0.01466427542112974,0,0,nan,nan,0.7224999999999999,1.2836234768879466,0.04619989196455578,workspace_boundary_crossing,15,93b3275e2711fe4877f1e2efb09bec94e83d458937545c86b16e837dd106bd17
sew_orientation,clamp,80,0.0022854415555548847,0.003741999989870237,1.0,0.0,0,0,0,nan,13.75,0.01466427542112974,0,0,nan,nan,0.7224999999999999,1.2836234768879466,0.04619989196455578,workspace_boundary_crossing,16,93b3275e2711fe4877f1e2efb09bec94e83d458937545c86b16e837dd106bd17
sew_orientation,clamp,80,0.0022880000054916402,0.003736000053322641,1.0,0.0,0,0,0,nan,13.75,0.01466427542112974,0,0,nan,nan,0.7224999999999999,1.2836234768879466,0.04619989196455578,workspace_boundary_crossing,17,93b3275e2711fe4877f1e2efb09bec94e83d458937545c86b16e837dd106bd17
sew_orientation,clamp,80,0.0023056623689768317,0.00393899972550571,1.0,0.0,0,0,0,nan,13.75,0.01466427542112974,0,0,nan,nan,0.7224999999999999,1.2836234768879466,0.04619989196455578,workspace_boundary_crossing,18,93b3275e2711fe4877f1e2efb09bec94e83d458937545c86b16e837dd106bd17
sew_orientation,clamp,80,0.0022826493418565347,0.0037909999264229555,1.0,0.0,0,0,0,nan,13.75,0.01466427542112974,0,0,nan,nan,0.7224999999999999,1.2836234768879466,0.04619989196455578,workspace_boundary_crossing,19,93b3275e2711fe4877f1e2efb09bec94e83d458937545c86b16e837dd106bd17
sew_orientation,clamp,80,0.0022917013122967004,0.00383200040232623,1.0,0.0,0,0,0,nan,13.75,0.01466427542112974,0,0,nan,nan,0.7224999999999999,1.2836234768879466,0.04619989196455578,workspace_boundary_crossing,20,93b3275e2711fe4877f1e2efb09bec94e83d458937545c86b16e837dd106bd17
sew_orientation,clamp,80,0.0022628831104228014,0.003753999862965429,1.0,0.0,0,0,0,nan,13.75,0.01466427542112974,0,0,nan,nan,0.7224999999999999,1.2836234768879466,0.04619989196455578,workspace_boundary_crossing,21,93b3275e2711fe4877f1e2efb09bec94e83d458937545c86b16e837dd106bd17
sew_orientation,clamp,80,0.002290298712009703,0.003800999820668949,1.0,0.0,0,0,0,nan,13.75,0.01466427542112974,0,0,nan,nan,0.7224999999999999,1.2836234768879466,0.04619989196455578,workspace_boundary_crossing,22,93b3275e2711fe4877f1e2efb09bec94e83d458937545c86b16e837dd106bd17
sew_orientation,clamp,80,0.002289402588061208,0.003777000074478565,1.0,0.0,0,0,0,nan,13.75,0.01466427542112974,0,0,nan,nan,0.7224999999999999,1.2836234768879466,0.04619989196455578,workspace_boundary_crossing,23,93b3275e2711fe4877f1e2efb09bec94e83d458937545c86b16e837dd106bd17
sew_orientation,clamp,80,0.002290974029543199,0.003750999894691631,1.0,0.0,0,0,0,nan,13.75,0.01466427542112974,0,0,nan,nan,0.7224999999999999,1.2836234768879466,0.04619989196455578,workspace_boundary_crossing,24,93b3275e2711fe4877f1e2efb09bec94e83d458937545c86b16e837dd106bd17
sew_orientation,clamp,80,0.002291142835303334,0.0038880002648511436,1.0,0.0,0,0,0,nan,13.75,0.01466427542112974,0,0,nan,nan,0.7224999999999999,1.2836234768879466,0.04619989196455578,workspace_boundary_crossing,25,93b3275e2711fe4877f1e2efb09bec94e83d458937545c86b16e837dd106bd17
sew_orientation,clamp,80,0.0022622077987951156,0.0036550000004353933,1.0,0.0,0,0,0,nan,13.75,0.01466427542112974,0,0,nan,nan,0.7224999999999999,1.2836234768879466,0.04619989196455578,workspace_boundary_crossing,26,93b3275e2711fe4877f1e2efb09bec94e83d458937545c86b16e837dd106bd17
sew_orientation,clamp,80,0.0022860129780832273,0.003788999947573757,1.0,0.0,0,0,0,nan,13.75,0.01466427542112974,0,0,nan,nan,0.7224999999999999,1.2836234768879466,0.04619989196455578,workspace_boundary_crossing,27,93b3275e2711fe4877f1e2efb09bec94e83d458937545c86b16e837dd106bd17
sew_orientation,clamp,80,0.002295012983303387,0.0037699996937590186,1.0,0.0,0,0,0,nan,13.75,0.01466427542112974,0,0,nan,nan,0.7224999999999999,1.2836234768879466,0.04619989196455578,workspace_boundary_crossing,28,93b3275e2711fe4877f1e2efb09bec94e83d458937545c86b16e837dd106bd17
sew_orientation,clamp,80,0.002294948102077454,0.0037250001696520485,1.0,0.0,0,0,0,nan,13.75,0.01466427542112974,0,0,nan,nan,0.7224999999999999,1.2836234768879466,0.04619989196455578,workspace_boundary_crossing,29,93b3275e2711fe4877f1e2efb09bec94e83d458937545c86b16e837dd106bd17
sew_orientation,clamp,80,0.0020430649263809236,0.002159999894502107,1.0,0.0,0,0,0,nan,0.0,0.0,0,0,nan,nan,0.11034746258976695,0.6945522859680324,6.8191754615913e-09,obstacle_intersection,0,eb8b7d9e4d56f3c375d373da04affa7b70db8f5bd7148d2d633754e2d36b962f
sew_orientation,clamp,80,0.0020054675434192934,0.002114999915647786,1.0,0.0,0,0,0,nan,0.0,0.0,0,0,nan,nan,0.11034746258976695,0.6945522859680324,6.8191754615913e-09,obstacle_intersection,1,eb8b7d9e4d56f3c375d373da04affa7b70db8f5bd7148d2d633754e2d36b962f
sew_orientation,clamp,80,0.0020227272428897988,0.0021709997781726997,1.0,0.0,0,0,0,nan,0.0,0.0,0,0,nan,nan,0.11034746258976695,0.6945522859680324,6.8191754615913e-09,obstacle_intersection,2,eb8b7d9e4d56f3c375d373da04affa7b70db8f5bd7148d2d633754e2d36b962f
sew_orientation,clamp,80,0.0020386753151667237,0.0021800001377414446,1.0,0.0,0,0,0,nan,0.0,0.0,0,0,nan,nan,0.11034746258976695,0.6945522859680324,6.8191754615913e-09,obstacle_intersection,3,eb8b7d9e4d56f3c375d373da04affa7b70db8f5bd7148d2d633754e2d36b962f
sew_orientation,clamp,80,0.002032571424555877,0.0021700002434954513,1.0,0.0,0,0,0,nan,0.0,0.0,0,0,nan,nan,0.11034746258976695,0.6945522859680324,6.8191754615913e-09,obstacle_intersection,4,eb8b7d9e4d56f3c375d373da04affa7b70db8f5bd7148d2d633754e2d36b962f
sew_orientation,clamp,80,0.0020404285729077325,0.0021679998098989017,1.0,0.0,0,0,0,nan,0.0,0.0,0,0,nan,nan,0.11034746258976695,0.6945522859680324,6.8191754615913e-09,obstacle_intersection,5,eb8b7d9e4d56f3c375d373da04affa7b70db8f5bd7148d2d633754e2d36b962f
sew_orientation,clamp,80,0.0020309610342585734,0.0021139999262231868,1.0,0.0,0,0,0,nan,0.0,0.0,0,0,nan,nan,0.11034746258976695,0.6945522859680324,6.8191754615913e-09,obstacle_intersection,6,eb8b7d9e4d56f3c375d373da04affa7b70db8f5bd7148d2d633754e2d36b962f
sew_orientation,clamp,80,0.002049961045935112,0.0021730002117692493,1.0,0.0,0,0,0,nan,0.0,0.0,0,0,nan,nan,0.11034746258976695,0.6945522859680324,6.8191754615913e-09,obstacle_intersection,7,eb8b7d9e4d56f3c375d373da04affa7b70db8f5bd7148d2d633754e2d36b962f
sew_orientation,clamp,80,0.002051727284645955,0.0021860000742890406,1.0,0.0,0,0,0,nan,0.0,0.0,0,0,nan,nan,0.11034746258976695,0.6945522859680324,6.8191754615913e-09,obstacle_intersection,8,eb8b7d9e4d56f3c375d373da04affa7b70db8f5bd7148d2d633754e2d36b962f
sew_orientation,clamp,80,0.0020295974005043187,0.0021589999050775077,1.0,0.0,0,0,0,nan,0.0,0.0,0,0,nan,nan,0.11034746258976695,0.6945522859680324,6.8191754615913e-09,obstacle_intersection,9,eb8b7d9e4d56f3c375d373da04affa7b70db8f5bd7148d2d633754e2d36b962f
sew_orientation,clamp,80,0.002084597368097589,0.0021109999579493888,1.0,0.0,0,0,0,nan,0.0,0.0,0,0,nan,nan,0.11034746258976695,0.6945522859680324,6.8191754615913e-09,obstacle_intersection,10,eb8b7d9e4d56f3c375d373da04affa7b70db8f5bd7148d2d633754e2d36b962f
sew_orientation,clamp,80,0.0020528311690757076,0.0021850000848644413,1.0,0.0,0,0,0,nan,0.0,0.0,0,0,nan,nan,0.11034746258976695,0.6945522859680324,6.8191754615913e-09,obstacle_intersection,11,eb8b7d9e4d56f3c375d373da04affa7b70db8f5bd7148d2d633754e2d36b962f
sew_orientation,clamp,80,0.002036246775327078,0.0022459998945123516,1.0,0.0,0,0,0,nan,0.0,0.0,0,0,nan,nan,0.11034746258976695,0.6945522859680324,6.8191754615913e-09,obstacle_intersection,12,eb8b7d9e4d56f3c375d373da04affa7b70db8f5bd7148d2d633754e2d36b962f
sew_orientation,clamp,80,0.0020471039155759703,0.0021939999896858353,1.0,0.0,0,0,0,nan,0.0,0.0,0,0,nan,nan,0.11034746258976695,0.6945522859680324,6.8191754615913e-09,obstacle_intersection,13,eb8b7d9e4d56f3c375d373da04affa7b70db8f5bd7148d2d633754e2d36b962f
sew_orientation,clamp,80,0.002001233762901204,0.0021799996829940937,1.0,0.0,0,0,0,nan,0.0,0.0,0,0,nan,nan,0.11034746258976695,0.6945522859680324,6.8191754615913e-09,obstacle_intersection,14,eb8b7d9e4d56f3c375d373da04affa7b70db8f5bd7148d2d633754e2d36b962f
sew_orientation,clamp,80,0.0020302857226308876,0.0021730002117692493,1.0,0.0,0,0,0,nan,0.0,0.0,0,0,nan,nan,0.11034746258976695,0.6945522859680324,6.8191754615913e-09,obstacle_intersection,15,eb8b7d9e4d56f3c375d373da04affa7b70db8f5bd7148d2d633754e2d36b962f
sew_orientation,clamp,80,0.0020551558080043903,0.002184000095439842,1.0,0.0,0,0,0,nan,0.0,0.0,0,0,nan,nan,0.11034746258976695,0.6945522859680324,6.8191754615913e-09,obstacle_intersection,16,eb8b7d9e4d56f3c375d373da04affa7b70db8f5bd7148d2d633754e2d36b962f
sew_orientation,clamp,80,0.002011064886821921,0.002120999852195382,1.0,0.0,0,0,0,nan,0.0,0.0,0,0,nan,nan,0.11034746258976695,0.6945522859680324,6.8191754615913e-09,obstacle_intersection,17,eb8b7d9e4d56f3c375d373da04affa7b70db8f5bd7148d2d633754e2d36b962f
sew_orientation,clamp,80,0.002043337644863641,0.002145000053133117,1.0,0.0,0,0,0,nan,0.0,0.0,0,0,nan,nan,0.11034746258976695,0.6945522859680324,6.8191754615913e-09,obstacle_intersection,18,eb8b7d9e4d56f3c375d373da04affa7b70db8f5bd7148d2d633754e2d36b962f
sew_orientation,clamp,80,0.0020148960978182808,0.002148000021406915,1.0,0.0,0,0,0,nan,0.0,0.0,0,0,nan,nan,0.11034746258976695,0.6945522859680324,6.8191754615913e-09,obstacle_intersection,19,eb8b7d9e4d56f3c375d373da04affa7b70db8f5bd7148d2d633754e2d36b962f
sew_orientation,clamp,80,0.002026870132995809,0.0021280002329149283,1.0,0.0,0,0,0,nan,0.0,0.0,0,0,nan,nan,0.11034746258976695,0.6945522859680324,6.8191754615913e-09,obstacle_intersection,20,eb8b7d9e4d56f3c375d373da04affa7b70db8f5bd7148d2d633754e2d36b962f
sew_orientation,clamp,80,0.0020599480596100368,0.0022189997253008187,1.0,0.0,0,0,0,nan,0.0,0.0,0,0,nan,nan,0.11034746258976695,0.6945522859680324,6.8191754615913e-09,obstacle_intersection,21,eb8b7d9e4d56f3c375d373da04affa7b70db8f5bd7148d2d633754e2d36b962f
sew_orientation,clamp,80,0.0020414545715184786,0.0021679998098989017,1.0,0.0,0,0,0,nan,0.0,0.0,0,0,nan,nan,0.11034746258976695,0.6945522859680324,6.8191754615913e-09,obstacle_intersection,22,eb8b7d9e4d56f3c375d373da04affa7b70db8f5bd7148d2d633754e2d36b962f
sew_orientation,clamp,80,0.0020214415481068383,0.0021340001694625244,1.0,0.0,0,0,0,nan,0.0,0.0,0,0,nan,nan,0.11034746258976695,0.6945522859680324,6.8191754615913e-09,obstacle_intersection,23,eb8b7d9e4d56f3c375d373da04affa7b70db8f5bd7148d2d633754e2d36b962f
sew_orientation,clamp,80,0.002053922084347245,0.0021699997887481004,1.0,0.0,0,0,0,nan,0.0,0.0,0,0,nan,nan,0.11034746258976695,0.6945522859680324,6.8191754615913e-09,obstacle_intersection,24,eb8b7d9e4d56f3c375d373da04affa7b70db8f5bd7148d2d633754e2d36b962f
sew_orientation,clamp,80,0.0020231688143791293,0.0021370001377363224,1.0,0.0,0,0,0,nan,0.0,0.0,0,0,nan,nan,0.11034746258976695,0.6945522859680324,6.8191754615913e-09,obstacle_intersection,25,eb8b7d9e4d56f3c375d373da04affa7b70db8f5bd7148d2d633754e2d36b962f
sew_orientation,clamp,80,0.0020437013069107258,0.0021619998733513057,1.0,0.0,0,0,0,nan,0.0,0.0,0,0,nan,nan,0.11034746258976695,0.6945522859680324,6.8191754615913e-09,obstacle_intersection,26,eb8b7d9e4d56f3c375d373da04affa7b70db8f5bd7148d2d633754e2d36b962f
sew_orientation,clamp,80,0.0020353376526913193,0.0021739997464464977,1.0,0.0,0,0,0,nan,0.0,0.0,0,0,nan,nan,0.11034746258976695,0.6945522859680324,6.8191754615913e-09,obstacle_intersection,27,eb8b7d9e4d56f3c375d373da04affa7b70db8f5bd7148d2d633754e2d36b962f
sew_orientation,clamp,80,0.0020527662169800573,0.0021979999473842327,1.0,0.0,0,0,0,nan,0.0,0.0,0,0,nan,nan,0.11034746258976695,0.6945522859680324,6.8191754615913e-09,obstacle_intersection,28,eb8b7d9e4d56f3c375d373da04affa7b70db8f5bd7148d2d633754e2d36b962f
sew_orientation,clamp,80,0.0020508831022942268,0.00217200022234465,1.0,0.0,0,0,0,nan,0.0,0.0,0,0,nan,nan,0.11034746258976695,0.6945522859680324,6.8191754615913e-09,obstacle_intersection,29,eb8b7d9e4d56f3c375d373da04affa7b70db8f5bd7148d2d633754e2d36b962f
sew_orientation,cbf_qp,80,7.151026285708968,10.09612300003937,1.0,0.0,0,0,0,nan,72.5,0.21992706609267101,0,0,0.014047069696928066,-0.03595293030307195,0.4183054907324671,1.60603661654081,0.1366377457139501,horizontal_sweep,0,26144b426aae9b86aec45d41514b815fab3c472ce45eeeeb33e642d68ffef3f9
sew_orientation,cbf_qp,80,7.178606493481937,10.148603999823536,1.0,0.0,0,0,0,nan,72.5,0.21992706609267101,0,0,0.014047069696928066,-0.03595293030307195,0.4183054907324671,1.60603661654081,0.1366377457139501,horizontal_sweep,1,26144b426aae9b86aec45d41514b815fab3c472ce45eeeeb33e642d68ffef3f9
sew_orientation,cbf_qp,80,7.170441220745039,10.112930999639502,1.0,0.0,0,0,0,nan,72.5,0.21992706609267101,0,0,0.014047069696928066,-0.03595293030307195,0.4183054907324671,1.60603661654081,0.1366377457139501,horizontal_sweep,2,26144b426aae9b86aec45d41514b815fab3c472ce45eeeeb33e642d68ffef3f9
sew_orientation,cbf_qp,80,7.193795259755969,10.174891000133357,1.0,0.0,0,0,0,nan,72.5,0.21992706609267101,0,0,0.014047069696928066,-0.03595293030307195,0.4183054907324671,1.60603661654081,0.1366377457139501,horizontal_sweep,3,26144b426aae9b86aec45d41514b815fab3c472ce45eeeeb33e642d68ffef3f9
sew_orientation,cbf_qp,80,7.139624194832169,10.070978999920044,1.0,0.0,0,0,0,nan,72.5,0.21992706609267101,0,0,0.014047069696928066,-0.03595293030307195,0.4183054907324671,1.60603661654081,0.1366377457139501,horizontal_sweep,4,26144b426aae9b86aec45d41514b815fab3c472ce45eeeeb33e642d68ffef3f9
sew_orientation,cbf_qp,80,7.165821155827965,10.111821000009513,1.0,0.0,0,0,0,nan,72.5,0.21992706609267101,0,0,0.014047069696928066,-0.03595293030307195,0.4183054907324671,1.60603661654081,0.1366377457139501,horizontal_sweep,5,26144b426aae9b86aec45d41514b815fab3c472ce45eeeeb33e642d68ffef3f9
sew_orientation,cbf_qp,80,7.18205244153045,10.141827999632369,1.0,0.0,0,0,0,nan,72.5,0.21992706609267101,0,0,0.014047069696928066,-0.03595293030307195,0.4183054907324671,1.60603661654081,0.1366377457139501,horizontal_sweep,6,26144b426aae9b86aec45d41514b815fab3c472ce45eeeeb33e642d68ffef3f9
sew_orientation,cbf_qp,80,7.199862077921754,10.207146000084322,1.0,0.0,0,0,0,nan,72.5,0.21992706609267101,0,0,0.014047069696928066,-0.03595293030307195,0.4183054907324671,1.60603661654081,0.1366377457139501,horizontal_sweep,7,26144b426aae9b86aec45d41514b815fab3c472ce45eeeeb33e642d68ffef3f9
sew_orientation,cbf_qp,80,7.145261831129727,10.085743999752594,1.0,0.0,0,0,0,nan,72.5,0.21992706609267101,0,0,0.014047069696928066,-0.03595293030307195,0.4183054907324671,1.60603661654081,0.1366377457139501,horizontal_sweep,8,26144b426aae9b86aec45d41514b815fab3c472ce45eeeeb33e642d68ffef3f9
sew_orientation,cbf_qp,80,7.144375259757636,10.086028999921837,1.0,0.0,0,0,0,nan,72.5,0.21992706609267101,0,0,0.014047069696928066,-0.03595293030307195,0.4183054907324671,1.60603661654081,0.1366377457139501,horizontal_sweep,9,26144b426aae9b86aec45d41514b815fab3c472ce45eeeeb33e642d68ffef3f9
sew_orientation,cbf_qp,80,7.178880753251072,10.210788000222237,1.0,0.0,0,0,0,nan,72.5,0.21992706609267101,0,0,0.014047069696928066,-0.03595293030307195,0.4183054907324671,1.60603661654081,0.1366377457139501,horizontal_sweep,10,26144b426aae9b86aec45d41514b815fab3c472ce45eeeeb33e642d68ffef3f9
sew_orientation,cbf_qp,80,7.1308615714084915,10.038144999725773,1.0,0.0,0,0,0,nan,72.5,0.21992706609267101,0,0,0.014047069696928066,-0.03595293030307195,0.4183054907324671,1.60603661654081,0.1366377457139501,horizontal_sweep,11,26144b426aae9b86aec45d41514b815fab3c472ce45eeeeb33e642d68ffef3f9
sew_orientation,cbf_qp,80,7.168831753248226,10.135210000044026,1.0,0.0,0,0,0,nan,72.5,0.21992706609267101,0,0,0.014047069696928066,-0.03595293030307195,0.4183054907324671,1.60603661654081,0.1366377457139501,horizontal_sweep,12,26144b426aae9b86aec45d41514b815fab3c472ce45eeeeb33e642d68ffef3f9
sew_orientation,cbf_qp,80,7.151875051925805,10.087693000059517,1.0,0.0,0,0,0,nan,72.5,0.21992706609267101,0,0,0.014047069696928066,-0.03595293030307195,0.4183054907324671,1.60603661654081,0.1366377457139501,horizontal_sweep,13,26144b426aae9b86aec45d41514b815fab3c472ce45eeeeb33e642d68ffef3f9
sew_orientation,cbf_qp,80,7.136188831146364,10.050349000266579,1.0,0.0,0,0,0,nan,72.5,0.21992706609267101,0,0,0.014047069696928066,-0.03595293030307195,0.4183054907324671,1.60603661654081,0.1366377457139501,horizontal_sweep,14,26144b426aae9b86aec45d41514b815fab3c472ce45eeeeb33e642d68ffef3f9
sew_orientation,cbf_qp,80,7.142807415575235,10.087302000101772,1.0,0.0,0,0,0,nan,72.5,0.21992706609267101,0,0,0.014047069696928066,-0.03595293030307195,0.4183054907324671,1.60603661654081,0.1366377457139501,horizontal_sweep,15,26144b426aae9b86aec45d41514b815fab3c472ce45eeeeb33e642d68ffef3f9
sew_orientation,cbf_qp,80,7.127533051965208,10.056847000214475,1.0,0.0,0,0,0,nan,72.5,0.21992706609267101,0,0,0.014047069696928066,-0.03595293030307195,0.4183054907324671,1.60603661654081,0.1366377457139501,horizontal_sweep,16,26144b426aae9b86aec45d41514b815fab3c472ce45eeeeb33e642d68ffef3f9
sew_orientation,cbf_qp,80,7.14308748056637,10.086187000069913,1.0,0.0,0,0,0,nan,72.5,0.21992706609267101,0,0,0.014047069696928066,-0.03595293030307195,0.4183054907324671,1.60603661654081,0.1366377457139501,horizontal_sweep,17,26144b426aae9b86aec45d41514b815fab3c472ce45eeeeb33e642d68ffef3f9
sew_orientation,cbf_qp,80,7.149047402565754,10.094636999838258,1.0,0.0,0,0,0,nan,72.5,0.21992706609267101,0,0,0.014047069696928066,-0.03595293030307195,0.4183054907324671,1.60603661654081,0.1366377457139501,horizontal_sweep,18,26144b426aae9b86aec45d41514b815fab3c472ce45eeeeb33e642d68ffef3f9
sew_orientation,cbf_qp,80,7.133208844181779,10.079222000058508,1.0,0.0,0,0,0,nan,72.5,0.21992706609267101,0,0,0.014047069696928066,-0.03595293030307195,0.4183054907324671,1.60603661654081,0.1366377457139501,horizontal_sweep,19,26144b426aae9b86aec45d41514b815fab3c472ce45eeeeb33e642d68ffef3f9
sew_orientation,cbf_qp,80,7.159026376644146,10.13218300022345,1.0,0.0,0,0,0,nan,72.5,0.21992706609267101,0,0,0.014047069696928066,-0.03595293030307195,0.4183054907324671,1.60603661654081,0.1366377457139501,horizontal_sweep,20,26144b426aae9b86aec45d41514b815fab3c472ce45eeeeb33e642d68ffef3f9
sew_orientation,cbf_qp,80,7.1735711428661855,10.105804999966495,1.0,0.0,0,0,0,nan,72.5,0.21992706609267101,0,0,0.014047069696928066,-0.03595293030307195,0.4183054907324671,1.60603661654081,0.1366377457139501,horizontal_sweep,21,26144b426aae9b86aec45d41514b815fab3c472ce45eeeeb33e642d68ffef3f9
sew_orientation,cbf_qp,80,7.130601155873213,10.066951999760931,1.0,0.0,0,0,0,nan,72.5,0.21992706609267101,0,0,0.014047069696928066,-0.03595293030307195,0.4183054907324671,1.60603661654081,0.1366377457139501,horizontal_sweep,22,26144b426aae9b86aec45d41514b815fab3c472ce45eeeeb33e642d68ffef3f9
sew_orientation,cbf_qp,80,7.162843792212261,10.0994070003253,1.0,0.0,0,0,0,nan,72.5,0.21992706609267101,0,0,0.014047069696928066,-0.03595293030307195,0.4183054907324671,1.60603661654081,0.1366377457139501,horizontal_sweep,23,26144b426aae9b86aec45d41514b815fab3c472ce45eeeeb33e642d68ffef3f9
sew_orientation,cbf_qp,80,7.1403238441896315,10.069912999824737,1.0,0.0,0,0,0,nan,72.5,0.21992706609267101,0,0,0.014047069696928066,-0.03595293030307195,0.4183054907324671,1.60603661654081,0.1366377457139501,horizontal_sweep,24,26144b426aae9b86aec45d41514b815fab3c472ce45eeeeb33e642d68ffef3f9
sew_orientation,cbf_qp,80,7.15700981814947,10.117914999682398,1.0,0.0,0,0,0,nan,72.5,0.21992706609267101,0,0,0.014047069696928066,-0.03595293030307195,0.4183054907324671,1.60603661654081,0.1366377457139501,horizontal_sweep,25,26144b426aae9b86aec45d41514b815fab3c472ce45eeeeb33e642d68ffef3f9
sew_orientation,cbf_qp,80,7.192988155825982,10.170945000027132,1.0,0.0,0,0,0,nan,72.5,0.21992706609267101,0,0,0.014047069696928066,-0.03595293030307195,0.4183054907324671,1.60603661654081,0.1366377457139501,horizontal_sweep,26,26144b426aae9b86aec45d41514b815fab3c472ce45eeeeb33e642d68ffef3f9
sew_orientation,cbf_qp,80,7.146107480502315,10.107561000040732,1.0,0.0,0,0,0,nan,72.5,0.21992706609267101,0,0,0.014047069696928066,-0.03595293030307195,0.4183054907324671,1.60603661654081,0.1366377457139501,horizontal_sweep,27,26144b426aae9b86aec45d41514b815fab3c472ce45eeeeb33e642d68ffef3f9
sew_orientation,cbf_qp,80,7.160514389621997,10.133831000075588,1.0,0.0,0,0,0,nan,72.5,0.21992706609267101,0,0,0.014047069696928066,-0.03595293030307195,0.4183054907324671,1.60603661654081,0.1366377457139501,horizontal_sweep,28,26144b426aae9b86aec45d41514b815fab3c472ce45eeeeb33e642d68ffef3f9
sew_orientation,cbf_qp,80,7.144699571417968,10.078177000195865,1.0,0.0,0,0,0,nan,72.5,0.21992706609267101,0,0,0.014047069696928066,-0.03595293030307195,0.4183054907324671,1.60603661654081,0.1366377457139501,horizontal_sweep,29,26144b426aae9b86aec45d41514b815fab3c472ce45eeeeb33e642d68ffef3f9
sew_orientation,cbf_qp,80,6.090954649347883,10.022404000210372,1.0,0.0,0,0,0,nan,62.5,0.2022315428153485,0,0,0.014047069696928066,-0.03595293030307195,0.3549091324298844,1.6406396279355386,0.13494304193308032,vertical_sweep,0,629272caf471f89606b5dd3049b26f55990e596954231224db53f6c031c7f5d0
sew_orientation,cbf_qp,80,6.101334519489565,10.050213999875268,1.0,0.0,0,0,0,nan,62.5,0.2022315428153485,0,0,0.014047069696928066,-0.03595293030307195,0.3549091324298844,1.6406396279355386,0.13494304193308032,vertical_sweep,1,629272caf471f89606b5dd3049b26f55990e596954231224db53f6c031c7f5d0
sew_orientation,cbf_qp,80,6.126777831132013,10.126984999715205,1.0,0.0,0,0,0,nan,62.5,0.2022315428153485,0,0,0.014047069696928066,-0.03595293030307195,0.3549091324298844,1.6406396279355386,0.13494304193308032,vertical_sweep,2,629272caf471f89606b5dd3049b26f55990e596954231224db53f6c031c7f5d0
sew_orientation,cbf_qp,80,6.094229987003881,10.034499000084907,1.0,0.0,0,0,0,nan,62.5,0.2022315428153485,0,0,0.014047069696928066,-0.03595293030307195,0.3549091324298844,1.6406396279355386,0.13494304193308032,vertical_sweep,3,629272caf471f89606b5dd3049b26f55990e596954231224db53f6c031c7f5d0
sew_orientation,cbf_qp,80,6.133111753251206,10.11727900004189,1.0,0.0,0,0,0,nan,62.5,0.2022315428153485,0,0,0.014047069696928066,-0.03595293030307195,0.3549091324298844,1.6406396279355386,0.13494304193308032,vertical_sweep,4,629272caf471f89606b5dd3049b26f55990e596954231224db53f6c031c7f5d0
sew_orientation,cbf_qp,80,6.117165493508635,10.088441999869247,1.0,0.0,0,0,0,nan,62.5,0.2022315428153485,0,0,0.014047069696928066,-0.03595293030307195,0.3549091324298844,1.6406396279355386,0.13494304193308032,vertical_sweep,5,629272caf471f89606b5dd3049b26f55990e596954231224db53f6c031c7f5d0
sew_orientation,cbf_qp,80,6.134192870146538,10.099761999754264,1.0,0.0,0,0,0,nan,62.5,0.2022315428153485,0,0,0.014047069696928066,-0.03595293030307195,0.3549091324298844,1.6406396279355386,0.13494304193308032,vertical_sweep,6,629272caf471f89606b5dd3049b26f55990e596954231224db53f6c031c7f5d0
sew_orientation,cbf_qp,80,6.1126934286150645,10.093923999647814,1.0,0.0,0,0,0,nan,62.5,0.2022315428153485,0,0,0.014047069696928066,-0.03595293030307195,0.3549091324298844,1.6406396279355386,0.13494304193308032,vertical_sweep,7,629272caf471f89606b5dd3049b26f55990e596954231224db53f6c031c7f5d0
sew_orientation,cbf_qp,80,6.090470428569153,10.025577999840607,1.0,0.0,0,0,0,nan,62.5,0.2022315428153485,0,0,0.014047069696928066,-0.03595293030307195,0.3549091324298844,1.6406396279355386,0.13494304193308032,vertical_sweep,8,629272caf471f89606b5dd3049b26f55990e596954231224db53f6c031c7f5d0
sew_orientation,cbf_qp,80,6.104284415597521,10.078739999698882,1.0,0.0,0,0,0,nan,62.5,0.2022315428153485,0,0,0.014047069696928066,-0.03595293030307195,0.3549091324298844,1.6406396279355386,0.13494304193308032,vertical_sweep,9,629272caf471f89606b5dd3049b26f55990e596954231224db53f6c031c7f5d0
sew_orientation,cbf_qp,80,6.0999157532354396,10.035746000085055,1.0,0.0,0,0,0,nan,62.5,0.2022315428153485,0,0,0.014047069696928066,-0.03595293030307195,0.3549091324298844,1.6406396279355386,0.13494304193308032,vertical_sweep,10,629272caf471f89606b5dd3049b26f55990e596954231224db53f6c031c7f5d0
sew_orientation,cbf_qp,80,6.098264298667676,10.029361999841058,1.0,0.0,0,0,0,nan,62.5,0.2022315428153485,0,0,0.014047069696928066,-0.03595293030307195,0.3549091324298844,1.6406396279355386,0.13494304193308032,vertical_sweep,11,629272caf471f89606b5dd3049b26f55990e596954231224db53f6c031c7f5d0
sew_orientation,cbf_qp,80,6.128501233740883,10.094563999700767,1.0,0.0,0,0,0,nan,62.5,0.2022315428153485,0,0,0.014047069696928066,-0.03595293030307195,0.3549091324298844,1.6406396279355386,0.13494304193308032,vertical_sweep,12,629272caf471f89606b5dd3049b26f55990e596954231224db53f6c031c7f5d0
sew_orientation,cbf_qp,80,6.092532623346439,10.020522000104393,1.0,0.0,0,0,0,nan,62.5,0.2022315428153485,0,0,0.014047069696928066,-0.03595293030307195,0.3549091324298844,1.6406396279355386,0.13494304193308032,vertical_sweep,13,629272caf471f89606b5dd3049b26f55990e596954231224db53f6c031c7f5d0
sew_orientation,cbf_qp,80,6.126588792197596,10.123806000137847,1.0,0.0,0,0,0,nan,62.5,0.2022315428153485,0,0,0.014047069696928066,-0.03595293030307195,0.3549091324298844,1.6406396279355386,0.13494304193308032,vertical_sweep,14,629272caf471f89606b5dd3049b26f55990e596954231224db53f6c031c7f5d0
sew_orientation,cbf_qp,80,6.107549532440647,10.125516000243806,1.0,0.0,0,0,0,nan,62.5,0.2022315428153485,0,0,0.014047069696928066,-0.03595293030307195,0.3549091324298844,1.6406396279355386,0.13494304193308032,vertical_sweep,15,629272caf471f89606b5dd3049b26f55990e596954231224db53f6c031c7f5d0
sew_orientation,cbf_qp,80,6.125292480516821,10.118526000042039,1.0,0.0,0,0,0,nan,62.5,0.2022315428153485,0,0,0.014047069696928066,-0.03595293030307195,0.3549091324298844,1.6406396279355386,0.13494304193308032,vertical_sweep,16,629272caf471f89606b5dd3049b26f55990e596954231224db53f6c031c7f5d0
sew_orientation,cbf_qp,80,6.117585649338832,10.073455000110698,1.0,0.0,0,0,0,nan,62.5,0.2022315428153485,0,0,0.014047069696928066,-0.03595293030307195,0.3549091324298844,1.6406396279355386,0.13494304193308032,vertical_sweep,17,629272caf471f89606b5dd3049b26f55990e596954231224db53f6c031c7f5d0
sew_orientation,cbf_qp,80,6.130588727306271,10.1109830002315,1.0,0.0,0,0,0,nan,62.5,0.2022315428153485,0,0,0.014047069696928066,-0.03595293030307195,0.3549091324298844,1.6406396279355386,0.13494304193308032,vertical_sweep,18,629272caf471f89606b5dd3049b26f55990e596954231224db53f6c031c7f5d0
sew_orientation,cbf_qp,80,6.09930145456964,10.044410999853426,1.0,0.0,0,0,0,nan,62.5,0.2022315428153485,0,0,0.014047069696928066,-0.03595293030307195,0.3549091324298844,1.6406396279355386,0.13494304193308032,vertical_sweep,19,629272caf471f89606b5dd3049b26f55990e596954231224db53f6c031c7f5d0
sew_orientation,cbf_qp,80,6.1114919350701085,10.070324000025721,1.0,0.0,0,0,0,nan,62.5,0.2022315428153485,0,0,0.014047069696928066,-0.03595293030307195,0.3549091324298844,1.6406396279355386,0.13494304193308032,vertical_sweep,20,629272caf471f89606b5dd3049b26f55990e596954231224db53f6c031c7f5d0
sew_orientation,cbf_qp,80,6.108956818214021,10.060115000214864,1.0,0.0,0,0,0,nan,62.5,0.2022315428153485,0,0,0.014047069696928066,-0.03595293030307195,0.3549091324298844,1.6406396279355386,0.13494304193308032,vertical_sweep,21,629272caf471f89606b5dd3049b26f55990e596954231224db53f6c031c7f5d0
sew_orientation,cbf_qp,80,6.117063844140393,10.063234999961423,1.0,0.0,0,0,0,nan,62.5,0.2022315428153485,0,0,0.014047069696928066,-0.03595293030307195,0.3549091324298844,1.6406396279355386,0.13494304193308032,vertical_sweep,22,629272caf471f89606b5dd3049b26f55990e596954231224db53f6c031c7f5d0
sew_orientation,cbf_qp,80,6.112176688327656,10.066555000321387,1.0,0.0,0,0,0,nan,62.5,0.2022315428153485,0,0,0.014047069696928066,-0.03595293030307195,0.3549091324298844,1.6406396279355386,0.13494304193308032,vertical_sweep,23,629272caf471f89606b5dd3049b26f55990e596954231224db53f6c031c7f5d0
sew_orientation,cbf_qp,80,6.136651558412646,10.10067600009279,1.0,0.0,0,0,0,nan,62.5,0.2022315428153485,0,0,0.014047069696928066,-0.03595293030307195,0.3549091324298844,1.6406396279355386,0.13494304193308032,vertical_sweep,24,629272caf471f89606b5dd3049b26f55990e596954231224db53f6c031c7f5d0
sew_orientation,cbf_qp,80,6.0990428441569255,10.04017000013846,1.0,0.0,0,0,0,nan,62.5,0.2022315428153485,0,0,0.014047069696928066,-0.03595293030307195,0.3549091324298844,1.6406396279355386,0.13494304193308032,vertical_sweep,25,629272caf471f89606b5dd3049b26f55990e596954231224db53f6c031c7f5d0
sew_orientation,cbf_qp,80,6.136824090904097,10.118103999957384,1.0,0.0,0,0,0,nan,62.5,0.2022315428153485,0,0,0.014047069696928066,-0.03595293030307195,0.3549091324298844,1.6406396279355386,0.13494304193308032,vertical_sweep,26,629272caf471f89606b5dd3049b26f55990e596954231224db53f6c031c7f5d0
sew_orientation,cbf_qp,80,6.118043506506053,10.095508999711456,1.0,0.0,0,0,0,nan,62.5,0.2022315428153485,0,0,0.014047069696928066,-0.03595293030307195,0.3549091324298844,1.6406396279355386,0.13494304193308032,vertical_sweep,27,629272caf471f89606b5dd3049b26f55990e596954231224db53f6c031c7f5d0
sew_orientation,cbf_qp,80,6.099961428567263,10.051931999896624,1.0,0.0,0,0,0,nan,62.5,0.2022315428153485,0,0,0.014047069696928066,-0.03595293030307195,0.3549091324298844,1.6406396279355386,0.13494304193308032,vertical_sweep,28,629272caf471f89606b5dd3049b26f55990e596954231224db53f6c031c7f5d0
sew_orientation,cbf_qp,80,6.12743812986649,10.093941999912204,1.0,0.0,0,0,0,nan,62.5,0.2022315428153485,0,0,0.014047069696928066,-0.03595293030307195,0.3549091324298844,1.6406396279355386,0.13494304193308032,vertical_sweep,29,629272caf471f89606b5dd3049b26f55990e596954231224db53f6c031c7f5d0
sew_orientation,cbf_qp,80,9.444354688308852,10.063241999887396,1.0,0.0,0,0,0,nan,95.0,0.19964691695370335,0,0,0.014047069696928066,-0.03595293030307195,0.518752937220869,1.2820448435363487,0.1321417530045672,circle,0,42247944be5fa752a9f29712f2ed675af5ff74baede5f2e22e5f68a3c6c543d3
sew_orientation,cbf_qp,80,9.520317467536483,10.177174999626004,1.0,0.0,0,0,0,nan,95.0,0.19964691695370335,0,0,0.014047069696928066,-0.03595293030307195,0.518752937220869,1.2820448435363487,0.1321417530045672,circle,1,42247944be5fa752a9f29712f2ed675af5ff74baede5f2e22e5f68a3c6c543d3
sew_orientation,cbf_qp,80,9.482384935050835,10.151582000162307,1.0,0.0,0,0,0,nan,95.0,0.19964691695370335,0,0,0.014047069696928066,-0.03595293030307195,0.518752937220869,1.2820448435363487,0.1321417530045672,circle,2,42247944be5fa752a9f29712f2ed675af5ff74baede5f2e22e5f68a3c6c543d3
sew_orientation,cbf_qp,80,9.465804610363783,10.105595999903016,1.0,0.0,0,0,0,nan,95.0,0.19964691695370335,0,0,0.014047069696928066,-0.03595293030307195,0.518752937220869,1.2820448435363487,0.1321417530045672,circle,3,42247944be5fa752a9f29712f2ed675af5ff74baede5f2e22e5f68a3c6c543d3
sew_orientation,cbf_qp,80,9.470037571444864,10.139962000266678,1.0,0.0,0,0,0,nan,95.0,0.19964691695370335,0,0,0.014047069696928066,-0.03595293030307195,0.518752937220869,1.2820448435363487,0.1321417530045672,circle,4,42247944be5fa752a9f29712f2ed675af5ff74baede5f2e22e5f68a3c6c543d3
sew_orientation,cbf_qp,80,9.465297038987755,10.124517000349442,1.0,0.0,0,0,0,nan,95.0,0.19964691695370335,0,0,0.014047069696928066,-0.03595293030307195,0.518752937220869,1.2820448435363487,0.1321417530045672,circle,5,42247944be5fa752a9f29712f2ed675af5ff74baede5f2e22e5f68a3c6c543d3
sew_orientation,cbf_qp,80,9.486202350648478,10.151214999950753,1.0,0.0,0,0,0,nan,95.0,0.19964691695370335,0,0,0.014047069696928066,-0.03595293030307195,0.518752937220869,1.2820448435363487,0.1321417530045672,circle,6,42247944be5fa752a9f29712f2ed675af5ff74baede5f2e22e5f68a3c6c543d3
sew_orientation,cbf_qp,80,9.445328259747154,10.098936000304093,1.0,0.0,0,0,0,nan,95.0,0.19964691695370335,0,0,0.014047069696928066,-0.03595293030307195,0.518752937220869,1.2820448435363487,0.1321417530045672,circle,7,42247944be5fa752a9f29712f2ed675af5ff74baede5f2e22e5f68a3c6c543d3
sew_orientation,cbf_qp,80,9.471896155836086,10.132470999906218,1.0,0.0,0,0,0,nan,95.0,0.19964691695370335,0,0,0.014047069696928066,-0.03595293030307195,0.518752937220869,1.2820448435363487,0.1321417530045672,circle,8,42247944be5fa752a9f29712f2ed675af5ff74baede5f2e22e5f68a3c6c543d3
sew_orientation,cbf_qp,80,9.470901155810832,10.090107999985776,1.0,0.0,0,0,0,nan,95.0,0.19964691695370335,0,0,0.014047069696928066,-0.03595293030307195,0.518752937220869,1.2820448435363487,0.1321417530045672,circle,9,42247944be5fa752a9f29712f2ed675af5ff74baede5f2e22e5f68a3c6c543d3
sew_orientation,cbf_qp,80,9.449185013022248,10.08381300016481,1.0,0.0,0,0,0,nan,95.0,0.19964691695370335,0,0,0.014047069696928066,-0.03595293030307195,0.518752937220869,1.2820448435363487,0.1321417530045672,circle,10,42247944be5fa752a9f29712f2ed675af5ff74baede5f2e22e5f68a3c6c543d3
sew_orientation,cbf_qp,80,9.483169506491723,10.120602000370127,1.0,0.0,0,0,0,nan,95.0,0.19964691695370335,0,0,0.014047069696928066,-0.03595293030307195,0.518752937220869,1.2820448435363487,0.1321417530045672,circle,11,42247944be5fa752a9f29712f2ed675af5ff74baede5f2e22e5f68a3c6c543d3
sew_orientation,cbf_qp,80,9.438488454533955,10.049591999631957,1.0,0.0,0,0,0,nan,95.0,0.19964691695370335,0,0,0.014047069696928066,-0.03595293030307195,0.518752937220869,1.2820448435363487,0.1321417530045672,circle,12,42247944be5fa752a9f29712f2ed675af5ff74baede5f2e22e5f68a3c6c543d3
sew_orientation,cbf_qp,80,9.473011727278662,10.13072000023385,1.0,0.0,0,0,0,nan,95.0,0.19964691695370335,0,0,0.014047069696928066,-0.03595293030307195,0.518752937220869,1.2820448435363487,0.1321417530045672,circle,13,42247944be5fa752a9f29712f2ed675af5ff74baede5f2e22e5f68a3c6c543d3
sew_orientation,cbf_qp,80,9.441064909069963,10.052572999939002,1.0,0.0,0,0,0,nan,95.0,0.19964691695370335,0,0,0.014047069696928066,-0.03595293030307195,0.518752937220869,1.2820448435363487,0.1321417530045672,circle,14,42247944be5fa752a9f29712f2ed675af5ff74baede5f2e22e5f68a3c6c543d3
sew_orientation,cbf_qp,80,9.473245831167652,10.138298999663675,1.0,0.0,0,0,0,nan,95.0,0.19964691695370335,0,0,0.014047069696928066,-0.03595293030307195,0.518752937220869,1.2820448435363487,0.1321417530045672,circle,15,42247944be5fa752a9f29712f2ed675af5ff74baede5f2e22e5f68a3c6c543d3
sew_orientation,cbf_qp,80,9.455489155845806,10.07274999983565,1.0,0.0,0,0,0,nan,95.0,0.19964691695370335,0,0,0.014047069696928066,-0.03595293030307195,0.518752937220869,1.2820448435363487,0.1321417530045672,circle,16,42247944be5fa752a9f29712f2ed675af5ff74baede5f2e22e5f68a3c6c543d3
sew_orientation,cbf_qp,80,9.448340298663366,10.099083999648428,1.0,0.0,0,0,0,nan,95.0,0.19964691695370335,0,0,0.014047069696928066,-0.03595293030307195,0.518752937220869,1.2820448435363487,0.1321417530045672,circle,17,42247944be5fa752a9f29712f2ed675af5ff74baede5f2e22e5f68a3c6c543d3
sew_orientation,cbf_qp,80,9.490129207786996,10.16740299974117,1.0,0.0,0,0,0,nan,95.0,0.19964691695370335,0,0,0.014047069696928066,-0.03595293030307195,0.518752937220869,1.2820448435363487,0.1321417530045672,circle,18,42247944be5fa752a9f29712f2ed675af5ff74baede5f2e22e5f68a3c6c543d3
sew_orientation,cbf_qp,80,9.44758403899526,10.1058479999665,1.0,0.0,0,0,0,nan,95.0,0.19964691695370335,0,0,0.014047069696928066,-0.03595293030307195,0.518752937220869,1.2820448435363487,0.1321417530045672,circle,19,42247944be5fa752a9f29712f2ed675af5ff74baede5f2e22e5f68a3c6c543d3
sew_orientation,cbf_qp,80,9.476042727240017,10.113838000052056,1.0,0.0,0,0,0,nan,95.0,0.19964691695370335,0,0,0.014047069696928066,-0.03595293030307195,0.518752937220869,1.2820448435363487,0.1321417530045672,circle,20,42247944be5fa752a9f29712f2ed675af5ff74baede5f2e22e5f68a3c6c543d3
sew_orientation,cbf_qp,80,9.471919337698495,10.150131000045803,1.0,0.0,0,0,0,nan,95.0,0.19964691695370335,0,0,0.014047069696928066,-0.03595293030307195,0.518752937220869,1.2820448435363487,0.1321417530045672,circle,21,42247944be5fa752a9f29712f2ed675af5ff74baede5f2e22e5f68a3c6c543d3
sew_orientation,cbf_qp,80,9.43577623374713,10.069152000141912,1.0,0.0,0,0,0,nan,95.0,0.19964691695370335,0,0,0.014047069696928066,-0.03595293030307195,0.518752937220869,1.2820448435363487,0.1321417530045672,circle,22,42247944be5fa752a9f29712f2ed675af5ff74baede5f2e22e5f68a3c6c543d3
sew_orientation,cbf_qp,80,9.461508727256003,10.096354999859614,1.0,0.0,0,0,0,nan,95.0,0.19964691695370335,0,0,0.014047069696928066,-0.03595293030307195,0.518752937220869,1.2820448435363487,0.1321417530045672,circle,23,42247944be5fa752a9f29712f2ed675af5ff74baede5f2e22e5f68a3c6c543d3
sew_orientation,cbf_qp,80,9.459234051926662,10.097514999870327,1.0,0.0,0,0,0,nan,95.0,0.19964691695370335,0,0,0.014047069696928066,-0.03595293030307195,0.518752937220869,1.2820448435363487,0.1321417530045672,circle,24,42247944be5fa752a9f29712f2ed675af5ff74baede5f2e22e5f68a3c6c543d3
sew_orientation,cbf_qp,80,9.467086194815368,10.108907999892836,1.0,0.0,0,0,0,nan,95.0,0.19964691695370335,0,0,0.014047069696928066,-0.03595293030307195,0.518752937220869,1.2820448435363487,0.1321417530045672,circle,25,42247944be5fa752a9f29712f2ed675af5ff74baede5f2e22e5f68a3c6c543d3
sew_orientation,cbf_qp,80,9.466270727290219,10.121988999799214,1.0,0.0,0,0,0,nan,95.0,0.19964691695370335,0,0,0.014047069696928066,-0.03595293030307195,0.518752937220869,1.2820448435363487,0.1321417530045672,circle,26,42247944be5fa752a9f29712f2ed675af5ff74baede5f2e22e5f68a3c6c543d3
sew_orientation,cbf_qp,80,9.508687272742677,10.207920000084414,1.0,0.0,0,0,0,nan,95.0,0.19964691695370335,0,0,0.014047069696928066,-0.03595293030307195,0.518752937220869,1.2820448435363487,0.1321417530045672,circle,27,42247944be5fa752a9f29712f2ed675af5ff74baede5f2e22e5f68a3c6c543d3
sew_orientation,cbf_qp,80,9.491378142884768,10.148758000013913,1.0,0.0,0,0,0,nan,95.0,0.19964691695370335,0,0,0.014047069696928066,-0.03595293030307195,0.518752937220869,1.2820448435363487,0.1321417530045672,circle,28,42247944be5fa752a9f29712f2ed675af5ff74baede5f2e22e5f68a3c6c543d3
sew_orientation,cbf_qp,80,9.482925155804299,10.149746000024606,1.0,0.0,0,0,0,nan,95.0,0.19964691695370335,0,0,0.014047069696928066,-0.03595293030307195,0.518752937220869,1.2820448435363487,0.1321417530045672,circle,29,42247944be5fa752a9f29712f2ed675af5ff74baede5f2e22e5f68a3c6c543d3
sew_orientation,cbf_qp,80,9.05843353247847,10.111405999850831,1.0,0.0,0,0,0,nan,91.25,0.22434717288637915,0,0,0.01396204247150483,-0.03603795752849519,0.4791872925599632,1.3673038639024544,0.1729441960950557,figure_eight,0,f46a8a506ac6b057895c618ac2d52f6526ea2c9ea28c00e1f30d80f87b624740
sew_orientation,cbf_qp,80,9.092998324654396,10.095862000071065,1.0,0.0,0,0,0,nan,91.25,0.22434717288637915,0,0,0.01396204247150483,-0.03603795752849519,0.4791872925599632,1.3673038639024544,0.1729441960950557,figure_eight,1,f46a8a506ac6b057895c618ac2d52f6526ea2c9ea28c00e1f30d80f87b624740
sew_orientation,cbf_qp,80,9.082528013036667,10.107719000188808,1.0,0.0,0,0,0,nan,91.25,0.22434717288637915,0,0,0.01396204247150483,-0.03603795752849519,0.4791872925599632,1.3673038639024544,0.1729441960950557,figure_eight,2,f46a8a506ac6b057895c618ac2d52f6526ea2c9ea28c00e1f30d80f87b624740
sew_orientation,cbf_qp,80,9.080876740279257,10.128737000286492,1.0,0.0,0,0,0,nan,91.25,0.22434717288637915,0,0,0.01396204247150483,-0.03603795752849519,0.4791872925599632,1.3673038639024544,0.1729441960950557,figure_eight,3,f46a8a506ac6b057895c618ac2d52f6526ea2c9ea28c00e1f30d80f87b624740
sew_orientation,cbf_qp,80,9.119553142870966,10.13663000003362,1.0,0.0,0,0,0,nan,91.25,0.22434717288637915,0,0,0.01396204247150483,-0.03603795752849519,0.4791872925599632,1.3673038639024544,0.1729441960950557,figure_eight,4,f46a8a506ac6b057895c618ac2d52f6526ea2c9ea28c00e1f30d80f87b624740
sew_orientation,cbf_qp,80,9.105623571438676,10.127354999895033,1.0,0.0,0,0,0,nan,91.25,0.22434717288637915,0,0,0.01396204247150483,-0.03603795752849519,0.4791872925599632,1.3673038639024544,0.1729441960950557,figure_eight,5,f46a8a506ac6b057895c618ac2d52f6526ea2c9ea28c00e1f30d80f87b624740
sew_orientation,cbf_qp,80,9.12058471429238,10.152660000130709,1.0,0.0,0,0,0,nan,91.25,0.22434717288637915,0,0,0.01396204247150483,-0.03603795752849519,0.4791872925599632,1.3673038639024544,0.1729441960950557,figure_eight,6,f46a8a506ac6b057895c618ac2d52f6526ea2c9ea28c00e1f30d80f87b624740
sew_orientation,cbf_qp,80,9.090977246738806,10.1104979999036,1.0,0.0,0,0,0,nan,91.25,0.22434717288637915,0,0,0.01396204247150483,-0.03603795752849519,0.4791872925599632,1.3673038639024544,0.1729441960950557,figure_eight,7,f46a8a506ac6b057895c618ac2d52f6526ea2c9ea28c00e1f30d80f87b624740
sew_orientation,cbf_qp,80,9.067139051942583,10.05422499974884,1.0,0.0,0,0,0,nan,91.25,0.22434717288637915,0,0,0.01396204247150483,-0.03603795752849519,0.4791872925599632,1.3673038639024544,0.1729441960950557,figure_eight,8,f46a8a506ac6b057895c618ac2d52f6526ea2c9ea28c00e1f30d80f87b624740
sew_orientation,cbf_qp,80,9.077105103914347,10.1095259997237,1.0,0.0,0,0,0,nan,91.25,0.22434717288637915,0,0,0.01396204247150483,-0.03603795752849519,0.4791872925599632,1.3673038639024544,0.1729441960950557,figure_eight,9,f46a8a506ac6b057895c618ac2d52f6526ea2c9ea28c00e1f30d80f87b624740
sew_orientation,cbf_qp,80,9.132611831183247,10.213852000106272,1.0,0.0,0,0,0,nan,91.25,0.22434717288637915,0,0,0.01396204247150483,-0.03603795752849519,0.4791872925599632,1.3673038639024544,0.1729441960950557,figure_eight,10,f46a8a506ac6b057895c618ac2d52f6526ea2c9ea28c00e1f30d80f87b624740
sew_orientation,cbf_qp,80,9.076964350679663,10.084432999974524,1.0,0.0,0,0,0,nan,91.25,0.22434717288637915,0,0,0.01396204247150483,-0.03603795752849519,0.4791872925599632,1.3673038639024544,0.1729441960950557,figure_eight,11,f46a8a506ac6b057895c618ac2d52f6526ea2c9ea28c00e1f30d80f87b624740
sew_orientation,cbf_qp,80,9.088737753251275,10.13769700011835,1.0,0.0,0,0,0,nan,91.25,0.22434717288637915,0,0,0.01396204247150483,-0.03603795752849519,0.4791872925599632,1.3673038639024544,0.1729441960950557,figure_eight,12,f46a8a506ac6b057895c618ac2d52f6526ea2c9ea28c00e1f30d80f87b624740
sew_orientation,cbf_qp,80,9.041854285743437,10.024210000210587,1.0,0.0,0,0,0,nan,91.25,0.22434717288637915,0,0,0.01396204247150483,-0.03603795752849519,0.4791872925599632,1.3673038639024544,0.1729441960950557,figure_eight,13,f46a8a506ac6b057895c618ac2d52f6526ea2c9ea28c00e1f30d80f87b624740
sew_orientation,cbf_qp,80,9.074466831171103,10.064086000056705,1.0,0.0,0,0,0,nan,91.25,0.22434717288637915,0,0,0.01396204247150483,-0.03603795752849519,0.4791872925599632,1.3673038639024544,0.1729441960950557,figure_eight,14,f46a8a506ac6b057895c618ac2d52f6526ea2c9ea28c00e1f30d80f87b624740
sew_orientation,cbf_qp,80,9.041799974050724,10.046692999821971,1.0,0.0,0,0,0,nan,91.25,0.22434717288637915,0,0,0.01396204247150483,-0.03603795752849519,0.4791872925599632,1.3673038639024544,0.1729441960950557,figure_eight,15,f46a8a506ac6b057895c618ac2d52f6526ea2c9ea28c00e1f30d80f87b624740
sew_orientation,cbf_qp,80,9.075727519497637,10.064710999813542,1.0,0.0,0,0,0,nan,91.25,0.22434717288637915,0,0,0.01396204247150483,-0.03603795752849519,0.4791872925599632,1.3673038639024544,0.1729441960950557,figure_eight,16,f46a8a506ac6b057895c618ac2d52f6526ea2c9ea28c00e1f30d80f87b624740
sew_orientation,cbf_qp,80,9.113233766253291,10.140720999970654,1.0,0.0,0,0,0,nan,91.25,0.22434717288637915,0,0,0.01396204247150483,-0.03603795752849519,0.4791872925599632,1.3673038639024544,0.1729441960950557,figure_eight,17,f46a8a506ac6b057895c618ac2d52f6526ea2c9ea28c00e1f30d80f87b624740
sew_orientation,cbf_qp,80,9.030232779240306,10.079883000344125,1.0,0.0,0,0,0,nan,91.25,0.22434717288637915,0,0,0.01396204247150483,-0.03603795752849519,0.4791872925599632,1.3673038639024544,0.1729441960950557,figure_eight,18,f46a8a506ac6b057895c618ac2d52f6526ea2c9ea28c00e1f30d80f87b624740
sew_orientation,cbf_qp,80,9.10262267532673,10.12760999992679,1.0,0.0,0,0,0,nan,91.25,0.22434717288637915,0,0,0.01396204247150483,-0.03603795752849519,0.4791872925599632,1.3673038639024544,0.1729441960950557,figure_eight,19,f46a8a506ac6b057895c618ac2d52f6526ea2c9ea28c00e1f30d80f87b624740
sew_orientation,cbf_qp,80,9.037182714233825,10.044286000265856,1.0,0.0,0,0,0,nan,91.25,0.22434717288637915,0,0,0.01396204247150483,-0.03603795752849519,0.4791872925599632,1.3673038639024544,0.1729441960950557,figure_eight,20,f46a8a506ac6b057895c618ac2d52f6526ea2c9ea28c00e1f30d80f87b624740
sew_orientation,cbf_qp,80,9.085776051955241,10.116855999967811,1.0,0.0,0,0,0,nan,91.25,0.22434717288637915,0,0,0.01396204247150483,-0.03603795752849519,0.4791872925599632,1.3673038639024544,0.1729441960950557,figure_eight,21,f46a8a506ac6b057895c618ac2d52f6526ea2c9ea28c00e1f30d80f87b624740
sew_orientation,cbf_qp,80,9.06192222075404,10.108762000072602,1.0,0.0,0,0,0,nan,91.25,0.22434717288637915,0,0,0.01396204247150483,-0.03603795752849519,0.4791872925599632,1.3673038639024544,0.1729441960950557,figure_eight,22,f46a8a506ac6b057895c618ac2d52f6526ea2c9ea28c00e1f30d80f87b624740
sew_orientation,cbf_qp,80,9.089632974036096,10.104466000029788,1.0,0.0,0,0,0,nan,91.25,0.22434717288637915,0,0,0.01396204247150483,-0.03603795752849519,0.4791872925599632,1.3673038639024544,0.1729441960950557,figure_eight,23,f46a8a506ac6b057895c618ac2d52f6526ea2c9ea28c00e1f30d80f87b624740
sew_orientation,cbf_qp,80,9.012522000027168,10.013743999934377,1.0,0.0,0,0,0,nan,91.25,0.22434717288637915,0,0,0.01396204247150483,-0.03603795752849519,0.4791872925599632,1.3673038639024544,0.1729441960950557,figure_eight,24,f46a8a506ac6b057895c618ac2d52f6526ea2c9ea28c00e1f30d80f87b624740
sew_orientation,cbf_qp,80,9.147896857136296,10.216014999969047,1.0,0.0,0,0,0,nan,91.25,0.22434717288637915,0,0,0.01396204247150483,-0.03603795752849519,0.4791872925599632,1.3673038639024544,0.1729441960950557,figure_eight,25,f46a8a506ac6b057895c618ac2d52f6526ea2c9ea28c00e1f30d80f87b624740
sew_orientation,cbf_qp,80,9.042651259721437,10.038749999694119,1.0,0.0,0,0,0,nan,91.25,0.22434717288637915,0,0,0.01396204247150483,-0.03603795752849519,0.4791872925599632,1.3673038639024544,0.1729441960950557,figure_eight,26,f46a8a506ac6b057895c618ac2d52f6526ea2c9ea28c00e1f30d80f87b624740
sew_orientation,cbf_qp,80,9.046664857129594,10.069709999697807,1.0,0.0,0,0,0,nan,91.25,0.22434717288637915,0,0,0.01396204247150483,-0.03603795752849519,0.4791872925599632,1.3673038639024544,0.1729441960950557,figure_eight,27,f46a8a506ac6b057895c618ac2d52f6526ea2c9ea28c00e1f30d80f87b624740
sew_orientation,cbf_qp,80,9.053141077903954,10.040983000180859,1.0,0.0,0,0,0,nan,91.25,0.22434717288637915,0,0,0.01396204247150483,-0.03603795752849519,0.4791872925599632,1.3673038639024544,0.1729441960950557,figure_eight,28,f46a8a506ac6b057895c618ac2d52f6526ea2c9ea28c00e1f30d80f87b624740
sew_orientation,cbf_qp,80,9.121089013005276,10.159810000004654,1.0,0.0,0,0,0,nan,91.25,0.22434717288637915,0,0,0.01396204247150483,-0.03603795752849519,0.4791872925599632,1.3673038639024544,0.1729441960950557,figure_eight,29,f46a8a506ac6b057895c618ac2d52f6526ea2c9ea28c00e1f30d80f87b624740
sew_orientation,cbf_qp,80,9.959627740239998,10.048654000001989,1.0,0.0,0,0,0,nan,100.0,0.24699091921690805,0,0,0.014047069696928066,-0.03595293030307195,0.15637529870404962,1.2076814305525918,0.07782917704657434,step_input,0,855a8b16a15d313b647766e2b06d310950d80af3d587a0382fc30ec6688dbbc4
sew_orientation,cbf_qp,80,9.998421922076673,10.112349999872094,1.0,0.0,0,0,0,nan,100.0,0.24699091921690805,0,0,0.014047069696928066,-0.03595293030307195,0.15637529870404962,1.2076814305525918,0.07782917704657434,step_input,1,855a8b16a15d313b647766e2b06d310950d80af3d587a0382fc30ec6688dbbc4
sew_orientation,cbf_qp,80,9.94932792208566,10.032566000063525,1.0,0.0,0,0,0,nan,100.0,0.24699091921690805,0,0,0.014047069696928066,-0.03595293030307195,0.15637529870404962,1.2076814305525918,0.07782917704657434,step_input,2,855a8b16a15d313b647766e2b06d310950d80af3d587a0382fc30ec6688dbbc4
sew_orientation,cbf_qp,80,10.019903168847724,10.144977999971161,1.0,0.0,0,0,0,nan,100.0,0.24699091921690805,0,0,0.014047069696928066,-0.03595293030307195,0.15637529870404962,1.2076814305525918,0.07782917704657434,step_input,3,855a8b16a15d313b647766e2b06d310950d80af3d587a0382fc30ec6688dbbc4
sew_orientation,cbf_qp,80,9.966839064932115,10.162704000322265,1.0,0.0,0,0,0,nan,100.0,0.24699091921690805,0,0,0.014047069696928066,-0.03595293030307195,0.15637529870404962,1.2076814305525918,0.07782917704657434,step_input,4,855a8b16a15d313b647766e2b06d310950d80af3d587a0382fc30ec6688dbbc4
sew_orientation,cbf_qp,80,10.06428520778562,10.193434999564488,1.0,0.0,0,0,0,nan,100.0,0.24699091921690805,0,0,0.014047069696928066,-0.03595293030307195,0.15637529870404962,1.2076814305525918,0.07782917704657434,step_input,5,855a8b16a15d313b647766e2b06d310950d80af3d587a0382fc30ec6688dbbc4
sew_orientation,cbf_qp,80,9.964361168870225,10.092700999848603,1.0,0.0,0,0,0,nan,100.0,0.24699091921690805,0,0,0.014047069696928066,-0.03595293030307195,0.15637529870404962,1.2076814305525918,0.07782917704657434,step_input,6,855a8b16a15d313b647766e2b06d310950d80af3d587a0382fc30ec6688dbbc4
sew_orientation,cbf_qp,80,9.990879740232597,10.08357699993212,1.0,0.0,0,0,0,nan,100.0,0.24699091921690805,0,0,0.014047069696928066,-0.03595293030307195,0.15637529870404962,1.2076814305525918,0.07782917704657434,step_input,7,855a8b16a15d313b647766e2b06d310950d80af3d587a0382fc30ec6688dbbc4
sew_orientation,cbf_qp,80,9.967288363641982,10.079395000047953,1.0,0.0,0,0,0,nan,100.0,0.24699091921690805,0,0,0.014047069696928066,-0.03595293030307195,0.15637529870404962,1.2076814305525918,0.07782917704657434,step_input,8,855a8b16a15d313b647766e2b06d310950d80af3d587a0382fc30ec6688dbbc4
sew_orientation,cbf_qp,80,9.994088701317539,10.105908999776148,1.0,0.0,0,0,0,nan,100.0,0.24699091921690805,0,0,0.014047069696928066,-0.03595293030307195,0.15637529870404962,1.2076814305525918,0.07782917704657434,step_input,9,855a8b16a15d313b647766e2b06d310950d80af3d587a0382fc30ec6688dbbc4
sew_orientation,cbf_qp,80,9.969879909092853,10.069144000226515,1.0,0.0,0,0,0,nan,100.0,0.24699091921690805,0,0,0.014047069696928066,-0.03595293030307195,0.15637529870404962,1.2076814305525918,0.07782917704657434,step_input,10,855a8b16a15d313b647766e2b06d310950d80af3d587a0382fc30ec6688dbbc4
sew_orientation,cbf_qp,80,9.995810441511834,10.091359999933047,1.0,0.0,0,0,0,nan,100.0,0.24699091921690805,0,0,0.014047069696928066,-0.03595293030307195,0.15637529870404962,1.2076814305525918,0.07782917704657434,step_input,11,855a8b16a15d313b647766e2b06d310950d80af3d587a0382fc30ec6688dbbc4
sew_orientation,cbf_qp,80,9.959361220784581,10.059143000034965,1.0,0.0,0,0,0,nan,100.0,0.24699091921690805,0,0,0.014047069696928066,-0.03595293030307195,0.15637529870404962,1.2076814305525918,0.07782917704657434,step_input,12,855a8b16a15d313b647766e2b06d310950d80af3d587a0382fc30ec6688dbbc4
sew_orientation,cbf_qp,80,9.990199922046852,10.113816000284714,1.0,0.0,0,0,0,nan,100.0,0.24699091921690805,0,0,0.014047069696928066,-0.03595293030307195,0.15637529870404962,1.2076814305525918,0.07782917704657434,step_input,13,855a8b16a15d313b647766e2b06d310950d80af3d587a0382fc30ec6688dbbc4
sew_orientation,cbf_qp,80,10.010200532450382,10.151653000320948,1.0,0.0,0,0,0,nan,100.0,0.24699091921690805,0,0,0.014047069696928066,-0.03595293030307195,0.15637529870404962,1.2076814305525918,0.07782917704657434,step_input,14,855a8b16a15d313b647766e2b06d310950d80af3d587a0382fc30ec6688dbbc4
sew_orientation,cbf_qp,80,9.975068116918093,10.13901199985412,1.0,0.0,0,0,0,nan,100.0,0.24699091921690805,0,0,0.014047069696928066,-0.03595293030307195,0.15637529870404962,1.2076814305525918,0.07782917704657434,step_input,15,855a8b16a15d313b647766e2b06d310950d80af3d587a0382fc30ec6688dbbc4
sew_orientation,cbf_qp,80,9.991982207799532,10.138386000107857,1.0,0.0,0,0,0,nan,100.0,0.24699091921690805,0,0,0.014047069696928066,-0.03595293030307195,0.15637529870404962,1.2076814305525918,0.07782917704657434,step_input,16,855a8b16a15d313b647766e2b06d310950d80af3d587a0382fc30ec6688dbbc4
sew_orientation,cbf_qp,80,10.00712631170623,10.089678999975149,1.0,0.0,0,0,0,nan,100.0,0.24699091921690805,0,0,0.014047069696928066,-0.03595293030307195,0.15637529870404962,1.2076814305525918,0.07782917704657434,step_input,17,855a8b16a15d313b647766e2b06d310950d80af3d587a0382fc30ec6688dbbc4
sew_orientation,cbf_qp,80,9.977885766242158,10.101233000114007,1.0,0.0,0,0,0,nan,100.0,0.24699091921690805,0,0,0.014047069696928066,-0.03595293030307195,0.15637529870404962,1.2076814305525918,0.07782917704657434,step_input,18,855a8b16a15d313b647766e2b06d310950d80af3d587a0382fc30ec6688dbbc4
sew_orientation,cbf_qp,80,10.031486558457434,10.164038999846525,1.0,0.0,0,0,0,nan,100.0,0.24699091921690805,0,0,0.014047069696928066,-0.03595293030307195,0.15637529870404962,1.2076814305525918,0.07782917704657434,step_input,19,855a8b16a15d313b647766e2b06d310950d80af3d587a0382fc30ec6688dbbc4
sew_orientation,cbf_qp,80,9.979657142865745,10.103825999976834,1.0,0.0,0,0,0,nan,100.0,0.24699091921690805,0,0,0.014047069696928066,-0.03595293030307195,0.15637529870404962,1.2076814305525918,0.07782917704657434,step_input,20,855a8b16a15d313b647766e2b06d310950d80af3d587a0382fc30ec6688dbbc4
sew_orientation,cbf_qp,80,9.978893584425881,10.135760000139271,1.0,0.0,0,0,0,nan,100.0,0.24699091921690805,0,0,0.014047069696928066,-0.03595293030307195,0.15637529870404962,1.2076814305525918,0.07782917704657434,step_input,21,855a8b16a15d313b647766e2b06d310950d80af3d587a0382fc30ec6688dbbc4
sew_orientation,cbf_qp,80,9.966550740299882,10.093414000039047,1.0,0.0,0,0,0,nan,100.0,0.24699091921690805,0,0,0.014047069696928066,-0.03595293030307195,0.15637529870404962,1.2076814305525918,0.07782917704657434,step_input,22,855a8b16a15d313b647766e2b06d310950d80af3d587a0382fc30ec6688dbbc4
sew_orientation,cbf_qp,80,9.9930203506568,10.0902720000704,1.0,0.0,0,0,0,nan,100.0,0.24699091921690805,0,0,0.014047069696928066,-0.03595293030307195,0.15637529870404962,1.2076814305525918,0.07782917704657434,step_input,23,855a8b16a15d313b647766e2b06d310950d80af3d587a0382fc30ec6688dbbc4
sew_orientation,cbf_qp,80,9.978786493556745,10.069423999993887,1.0,0.0,0,0,0,nan,100.0,0.24699091921690805,0,0,0.014047069696928066,-0.03595293030307195,0.15637529870404962,1.2076814305525918,0.07782917704657434,step_input,24,855a8b16a15d313b647766e2b06d310950d80af3d587a0382fc30ec6688dbbc4
sew_orientation,cbf_qp,80,9.99608470129278,10.130778000075225,1.0,0.0,0,0,0,nan,100.0,0.24699091921690805,0,0,0.014047069696928066,-0.03595293030307195,0.15637529870404962,1.2076814305525918,0.07782917704657434,step_input,25,855a8b16a15d313b647766e2b06d310950d80af3d587a0382fc30ec6688dbbc4
sew_orientation,cbf_qp,80,9.976007168827525,10.12388400022246,1.0,0.0,0,0,0,nan,100.0,0.24699091921690805,0,0,0.014047069696928066,-0.03595293030307195,0.15637529870404962,1.2076814305525918,0.07782917704657434,step_input,26,855a8b16a15d313b647766e2b06d310950d80af3d587a0382fc30ec6688dbbc4
sew_orientation,cbf_qp,80,9.972702051964479,10.106133000135742,1.0,0.0,0,0,0,nan,100.0,0.24699091921690805,0,0,0.014047069696928066,-0.03595293030307195,0.15637529870404962,1.2076814305525918,0.07782917704657434,step_input,27,855a8b16a15d313b647766e2b06d310950d80af3d587a0382fc30ec6688dbbc4
sew_orientation,cbf_qp,80,9.967037597402555,10.062581000056525,1.0,0.0,0,0,0,nan,100.0,0.24699091921690805,0,0,0.014047069696928066,-0.03595293030307195,0.15637529870404962,1.2076814305525918,0.07782917704657434,step_input,28,855a8b16a15d313b647766e2b06d310950d80af3d587a0382fc30ec6688dbbc4
sew_orientation,cbf_qp,80,9.99103262336859,10.092868999890925,1.0,0.0,0,0,0,nan,100.0,0.24699091921690805,0,0,0.014047069696928066,-0.03595293030307195,0.15637529870404962,1.2076814305525918,0.07782917704657434,step_input,29,855a8b16a15d313b647766e2b06d310950d80af3d587a0382fc30ec6688dbbc4
sew_orientation,cbf_qp,80,9.966616168787676,10.051691000171559,1.0,0.0,0,0,0,nan,100.0,0.1404361264148766,0,0,0.014047069696928066,-0.03595293030307195,0.15857644585599937,1.9173699781061284,0.058435076682344975,near_full_extension,0,177fe34873a4cd7ca53447db16ed25ec8655a8064a4353e6497ca8ff44bc862d
sew_orientation,cbf_qp,80,9.981182402592728,10.07656899992071,1.0,0.0,0,0,0,nan,100.0,0.1404361264148766,0,0,0.014047069696928066,-0.03595293030307195,0.15857644585599937,1.9173699781061284,0.058435076682344975,near_full_extension,1,177fe34873a4cd7ca53447db16ed25ec8655a8064a4353e6497ca8ff44bc862d
sew_orientation,cbf_qp,80,9.97246267531539,10.062832999665261,1.0,0.0,0,0,0,nan,100.0,0.1404361264148766,0,0,0.014047069696928066,-0.03595293030307195,0.15857644585599937,1.9173699781061284,0.058435076682344975,near_full_extension,2,177fe34873a4cd7ca53447db16ed25ec8655a8064a4353e6497ca8ff44bc862d
sew_orientation,cbf_qp,80,9.983118441596162,10.073015000216401,1.0,0.0,0,0,0,nan,100.0,0.1404361264148766,0,0,0.014047069696928066,-0.03595293030307195,0.15857644585599937,1.9173699781061284,0.058435076682344975,near_full_extension,3,177fe34873a4cd7ca53447db16ed25ec8655a8064a4353e6497ca8ff44bc862d
sew_orientation,cbf_qp,80,9.972585870122934,10.064277999845217,1.0,0.0,0,0,0,nan,100.0,0.1404361264148766,0,0,0.014047069696928066,-0.03595293030307195,0.15857644585599937,1.9173699781061284,0.058435076682344975,near_full_extension,4,177fe34873a4cd7ca53447db16ed25ec8655a8064a4353e6497ca8ff44bc862d
sew_orientation,cbf_qp,80,9.97100671425373,10.099574999912875,1.0,0.0,0,0,0,nan,100.0,0.1404361264148766,0,0,0.014047069696928066,-0.03595293030307195,0.15857644585599937,1.9173699781061284,0.058435076682344975,near_full_extension,5,177fe34873a4cd7ca53447db16ed25ec8655a8064a4353e6497ca8ff44bc862d
sew_orientation,cbf_qp,80,9.963687051958324,10.079698000026838,1.0,0.0,0,0,0,nan,100.0,0.1404361264148766,0,0,0.014047069696928066,-0.03595293030307195,0.15857644585599937,1.9173699781061284,0.058435076682344975,near_full_extension,6,177fe34873a4cd7ca53447db16ed25ec8655a8064a4353e6497ca8ff44bc862d
sew_orientation,cbf_qp,80,9.985742415612147,10.103853000146046,1.0,0.0,0,0,0,nan,100.0,0.1404361264148766,0,0,0.014047069696928066,-0.03595293030307195,0.15857644585599937,1.9173699781061284,0.058435076682344975,near_full_extension,7,177fe34873a4cd7ca53447db16ed25ec8655a8064a4353e6497ca8ff44bc862d
sew_orientation,cbf_qp,80,9.956563662340217,10.05305699982273,1.0,0.0,0,0,0,nan,100.0,0.1404361264148766,0,0,0.014047069696928066,-0.03595293030307195,0.15857644585599937,1.9173699781061284,0.058435076682344975,near_full_extension,8,177fe34873a4cd7ca53447db16ed25ec8655a8064a4353e6497ca8ff44bc862d
sew_orientation,cbf_qp,80,9.976399714288435,10.076243000185059,1.0,0.0,0,0,0,nan,100.0,0.1404361264148766,0,0,0.014047069696928066,-0.03595293030307195,0.15857644585599937,1.9173699781061284,0.058435076682344975,near_full_extension,9,177fe34873a4cd7ca53447db16ed25ec8655a8064a4353e6497ca8ff44bc862d
sew_orientation,cbf_qp,80,9.97756340258955,10.097372000018368,1.0,0.0,0,0,0,nan,100.0,0.1404361264148766,0,0,0.014047069696928066,-0.03595293030307195,0.15857644585599937,1.9173699781061284,0.058435076682344975,near_full_extension,10,177fe34873a4cd7ca53447db16ed25ec8655a8064a4353e6497ca8ff44bc862d
sew_orientation,cbf_qp,80,9.977321675321875,10.08460200000627,1.0,0.0,0,0,0,nan,100.0,0.1404361264148766,0,0,0.014047069696928066,-0.03595293030307195,0.15857644585599937,1.9173699781061284,0.058435076682344975,near_full_extension,11,177fe34873a4cd7ca53447db16ed25ec8655a8064a4353e6497ca8ff44bc862d
sew_orientation,cbf_qp,80,9.972069766227868,10.082956000132981,1.0,0.0,0,0,0,nan,100.0,0.1404361264148766,0,0,0.014047069696928066,-0.03595293030307195,0.15857644585599937,1.9173699781061284,0.058435076682344975,near_full_extension,12,177fe34873a4cd7ca53447db16ed25ec8655a8064a4353e6497ca8ff44bc862d
sew_orientation,cbf_qp,80,9.963269389614156,10.066411000025255,1.0,0.0,0,0,0,nan,100.0,0.1404361264148766,0,0,0.014047069696928066,-0.03595293030307195,0.15857644585599937,1.9173699781061284,0.058435076682344975,near_full_extension,13,177fe34873a4cd7ca53447db16ed25ec8655a8064a4353e6497ca8ff44bc862d
sew_orientation,cbf_qp,80,9.993878649323038,10.136759000033635,1.0,0.0,0,0,0,nan,100.0,0.1404361264148766,0,0,0.014047069696928066,-0.03595293030307195,0.15857644585599937,1.9173699781061284,0.058435076682344975,near_full_extension,14,177fe34873a4cd7ca53447db16ed25ec8655a8064a4353e6497ca8ff44bc862d
sew_orientation,cbf_qp,80,9.978186974020392,10.098927999933949,1.0,0.0,0,0,0,nan,100.0,0.1404361264148766,0,0,0.014047069696928066,-0.03595293030307195,0.15857644585599937,1.9173699781061284,0.058435076682344975,near_full_extension,15,177fe34873a4cd7ca53447db16ed25ec8655a8064a4353e6497ca8ff44bc862d
sew_orientation,cbf_qp,80,9.995208402633816,10.100744000283157,1.0,0.0,0,0,0,nan,100.0,0.1404361264148766,0,0,0.014047069696928066,-0.03595293030307195,0.15857644585599937,1.9173699781061284,0.058435076682344975,near_full_extension,16,177fe34873a4cd7ca53447db16ed25ec8655a8064a4353e6497ca8ff44bc862d
sew_orientation,cbf_qp,80,9.969646168830476,10.082602999773371,1.0,0.0,0,0,0,nan,100.0,0.1404361264148766,0,0,0.014047069696928066,-0.03595293030307195,0.15857644585599937,1.9173699781061284,0.058435076682344975,near_full_extension,17,177fe34873a4cd7ca53447db16ed25ec8655a8064a4353e6497ca8ff44bc862d
sew_orientation,cbf_qp,80,9.979653961010342,10.10411400011435,1.0,0.0,0,0,0,nan,100.0,0.1404361264148766,0,0,0.014047069696928066,-0.03595293030307195,0.15857644585599937,1.9173699781061284,0.058435076682344975,near_full_extension,18,177fe34873a4cd7ca53447db16ed25ec8655a8064a4353e6497ca8ff44bc862d
sew_orientation,cbf_qp,80,9.973050701319153,10.10464699993463,1.0,0.0,0,0,0,nan,100.0,0.1404361264148766,0,0,0.014047069696928066,-0.03595293030307195,0.15857644585599937,1.9173699781061284,0.058435076682344975,near_full_extension,19,177fe34873a4cd7ca53447db16ed25ec8655a8064a4353e6497ca8ff44bc862d
sew_orientation,cbf_qp,80,9.986808636360317,10.122319999936735,1.0,0.0,0,0,0,nan,100.0,0.1404361264148766,0,0,0.014047069696928066,-0.03595293030307195,0.15857644585599937,1.9173699781061284,0.058435076682344975,near_full_extension,20,177fe34873a4cd7ca53447db16ed25ec8655a8064a4353e6497ca8ff44bc862d
sew_orientation,cbf_qp,80,9.974101181844114,10.082545999921422,1.0,0.0,0,0,0,nan,100.0,0.1404361264148766,0,0,0.014047069696928066,-0.03595293030307195,0.15857644585599937,1.9173699781061284,0.058435076682344975,near_full_extension,21,177fe34873a4cd7ca53447db16ed25ec8655a8064a4353e6497ca8ff44bc862d
sew_orientation,cbf_qp,80,9.98968475329542,10.100685999987036,1.0,0.0,0,0,0,nan,100.0,0.1404361264148766,0,0,0.014047069696928066,-0.03595293030307195,0.15857644585599937,1.9173699781061284,0.058435076682344975,near_full_extension,22,177fe34873a4cd7ca53447db16ed25ec8655a8064a4353e6497ca8ff44bc862d
sew_orientation,cbf_qp,80,9.977364155840949,10.080491999815422,1.0,0.0,0,0,0,nan,100.0,0.1404361264148766,0,0,0.014047069696928066,-0.03595293030307195,0.15857644585599937,1.9173699781061284,0.058435076682344975,near_full_extension,23,177fe34873a4cd7ca53447db16ed25ec8655a8064a4353e6497ca8ff44bc862d
sew_orientation,cbf_qp,80,9.988934233790912,10.11088200039012,1.0,0.0,0,0,0,nan,100.0,0.1404361264148766,0,0,0.014047069696928066,-0.03595293030307195,0.15857644585599937,1.9173699781061284,0.058435076682344975,near_full_extension,24,177fe34873a4cd7ca53447db16ed25ec8655a8064a4353e6497ca8ff44bc862d
sew_orientation,cbf_qp,80,10.000138389628987,10.129757999948197,1.0,0.0,0,0,0,nan,100.0,0.1404361264148766,0,0,0.014047069696928066,-0.03595293030307195,0.15857644585599937,1.9173699781061284,0.058435076682344975,near_full_extension,25,177fe34873a4cd7ca53447db16ed25ec8655a8064a4353e6497ca8ff44bc862d
sew_orientation,cbf_qp,80,10.067757324672035,10.266317999594321,1.0,0.0,0,0,0,nan,100.0,0.1404361264148766,0,0,0.014047069696928066,-0.03595293030307195,0.15857644585599937,1.9173699781061284,0.058435076682344975,near_full_extension,26,177fe34873a4cd7ca53447db16ed25ec8655a8064a4353e6497ca8ff44bc862d
sew_orientation,cbf_qp,80,9.999709467486461,10.117551000348612,1.0,0.0,0,0,0,nan,100.0,0.1404361264148766,0,0,0.014047069696928066,-0.03595293030307195,0.15857644585599937,1.9173699781061284,0.058435076682344975,near_full_extension,27,177fe34873a4cd7ca53447db16ed25ec8655a8064a4353e6497ca8ff44bc862d
sew_orientation,cbf_qp,80,10.007599999992978,10.126740000032441,1.0,0.0,0,0,0,nan,100.0,0.1404361264148766,0,0,0.014047069696928066,-0.03595293030307195,0.15857644585599937,1.9173699781061284,0.058435076682344975,near_full_extension,28,177fe34873a4cd7ca53447db16ed25ec8655a8064a4353e6497ca8ff44bc862d
sew_orientation,cbf_qp,80,10.015561467558395,10.130983999715681,1.0,0.0,0,0,0,nan,100.0,0.1404361264148766,0,0,0.014047069696928066,-0.03595293030307195,0.15857644585599937,1.9173699781061284,0.058435076682344975,near_full_extension,29,177fe34873a4cd7ca53447db16ed25ec8655a8064a4353e6497ca8ff44bc862d
sew_orientation,cbf_qp,80,10.00402359736713,10.151391000363219,1.0,0.0,0,0,0,nan,100.0,0.2506872095079645,0,0,0.014047069696928066,-0.03595293030307195,0.478952395248096,1.5696914959481454,1.635482320969746,noisy_landmarks,0,0b1801dd333eaa2e0222bbff2a42050db5d9802ac8fbdb0a933f97a80fe7d463
sew_orientation,cbf_qp,80,9.97603464936349,10.082645999773376,1.0,0.0,0,0,0,nan,100.0,0.24903208759346834,0,0,0.014047069696928066,-0.03595293030307195,0.49455408094594633,1.6625637124969945,1.592689817720274,noisy_landmarks,1,b6b5f0efbff88d14838f03ddb414b1c337ca1e6f8543ed372ac2154426b9097b
sew_orientation,cbf_qp,80,9.97502138962572,10.080869999910647,1.0,0.0,0,0,0,nan,100.0,0.2493867361801002,0,0,0.014047069696928066,-0.03595293030307195,0.4941573717315892,1.55010910171328,1.5616162130650675,noisy_landmarks,2,b106f71dd6d09077a890be92f76df04498f4367e1e6f9a2a35ab3d1fc91c59e3
sew_orientation,cbf_qp,80,10.004246584425605,10.159427999951731,1.0,0.0,0,0,0,nan,100.0,0.24583940126788195,0,0,0.014047069696928066,-0.03595293030307195,0.4835566846237395,1.5332858185722007,1.6947495776722346,noisy_landmarks,3,991dbf6707c0bf118aad1cbe68d0f6e409b93d5cd717fd12b68efe74741f9fb1
sew_orientation,cbf_qp,80,9.98564606493051,10.125092000180302,1.0,0.0,0,0,0,nan,100.0,0.24950284911231227,0,0,0.014047069696928066,-0.03595293030307195,0.4963218872791558,1.5813215655444564,1.622415394567618,noisy_landmarks,4,90cb0fe769646be8b423e3cacad031e943be326bf5b5bce75423b70541955077
sew_orientation,cbf_qp,80,9.979881792220679,10.113489000104892,1.0,0.0,0,0,0,nan,100.0,0.25262422662717615,0,0,0.014047069696928066,-0.03595293030307195,0.5150468867832814,1.5774490448436702,1.6459533806751812,noisy_landmarks,5,683ef20f5e6f7e0d15adbba258bd10c0943806910a3205da1b7b05a10dcd57e4
sew_orientation,cbf_qp,80,9.952273207793702,10.070608000205539,1.0,0.0,0,0,0,nan,100.0,0.2516389232405064,0,0,0.014047069696928066,-0.03595293030307195,0.5258299090160677,1.6071343426088471,1.6915195155593352,noisy_landmarks,6,ea17465413cc03b506640dbf31f1f6e008b7eabb93023799785c9acdb9a6f5e2
sew_orientation,cbf_qp,80,9.989536454556058,10.091519000070548,1.0,0.0,0,0,0,nan,100.0,0.24833595716974052,0,0,0.014047069696928066,-0.03595293030307195,0.47763489516661395,1.594726810110454,1.6614231246449038,noisy_landmarks,7,0d8ef2a4f181451e40dd20c81a6b1715c2805e9f961affec2d52b7ae318b0683
sew_orientation,cbf_qp,80,10.024473740250196,10.165455999867845,1.0,0.0,0,0,0,nan,100.0,0.25023152340709276,0,0,0.014047069696928066,-0.03595293030307195,0.48856420573202847,1.5726114105453655,1.7147092221802391,noisy_landmarks,8,04cc3e69e32157a349cb7b289a221f7fd7d5b08800be38a8d00d16c6f17ed919
sew_orientation,cbf_qp,80,10.061820727248953,10.230989000319823,1.0,0.0,0,0,0,nan,100.0,0.249020894154174,0,0,0.014047069696928066,-0.03595293030307195,0.5091070770517474,1.607878605171789,1.6774067918091198,noisy_landmarks,9,9cf3c03d12cb0ea13ba18184595a89bcb1bb23aec6905597c91f4de38626a72d
sew_orientation,cbf_qp,80,9.958054454568515,10.051602999737952,1.0,0.0,0,0,0,nan,100.0,0.24752055691122146,0,0,0.014047069696928066,-0.03595293030307195,0.47104557021888604,1.548587215469378,1.8561208706782921,noisy_landmarks,10,457b096c66a8ba4b5755ec557acc83f1070433478d46eba08051551577a7cde1
sew_orientation,cbf_qp,80,9.964992363626601,10.052191999875504,1.0,0.0,0,0,0,nan,100.0,0.24970205450369845,0,0,0.014047069696928066,-0.03595293030307195,0.5130321943492306,1.5900986604752936,1.6195841141360587,noisy_landmarks,11,dc1db64978f8ad4d6a243a238929af154d90e0ef98e0b57255b07b126b71312c
sew_orientation,cbf_qp,80,9.980137701298297,10.092648999943776,1.0,0.0,0,0,0,nan,100.0,0.2531958372737564,0,0,0.014047069696928066,-0.03595293030307195,0.4910446591869568,1.566879701852387,1.7222801117770483,noisy_landmarks,12,956f4698bb574b1e5fb8e6a4c5a77495c53ae19adaa93601b611e34573f29ff7
sew_orientation,cbf_qp,80,9.972020714213885,10.079738000058569,1.0,0.0,0,0,0,nan,100.0,0.25028342759483163,0,0,0.014047069696928066,-0.03595293030307195,0.523197747812727,1.6487707510038183,1.7075152103705193,noisy_landmarks,13,cff7be95774a75649ca4ec8c0ed6f1b39af9c5acf41b64b8c2c6020b857052f7
sew_orientation,cbf_qp,80,9.95544716881766,10.050606000277185,1.0,0.0,0,0,0,nan,100.0,0.24917035911998556,0,0,0.014047069696928066,-0.03595293030307195,0.49384015898654965,1.546163391609218,1.6514961463249676,noisy_landmarks,14,1875cc3a35ffa49e7f67c72221e03d9828e898ecff381f39599c8e79604d77bd
sew_orientation,cbf_qp,80,9.955434181788464,10.071190999951796,1.0,0.0,0,0,0,nan,100.0,0.24933672788363467,0,0,0.014047069696928066,-0.03595293030307195,0.5023382007760526,1.597065452250492,1.7642464429677072,noisy_landmarks,15,f907c040862a0cee9f62a05e56345b08595f81f6acbfd08e5c60d6f3a0290383
sew_orientation,cbf_qp,80,9.972404389615107,10.082056000101147,1.0,0.0,0,0,0,nan,100.0,0.25023068256591574,0,0,0.014047069696928066,-0.03595293030307195,0.5078978963402478,1.632449575194577,1.792320893629539,noisy_landmarks,16,faa85044eba39c21e475cd572a3109c8e6071adc161e89ee0f817dad5e6a2d8f
sew_orientation,cbf_qp,80,10.000089649323641,10.110464999797841,1.0,0.0,0,0,0,nan,100.0,0.24954333475142135,0,0,0.014047069696928066,-0.03595293030307195,0.495589265100168,1.6185496010607547,1.7222003118329368,noisy_landmarks,17,603e91c6d5ff109b053b2fb125c5dba910a56d692574b19574096a2e0bfe519a
sew_orientation,cbf_qp,80,10.000923974022552,10.09976099976484,1.0,0.0,0,0,0,nan,100.0,0.24971036679985878,0,0,0.014047069696928066,-0.03595293030307195,0.47134237409507757,1.5826504071698433,1.4849546505248705,noisy_landmarks,18,41db5416f9fadc2d97b2e7a13d9323d9bebfdc6d7f5d5f30c9a04411c69e47ed
sew_orientation,cbf_qp,80,9.967014662338029,10.10577499982901,1.0,0.0,0,0,0,nan,100.0,0.25145832056496736,0,0,0.014047069696928066,-0.03595293030307195,0.4858724111167376,1.5662471028218272,1.5779050948312712,noisy_landmarks,19,e59bbb2608cc5b19d8521657435c2ef400919a78aa520821489c573ee67e66e1
sew_orientation,cbf_qp,80,9.962573701241952,10.068106999824522,1.0,0.0,0,0,0,nan,100.0,0.25136746011519734,0,0,0.014047069696928066,-0.03595293030307195,0.4968625766541719,1.5853550169202222,1.6590670133412135,noisy_landmarks,20,85799f38999c1cf86e8c7e6a1b6b08f737d1be4ccfcb3a237e9344c846b12dfc
sew_orientation,cbf_qp,80,9.976503337632245,10.079167000185407,1.0,0.0,0,0,0,nan,100.0,0.2504848159148449,0,0,0.014047069696928066,-0.03595293030307195,0.5042938430532977,1.6256540708993867,1.7665766041866915,noisy_landmarks,21,8fd9586b88b81ecacdceb0ec7328d57e9c0c05ff8916f15b074b474c62720211
sew_orientation,cbf_qp,80,10.003601532454402,10.107186999903206,1.0,0.0,0,0,0,nan,100.0,0.24985814715561105,0,0,0.014047069696928066,-0.03595293030307195,0.5096119909161303,1.567968922259449,1.6021547299424383,noisy_landmarks,22,644bf9982a7d1662d713e2a02b51f33cb76a4559cab3cead8cb9a92b1a6da72a
sew_orientation,cbf_qp,80,9.948137389605487,10.079758999836486,1.0,0.0,0,0,0,nan,100.0,0.25002067547046997,0,0,0.014047069696928066,-0.03595293030307195,0.486047545069818,1.5808130110130718,1.5880233454763124,noisy_landmarks,23,a4639d7d4f55368d41cc7be8b2a926c3dc38fbfa058017c279bdc5dffca14612
sew_orientation,cbf_qp,80,9.952505376667752,10.062660000130563,1.0,0.0,0,0,0,nan,100.0,0.2499368075214374,0,0,0.014047069696928066,-0.03595293030307195,0.5003079682704953,1.5673191703633156,1.6440148572171163,noisy_landmarks,24,ee46b1a91c03dc09c8aac096313ffe1ca4da12f232131e3cdfa3bf28cb427f6f
sew_orientation,cbf_qp,80,9.976565415565181,10.096748999785632,1.0,0.0,0,0,0,nan,100.0,0.2503450194024035,0,0,0.014047069696928066,-0.03595293030307195,0.5029183812214091,1.613326415187505,1.726810906807257,noisy_landmarks,25,be2eb6efa975c02de92a1b2cdc25b6a9d42c13da8781e1c07520fe30dd50ee38
sew_orientation,cbf_qp,80,9.981531961028697,10.08341599981577,1.0,0.0,0,0,0,nan,100.0,0.25038159716304037,0,0,0.014047069696928066,-0.03595293030307195,0.48530788954754234,1.5741305027200148,1.6877160171451573,noisy_landmarks,26,16d52b31f8cfa4a803224e989633930bb23300f6c257605b30f37469e7f57c64
sew_orientation,cbf_qp,80,9.940948805227913,10.074006000195368,1.0,0.0,0,0,0,nan,100.0,0.25017779531537687,0,0,0.014047069696928066,-0.03595293030307195,0.4603570855361732,1.5824119885044579,1.5203066512065282,noisy_landmarks,27,43360f8dd87c7861013a0aa0353d23fedb9e703b2f1d2de03a9e810ce0563651
sew_orientation,cbf_qp,80,9.97386328566932,10.079516999667248,1.0,0.0,0,0,0,nan,100.0,0.2463733059515014,0,0,0.014047069696928066,-0.03595293030307195,0.49033952107197554,1.5438176866901316,1.7227957389159623,noisy_landmarks,28,7ff4c020357a5d17a61d043804322379b7515311e638c4a40bb9e003d80adb31
sew_orientation,cbf_qp,80,9.988685246777072,10.115941000094608,1.0,0.0,0,0,0,nan,100.0,0.2505730288904932,0,0,0.014047069696928066,-0.03595293030307195,0.4832228221666813,1.5776030814164634,1.6506125915334016,noisy_landmarks,29,7541952faca5cf6a63116967f49bb1d58a62d62049dbf3e53fd081c59d961ceb
sew_orientation,cbf_qp,80,10.026766629020893,10.158715000216034,0.8125,0.1875,5,15,6,1.3,81.25,0.24870564320106447,0,0,0.014047069696928066,-0.03595293030307195,0.19030340544270546,1.5397875532749772,0.15264492070480723,one_second_dropout,0,8e7959c13081999952272b70cb77757eb6b69cb338ba5e006927d3c63a458683
sew_orientation,cbf_qp,80,9.995013758050904,10.090213999774278,0.8125,0.1875,5,15,6,1.3,81.25,0.24870564320106447,0,0,0.014047069696928066,-0.03595293030307195,0.19030340544270546,1.5397875532749772,0.15264492070480723,one_second_dropout,1,8e7959c13081999952272b70cb77757eb6b69cb338ba5e006927d3c63a458683
sew_orientation,cbf_qp,80,10.02966791931994,10.13824800020302,0.8125,0.1875,5,15,6,1.3,81.25,0.24870564320106447,0,0,0.014047069696928066,-0.03595293030307195,0.19030340544270546,1.5397875532749772,0.15264492070480723,one_second_dropout,2,8e7959c13081999952272b70cb77757eb6b69cb338ba5e006927d3c63a458683
sew_orientation,cbf_qp,80,10.032236387059452,10.218533000170282,0.8125,0.1875,5,15,6,1.3,81.25,0.24870564320106447,0,0,0.014047069696928066,-0.03595293030307195,0.19030340544270546,1.5397875532749772,0.15264492070480723,one_second_dropout,3,8e7959c13081999952272b70cb77757eb6b69cb338ba5e006927d3c63a458683
sew_orientation,cbf_qp,80,10.04385875805911,10.169659999974101,0.8125,0.1875,5,15,6,1.3,81.25,0.24870564320106447,0,0,0.014047069696928066,-0.03595293030307195,0.19030340544270546,1.5397875532749772,0.15264492070480723,one_second_dropout,4,8e7959c13081999952272b70cb77757eb6b69cb338ba5e006927d3c63a458683
sew_orientation,cbf_qp,80,9.991593161276473,10.118572999999742,0.8125,0.1875,5,15,6,1.3,81.25,0.24870564320106447,0,0,0.014047069696928066,-0.03595293030307195,0.19030340544270546,1.5397875532749772,0.15264492070480723,one_second_dropout,5,8e7959c13081999952272b70cb77757eb6b69cb338ba5e006927d3c63a458683
sew_orientation,cbf_qp,80,10.00722188708888,10.098662000018521,0.8125,0.1875,5,15,6,1.3,81.25,0.24870564320106447,0,0,0.014047069696928066,-0.03595293030307195,0.19030340544270546,1.5397875532749772,0.15264492070480723,one_second_dropout,6,8e7959c13081999952272b70cb77757eb6b69cb338ba5e006927d3c63a458683
sew_orientation,cbf_qp,80,9.990724209692123,10.106328999881953,0.8125,0.1875,5,15,6,1.3,81.25,0.24870564320106447,0,0,0.014047069696928066,-0.03595293030307195,0.19030340544270546,1.5397875532749772,0.15264492070480723,one_second_dropout,7,8e7959c13081999952272b70cb77757eb6b69cb338ba5e006927d3c63a458683
sew_orientation,cbf_qp,80,10.039709290301671,10.156690999792772,0.8125,0.1875,5,15,6,1.3,81.25,0.24870564320106447,0,0,0.014047069696928066,-0.03595293030307195,0.19030340544270546,1.5397875532749772,0.15264492070480723,one_second_dropout,8,8e7959c13081999952272b70cb77757eb6b69cb338ba5e006927d3c63a458683
sew_orientation,cbf_qp,80,9.968597016136153,10.081496000111656,0.8125,0.1875,5,15,6,1.3,81.25,0.24870564320106447,0,0,0.014047069696928066,-0.03595293030307195,0.19030340544270546,1.5397875532749772,0.15264492070480723,one_second_dropout,9,8e7959c13081999952272b70cb77757eb6b69cb338ba5e006927d3c63a458683
sew_orientation,cbf_qp,80,10.042679016130991,10.206924000158324,0.8125,0.1875,5,15,6,1.3,81.25,0.24870564320106447,0,0,0.014047069696928066,-0.03595293030307195,0.19030340544270546,1.5397875532749772,0.15264492070480723,one_second_dropout,10,8e7959c13081999952272b70cb77757eb6b69cb338ba5e006927d3c63a458683
sew_orientation,cbf_qp,80,9.983346741914682,10.120983999968303,0.8125,0.1875,5,15,6,1.3,81.25,0.24870564320106447,0,0,0.014047069696928066,-0.03595293030307195,0.19030340544270546,1.5397875532749772,0.15264492070480723,one_second_dropout,11,8e7959c13081999952272b70cb77757eb6b69cb338ba5e006927d3c63a458683
sew_orientation,cbf_qp,80,10.029186225775417,10.153658000035648,0.8125,0.1875,5,15,6,1.3,81.25,0.24870564320106447,0,0,0.014047069696928066,-0.03595293030307195,0.19030340544270546,1.5397875532749772,0.15264492070480723,one_second_dropout,12,8e7959c13081999952272b70cb77757eb6b69cb338ba5e006927d3c63a458683
sew_orientation,cbf_qp,80,9.985121338735143,10.116874000232201,0.8125,0.1875,5,15,6,1.3,81.25,0.24870564320106447,0,0,0.014047069696928066,-0.03595293030307195,0.19030340544270546,1.5397875532749772,0.15264492070480723,one_second_dropout,13,8e7959c13081999952272b70cb77757eb6b69cb338ba5e006927d3c63a458683
sew_orientation,cbf_qp,80,10.019871564545904,10.141723000288039,0.8125,0.1875,5,15,6,1.3,81.25,0.24870564320106447,0,0,0.014047069696928066,-0.03595293030307195,0.19030340544270546,1.5397875532749772,0.15264492070480723,one_second_dropout,14,8e7959c13081999952272b70cb77757eb6b69cb338ba5e006927d3c63a458683
sew_orientation,cbf_qp,80,10.048831306492854,10.190121000050567,0.8125,0.1875,5,15,6,1.3,81.25,0.24870564320106447,0,0,0.014047069696928066,-0.03595293030307195,0.19030340544270546,1.5397875532749772,0.15264492070480723,one_second_dropout,15,8e7959c13081999952272b70cb77757eb6b69cb338ba5e006927d3c63a458683
sew_orientation,cbf_qp,80,9.998402387091412,10.113855000327021,0.8125,0.1875,5,15,6,1.3,81.25,0.24870564320106447,0,0,0.014047069696928066,-0.03595293030307195,0.19030340544270546,1.5397875532749772,0.15264492070480723,one_second_dropout,16,8e7959c13081999952272b70cb77757eb6b69cb338ba5e006927d3c63a458683
sew_orientation,cbf_qp,80,10.021222580638595,10.128928999620257,0.8125,0.1875,5,15,6,1.3,81.25,0.24870564320106447,0,0,0.014047069696928066,-0.03595293030307195,0.19030340544270546,1.5397875532749772,0.15264492070480723,one_second_dropout,17,8e7959c13081999952272b70cb77757eb6b69cb338ba5e006927d3c63a458683
sew_orientation,cbf_qp,80,10.04784329032396,10.175305999837292,0.8125,0.1875,5,15,6,1.3,81.25,0.24870564320106447,0,0,0.014047069696928066,-0.03595293030307195,0.19030340544270546,1.5397875532749772,0.15264492070480723,one_second_dropout,18,8e7959c13081999952272b70cb77757eb6b69cb338ba5e006927d3c63a458683
sew_orientation,cbf_qp,80,10.042122516133825,10.207368999999744,0.8125,0.1875,5,15,6,1.3,81.25,0.24870564320106447,0,0,0.014047069696928066,-0.03595293030307195,0.19030340544270546,1.5397875532749772,0.15264492070480723,one_second_dropout,19,8e7959c13081999952272b70cb77757eb6b69cb338ba5e006927d3c63a458683
sew_orientation,cbf_qp,80,10.023121564553284,10.148894000394648,0.8125,0.1875,5,15,6,1.3,81.25,0.24870564320106447,0,0,0.014047069696928066,-0.03595293030307195,0.19030340544270546,1.5397875532749772,0.15264492070480723,one_second_dropout,20,8e7959c13081999952272b70cb77757eb6b69cb338ba5e006927d3c63a458683
sew_orientation,cbf_qp,80,10.025540951595934,10.121150000031776,0.8125,0.1875,5,15,6,1.3,81.25,0.24870564320106447,0,0,0.014047069696928066,-0.03595293030307195,0.19030340544270546,1.5397875532749772,0.15264492070480723,one_second_dropout,21,8e7959c13081999952272b70cb77757eb6b69cb338ba5e006927d3c63a458683
sew_orientation,cbf_qp,80,10.015430080645068,10.106795999945462,0.8125,0.1875,5,15,6,1.3,81.25,0.24870564320106447,0,0,0.014047069696928066,-0.03595293030307195,0.19030340544270546,1.5397875532749772,0.15264492070480723,one_second_dropout,22,8e7959c13081999952272b70cb77757eb6b69cb338ba5e006927d3c63a458683
sew_orientation,cbf_qp,80,10.003091806457897,10.138444000403979,0.8125,0.1875,5,15,6,1.3,81.25,0.24870564320106447,0,0,0.014047069696928066,-0.03595293030307195,0.19030340544270546,1.5397875532749772,0.15264492070480723,one_second_dropout,23,8e7959c13081999952272b70cb77757eb6b69cb338ba5e006927d3c63a458683
sew_orientation,cbf_qp,80,9.998047290309842,10.117067999999563,0.8125,0.1875,5,15,6,1.3,81.25,0.24870564320106447,0,0,0.014047069696928066,-0.03595293030307195,0.19030340544270546,1.5397875532749772,0.15264492070480723,one_second_dropout,24,8e7959c13081999952272b70cb77757eb6b69cb338ba5e006927d3c63a458683
sew_orientation,cbf_qp,80,10.003488677445985,10.115111000231991,0.8125,0.1875,5,15,6,1.3,81.25,0.24870564320106447,0,0,0.014047069696928066,-0.03595293030307195,0.19030340544270546,1.5397875532749772,0.15264492070480723,one_second_dropout,25,8e7959c13081999952272b70cb77757eb6b69cb338ba5e006927d3c63a458683
sew_orientation,cbf_qp,80,10.05904066128536,10.186302999954933,0.8125,0.1875,5,15,6,1.3,81.25,0.24870564320106447,0,0,0.014047069696928066,-0.03595293030307195,0.19030340544270546,1.5397875532749772,0.15264492070480723,one_second_dropout,26,8e7959c13081999952272b70cb77757eb6b69cb338ba5e006927d3c63a458683
sew_orientation,cbf_qp,80,10.007312677412154,10.172170999794616,0.8125,0.1875,5,15,6,1.3,81.25,0.24870564320106447,0,0,0.014047069696928066,-0.03595293030307195,0.19030340544270546,1.5397875532749772,0.15264492070480723,one_second_dropout,27,8e7959c13081999952272b70cb77757eb6b69cb338ba5e006927d3c63a458683
sew_orientation,cbf_qp,80,10.075576983889468,10.225566999906732,0.8125,0.1875,5,15,6,1.3,81.25,0.24870564320106447,0,0,0.014047069696928066,-0.03595293030307195,0.19030340544270546,1.5397875532749772,0.15264492070480723,one_second_dropout,28,8e7959c13081999952272b70cb77757eb6b69cb338ba5e006927d3c63a458683
sew_orientation,cbf_qp,80,9.983586048365982,10.077051000280335,0.8125,0.1875,5,15,6,1.3,81.25,0.24870564320106447,0,0,0.014047069696928066,-0.03595293030307195,0.19030340544270546,1.5397875532749772,0.15264492070480723,one_second_dropout,29,8e7959c13081999952272b70cb77757eb6b69cb338ba5e006927d3c63a458683
sew_orientation,cbf_qp,80,5.859445013014353,10.087915999974939,1.0,0.0,0,0,0,nan,60.0,0.17442134568233683,0,0,0.014047069696928066,-0.03595293030307195,0.7066983541224867,0.9264513825645413,0.09531016603792394,workspace_boundary_crossing,0,93b3275e2711fe4877f1e2efb09bec94e83d458937545c86b16e837dd106bd17
sew_orientation,cbf_qp,80,5.838173857145276,10.07236399982503,1.0,0.0,0,0,0,nan,60.0,0.17442134568233683,0,0,0.014047069696928066,-0.03595293030307195,0.7066983541224867,0.9264513825645413,0.09531016603792394,workspace_boundary_crossing,1,93b3275e2711fe4877f1e2efb09bec94e83d458937545c86b16e837dd106bd17
sew_orientation,cbf_qp,80,5.857137129883735,10.12454199963031,1.0,0.0,0,0,0,nan,60.0,0.17442134568233683,0,0,0.014047069696928066,-0.03595293030307195,0.7066983541224867,0.9264513825645413,0.09531016603792394,workspace_boundary_crossing,2,93b3275e2711fe4877f1e2efb09bec94e83d458937545c86b16e837dd106bd17
sew_orientation,cbf_qp,80,5.856581753233785,10.119165000105568,1.0,0.0,0,0,0,nan,60.0,0.17442134568233683,0,0,0.014047069696928066,-0.03595293030307195,0.7066983541224867,0.9264513825645413,0.09531016603792394,workspace_boundary_crossing,3,93b3275e2711fe4877f1e2efb09bec94e83d458937545c86b16e837dd106bd17
sew_orientation,cbf_qp,80,5.906854181783321,10.22171399972649,1.0,0.0,0,0,0,nan,60.0,0.17442134568233683,0,0,0.014047069696928066,-0.03595293030307195,0.7066983541224867,0.9264513825645413,0.09531016603792394,workspace_boundary_crossing,4,93b3275e2711fe4877f1e2efb09bec94e83d458937545c86b16e837dd106bd17
sew_orientation,cbf_qp,80,5.880679675331746,10.141759999896749,1.0,0.0,0,0,0,nan,60.0,0.17442134568233683,0,0,0.014047069696928066,-0.03595293030307195,0.7066983541224867,0.9264513825645413,0.09531016603792394,workspace_boundary_crossing,5,93b3275e2711fe4877f1e2efb09bec94e83d458937545c86b16e837dd106bd17
sew_orientation,cbf_qp,80,5.852730831225312,10.093713000060234,1.0,0.0,0,0,0,nan,60.0,0.17442134568233683,0,0,0.014047069696928066,-0.03595293030307195,0.7066983541224867,0.9264513825645413,0.09531016603792394,workspace_boundary_crossing,6,93b3275e2711fe4877f1e2efb09bec94e83d458937545c86b16e837dd106bd17
sew_orientation,cbf_qp,80,5.83751729870776,10.0801609996779,1.0,0.0,0,0,0,nan,60.0,0.17442134568233683,0,0,0.014047069696928066,-0.03595293030307195,0.7066983541224867,0.9264513825645413,0.09531016603792394,workspace_boundary_crossing,7,93b3275e2711fe4877f1e2efb09bec94e83d458937545c86b16e837dd106bd17
sew_orientation,cbf_qp,80,5.860245129863504,10.122142000000167,1.0,0.0,0,0,0,nan,60.0,0.17442134568233683,0,0,0.014047069696928066,-0.03595293030307195,0.7066983541224867,0.9264513825645413,0.09531016603792394,workspace_boundary_crossing,8,93b3275e2711fe4877f1e2efb09bec94e83d458937545c86b16e837dd106bd17
sew_orientation,cbf_qp,80,5.863771285730055,10.096474999954808,1.0,0.0,0,0,0,nan,60.0,0.17442134568233683,0,0,0.014047069696928066,-0.03595293030307195,0.7066983541224867,0.9264513825645413,0.09531016603792394,workspace_boundary_crossing,9,93b3275e2711fe4877f1e2efb09bec94e83d458937545c86b16e837dd106bd17
sew_orientation,cbf_qp,80,5.848901376640396,10.0981129999127,1.0,0.0,0,0,0,nan,60.0,0.17442134568233683,0,0,0.014047069696928066,-0.03595293030307195,0.7066983541224867,0.9264513825645413,0.09531016603792394,workspace_boundary_crossing,10,93b3275e2711fe4877f1e2efb09bec94e83d458937545c86b16e837dd106bd17
sew_orientation,cbf_qp,80,5.860858545474912,10.11814699995739,1.0,0.0,0,0,0,nan,60.0,0.17442134568233683,0,0,0.014047069696928066,-0.03595293030307195,0.7066983541224867,0.9264513825645413,0.09531016603792394,workspace_boundary_crossing,11,93b3275e2711fe4877f1e2efb09bec94e83d458937545c86b16e837dd106bd17
sew_orientation,cbf_qp,80,5.8690795194765935,10.155296999982966,1.0,0.0,0,0,0,nan,60.0,0.17442134568233683,0,0,0.014047069696928066,-0.03595293030307195,0.7066983541224867,0.9264513825645413,0.09531016603792394,workspace_boundary_crossing,12,93b3275e2711fe4877f1e2efb09bec94e83d458937545c86b16e837dd106bd17
sew_orientation,cbf_qp,80,5.87364735065421,10.162053999920317,1.0,0.0,0,0,0,nan,60.0,0.17442134568233683,0,0,0.014047069696928066,-0.03595293030307195,0.7066983541224867,0.9264513825645413,0.09531016603792394,workspace_boundary_crossing,13,93b3275e2711fe4877f1e2efb09bec94e83d458937545c86b16e837dd106bd17
sew_orientation,cbf_qp,80,5.870124558447508,10.162795999804075,1.0,0.0,0,0,0,nan,60.0,0.17442134568233683,0,0,0.014047069696928066,-0.03595293030307195,0.7066983541224867,0.9264513825645413,0.09531016603792394,workspace_boundary_crossing,14,93b3275e2711fe4877f1e2efb09bec94e83d458937545c86b16e837dd106bd17
sew_orientation,cbf_qp,80,5.8666002727205795,10.13622500022393,1.0,0.0,0,0,0,nan,60.0,0.17442134568233683,0,0,0.014047069696928066,-0.03595293030307195,0.7066983541224867,0.9264513825645413,0.09531016603792394,workspace_boundary_crossing,15,93b3275e2711fe4877f1e2efb09bec94e83d458937545c86b16e837dd106bd17
sew_orientation,cbf_qp,80,5.856867142843933,10.113918000115518,1.0,0.0,0,0,0,nan,60.0,0.17442134568233683,0,0,0.014047069696928066,-0.03595293030307195,0.7066983541224867,0.9264513825645413,0.09531016603792394,workspace_boundary_crossing,16,93b3275e2711fe4877f1e2efb09bec94e83d458937545c86b16e837dd106bd17
sew_orientation,cbf_qp,80,5.860548389609431,10.112099000252783,1.0,0.0,0,0,0,nan,60.0,0.17442134568233683,0,0,0.014047069696928066,-0.03595293030307195,0.7066983541224867,0.9264513825645413,0.09531016603792394,workspace_boundary_crossing,17,93b3275e2711fe4877f1e2efb09bec94e83d458937545c86b16e837dd106bd17
sew_orientation,cbf_qp,80,5.8568146493492454,10.14071800000238,1.0,0.0,0,0,0,nan,60.0,0.17442134568233683,0,0,0.014047069696928066,-0.03595293030307195,0.7066983541224867,0.9264513825645413,0.09531016603792394,workspace_boundary_crossing,18,93b3275e2711fe4877f1e2efb09bec94e83d458937545c86b16e837dd106bd17
sew_orientation,cbf_qp,80,5.8659770389662205,10.12833499999033,1.0,0.0,0,0,0,nan,60.0,0.17442134568233683,0,0,0.014047069696928066,-0.03595293030307195,0.7066983541224867,0.9264513825645413,0.09531016603792394,workspace_boundary_crossing,19,93b3275e2711fe4877f1e2efb09bec94e83d458937545c86b16e837dd106bd17
sew_orientation,cbf_qp,80,5.8470605714532,10.121138999693358,1.0,0.0,0,0,0,nan,60.0,0.17442134568233683,0,0,0.014047069696928066,-0.03595293030307195,0.7066983541224867,0.9264513825645413,0.09531016603792394,workspace_boundary_crossing,20,93b3275e2711fe4877f1e2efb09bec94e83d458937545c86b16e837dd106bd17
sew_orientation,cbf_qp,80,5.8486556233585905,10.097980999944411,1.0,0.0,0,0,0,nan,60.0,0.17442134568233683,0,0,0.014047069696928066,-0.03595293030307195,0.7066983541224867,0.9264513825645413,0.09531016603792394,workspace_boundary_crossing,21,93b3275e2711fe4877f1e2efb09bec94e83d458937545c86b16e837dd106bd17
sew_orientation,cbf_qp,80,5.867350999973756,10.163619000195467,1.0,0.0,0,0,0,nan,60.0,0.17442134568233683,0,0,0.014047069696928066,-0.03595293030307195,0.7066983541224867,0.9264513825645413,0.09531016603792394,workspace_boundary_crossing,22,93b3275e2711fe4877f1e2efb09bec94e83d458937545c86b16e837dd106bd17
sew_orientation,cbf_qp,80,5.837395649379758,10.080936999656842,1.0,0.0,0,0,0,nan,60.0,0.17442134568233683,0,0,0.014047069696928066,-0.03595293030307195,0.7066983541224867,0.9264513825645413,0.09531016603792394,workspace_boundary_crossing,23,93b3275e2711fe4877f1e2efb09bec94e83d458937545c86b16e837dd106bd17
sew_orientation,cbf_qp,80,5.851247064943985,10.146846999759873,1.0,0.0,0,0,0,nan,60.0,0.17442134568233683,0,0,0.014047069696928066,-0.03595293030307195,0.7066983541224867,0.9264513825645413,0.09531016603792394,workspace_boundary_crossing,24,93b3275e2711fe4877f1e2efb09bec94e83d458937545c86b16e837dd106bd17
sew_orientation,cbf_qp,80,5.8905304545373545,10.265509999953792,1.0,0.0,0,0,0,nan,60.0,0.17442134568233683,0,0,0.014047069696928066,-0.03595293030307195,0.7066983541224867,0.9264513825645413,0.09531016603792394,workspace_boundary_crossing,25,93b3275e2711fe4877f1e2efb09bec94e83d458937545c86b16e837dd106bd17
sew_orientation,cbf_qp,80,5.842238597413054,10.094582999954582,1.0,0.0,0,0,0,nan,60.0,0.17442134568233683,0,0,0.014047069696928066,-0.03595293030307195,0.7066983541224867,0.9264513825645413,0.09531016603792394,workspace_boundary_crossing,26,93b3275e2711fe4877f1e2efb09bec94e83d458937545c86b16e837dd106bd17
sew_orientation,cbf_qp,80,5.887595038955198,10.216723999747046,1.0,0.0,0,0,0,nan,60.0,0.17442134568233683,0,0,0.014047069696928066,-0.03595293030307195,0.7066983541224867,0.9264513825645413,0.09531016603792394,workspace_boundary_crossing,27,93b3275e2711fe4877f1e2efb09bec94e83d458937545c86b16e837dd106bd17
sew_orientation,cbf_qp,80,5.873834818188485,10.151391999897896,1.0,0.0,0,0,0,nan,60.0,0.17442134568233683,0,0,0.014047069696928066,-0.03595293030307195,0.7066983541224867,0.9264513825645413,0.09531016603792394,workspace_boundary_crossing,28,93b3275e2711fe4877f1e2efb09bec94e83d458937545c86b16e837dd106bd17
sew_orientation,cbf_qp,80,5.868464077930303,10.127724000085436,1.0,0.0,0,0,0,nan,60.0,0.17442134568233683,0,0,0.014047069696928066,-0.03595293030307195,0.7066983541224867,0.9264513825645413,0.09531016603792394,workspace_boundary_crossing,29,93b3275e2711fe4877f1e2efb09bec94e83d458937545c86b16e837dd106bd17
sew_orientation,cbf_qp,80,10.056039701262838,10.177784000006795,1.0,0.0,0,0,0,nan,100.0,0.19618951169947857,0,0,0.014047069696928066,-0.03595293030307195,0.17615013940089558,1.0361115123935296,0.06175150813036877,obstacle_intersection,0,eb8b7d9e4d56f3c375d373da04affa7b70db8f5bd7148d2d633754e2d36b962f
sew_orientation,cbf_qp,80,10.00491692209173,10.093742999742972,1.0,0.0,0,0,0,nan,100.0,0.19618951169947857,0,0,0.014047069696928066,-0.03595293030307195,0.17615013940089558,1.0361115123935296,0.06175150813036877,obstacle_intersection,1,eb8b7d9e4d56f3c375d373da04affa7b70db8f5bd7148d2d633754e2d36b962f
sew_orientation,cbf_qp,80,10.027179792164784,10.162178999962634,1.0,0.0,0,0,0,nan,100.0,0.19618951169947857,0,0,0.014047069696928066,-0.03595293030307195,0.17615013940089558,1.0361115123935296,0.06175150813036877,obstacle_intersection,2,eb8b7d9e4d56f3c375d373da04affa7b70db8f5bd7148d2d633754e2d36b962f
sew_orientation,cbf_qp,80,10.053150948038677,10.22643699980108,1.0,0.0,0,0,0,nan,100.0,0.19618951169947857,0,0,0.014047069696928066,-0.03595293030307195,0.17615013940089558,1.0361115123935296,0.06175150813036877,obstacle_intersection,3,eb8b7d9e4d56f3c375d373da04affa7b70db8f5bd7148d2d633754e2d36b962f
sew_orientation,cbf_qp,80,10.024673831145714,10.169904999656865,1.0,0.0,0,0,0,nan,100.0,0.19618951169947857,0,0,0.014047069696928066,-0.03595293030307195,0.17615013940089558,1.0361115123935296,0.06175150813036877,obstacle_intersection,4,eb8b7d9e4d56f3c375d373da04affa7b70db8f5bd7148d2d633754e2d36b962f
sew_orientation,cbf_qp,80,9.959549961044482,10.053384999991977,1.0,0.0,0,0,0,nan,100.0,0.19618951169947857,0,0,0.014047069696928066,-0.03595293030307195,0.17615013940089558,1.0361115123935296,0.06175150813036877,obstacle_intersection,5,eb8b7d9e4d56f3c375d373da04affa7b70db8f5bd7148d2d633754e2d36b962f
sew_orientation,cbf_qp,80,10.053906675345281,10.174106000249594,1.0,0.0,0,0,0,nan,100.0,0.19618951169947857,0,0,0.014047069696928066,-0.03595293030307195,0.17615013940089558,1.0361115123935296,0.06175150813036877,obstacle_intersection,6,eb8b7d9e4d56f3c375d373da04affa7b70db8f5bd7148d2d633754e2d36b962f
sew_orientation,cbf_qp,80,9.994050818164254,10.111412999776803,1.0,0.0,0,0,0,nan,100.0,0.19618951169947857,0,0,0.014047069696928066,-0.03595293030307195,0.17615013940089558,1.0361115123935296,0.06175150813036877,obstacle_intersection,7,eb8b7d9e4d56f3c375d373da04affa7b70db8f5bd7148d2d633754e2d36b962f
sew_orientation,cbf_qp,80,10.02926884416706,10.123969000233046,1.0,0.0,0,0,0,nan,100.0,0.19618951169947857,0,0,0.014047069696928066,-0.03595293030307195,0.17615013940089558,1.0361115123935296,0.06175150813036877,obstacle_intersection,8,eb8b7d9e4d56f3c375d373da04affa7b70db8f5bd7148d2d633754e2d36b962f
sew_orientation,cbf_qp,80,10.042555987000652,10.196883999924466,1.0,0.0,0,0,0,nan,100.0,0.19618951169947857,0,0,0.014047069696928066,-0.03595293030307195,0.17615013940089558,1.0361115123935296,0.06175150813036877,obstacle_intersection,9,eb8b7d9e4d56f3c375d373da04affa7b70db8f5bd7148d2d633754e2d36b962f
sew_orientation,cbf_qp,80,10.019884649344542,10.146837999855052,1.0,0.0,0,0,0,nan,100.0,0.19618951169947857,0,0,0.014047069696928066,-0.03595293030307195,0.17615013940089558,1.0361115123935296,0.06175150813036877,obstacle_intersection,10,eb8b7d9e4d56f3c375d373da04affa7b70db8f5bd7148d2d633754e2d36b962f
sew_orientation,cbf_qp,80,9.976471038959511,10.087087000101747,1.0,0.0,0,0,0,nan,100.0,0.19618951169947857,0,0,0.014047069696928066,-0.03595293030307195,0.17615013940089558,1.0361115123935296,0.06175150813036877,obstacle_intersection,11,eb8b7d9e4d56f3c375d373da04affa7b70db8f5bd7148d2d633754e2d36b962f
sew_orientation,cbf_qp,80,9.992904532489113,10.087629999816272,1.0,0.0,0,0,0,nan,100.0,0.19618951169947857,0,0,0.014047069696928066,-0.03595293030307195,0.17615013940089558,1.0361115123935296,0.06175150813036877,obstacle_intersection,12,eb8b7d9e4d56f3c375d373da04affa7b70db8f5bd7148d2d633754e2d36b962f
sew_orientation,cbf_qp,80,9.992371597402414,10.127018000275712,1.0,0.0,0,0,0,nan,100.0,0.19618951169947857,0,0,0.014047069696928066,-0.03595293030307195,0.17615013940089558,1.0361115123935296,0.06175150813036877,obstacle_intersection,13,eb8b7d9e4d56f3c375d373da04affa7b70db8f5bd7148d2d633754e2d36b962f
sew_orientation,cbf_qp,80,10.019206168836517,10.105090999786626,1.0,0.0,0,0,0,nan,100.0,0.19618951169947857,0,0,0.014047069696928066,-0.03595293030307195,0.17615013940089558,1.0361115123935296,0.06175150813036877,obstacle_intersection,14,eb8b7d9e4d56f3c375d373da04affa7b70db8f5bd7148d2d633754e2d36b962f
sew_orientation,cbf_qp,80,9.967686506505354,10.06210400009877,1.0,0.0,0,0,0,nan,100.0,0.19618951169947857,0,0,0.014047069696928066,-0.03595293030307195,0.17615013940089558,1.0361115123935296,0.06175150813036877,obstacle_intersection,15,eb8b7d9e4d56f3c375d373da04affa7b70db8f5bd7148d2d633754e2d36b962f
sew_orientation,cbf_qp,80,10.026173233784773,10.134632000244892,1.0,0.0,0,0,0,nan,100.0,0.19618951169947857,0,0,0.014047069696928066,-0.03595293030307195,0.17615013940089558,1.0361115123935296,0.06175150813036877,obstacle_intersection,16,eb8b7d9e4d56f3c375d373da04affa7b70db8f5bd7148d2d633754e2d36b962f
sew_orientation,cbf_qp,80,9.95075661038955,10.030053999798838,1.0,0.0,0,0,0,nan,100.0,0.19618951169947857,0,0,0.014047069696928066,-0.03595293030307195,0.17615013940089558,1.0361115123935296,0.06175150813036877,obstacle_intersection,17,eb8b7d9e4d56f3c375d373da04affa7b70db8f5bd7148d2d633754e2d36b962f
sew_orientation,cbf_qp,80,10.016449558471711,10.111060000326688,1.0,0.0,0,0,0,nan,100.0,0.19618951169947857,0,0,0.014047069696928066,-0.03595293030307195,0.17615013940089558,1.0361115123935296,0.06175150813036877,obstacle_intersection,18,eb8b7d9e4d56f3c375d373da04affa7b70db8f5bd7148d2d633754e2d36b962f
sew_orientation,cbf_qp,80,9.981941402586088,10.0871320000806,1.0,0.0,0,0,0,nan,100.0,0.19618951169947857,0,0,0.014047069696928066,-0.03595293030307195,0.17615013940089558,1.0361115123935296,0.06175150813036877,obstacle_intersection,19,eb8b7d9e4d56f3c375d373da04affa7b70db8f5bd7148d2d633754e2d36b962f
sew_orientation,cbf_qp,80,10.030984727286345,10.133154999948601,1.0,0.0,0,0,0,nan,100.0,0.19618951169947857,0,0,0.014047069696928066,-0.03595293030307195,0.17615013940089558,1.0361115123935296,0.06175150813036877,obstacle_intersection,20,eb8b7d9e4d56f3c375d373da04affa7b70db8f5bd7148d2d633754e2d36b962f
sew_orientation,cbf_qp,80,10.009881363657769,10.135051000361273,1.0,0.0,0,0,0,nan,100.0,0.19618951169947857,0,0,0.014047069696928066,-0.03595293030307195,0.17615013940089558,1.0361115123935296,0.06175150813036877,obstacle_intersection,21,eb8b7d9e4d56f3c375d373da04affa7b70db8f5bd7148d2d633754e2d36b962f
sew_orientation,cbf_qp,80,10.018371961007675,10.10361400039983,1.0,0.0,0,0,0,nan,100.0,0.19618951169947857,0,0,0.014047069696928066,-0.03595293030307195,0.17615013940089558,1.0361115123935296,0.06175150813036877,obstacle_intersection,22,eb8b7d9e4d56f3c375d373da04affa7b70db8f5bd7148d2d633754e2d36b962f
sew_orientation,cbf_qp,80,9.991328727263355,10.093530000176543,1.0,0.0,0,0,0,nan,100.0,0.19618951169947857,0,0,0.014047069696928066,-0.03595293030307195,0.17615013940089558,1.0361115123935296,0.06175150813036877,obstacle_intersection,23,eb8b7d9e4d56f3c375d373da04affa7b70db8f5bd7148d2d633754e2d36b962f
sew_orientation,cbf_qp,80,10.034606922060933,10.178548999647319,1.0,0.0,0,0,0,nan,100.0,0.19618951169947857,0,0,0.014047069696928066,-0.03595293030307195,0.17615013940089558,1.0361115123935296,0.06175150813036877,obstacle_intersection,24,eb8b7d9e4d56f3c375d373da04affa7b70db8f5bd7148d2d633754e2d36b962f
sew_orientation,cbf_qp,80,9.978275649375844,10.08006199981537,1.0,0.0,0,0,0,nan,100.0,0.19618951169947857,0,0,0.014047069696928066,-0.03595293030307195,0.17615013940089558,1.0361115123935296,0.06175150813036877,obstacle_intersection,25,eb8b7d9e4d56f3c375d373da04affa7b70db8f5bd7148d2d633754e2d36b962f
sew_orientation,cbf_qp,80,10.020635013018351,10.129143000085605,1.0,0.0,0,0,0,nan,100.0,0.19618951169947857,0,0,0.014047069696928066,-0.03595293030307195,0.17615013940089558,1.0361115123935296,0.06175150813036877,obstacle_intersection,26,eb8b7d9e4d56f3c375d373da04affa7b70db8f5bd7148d2d633754e2d36b962f
sew_orientation,cbf_qp,80,10.012903350632934,10.139798000182054,1.0,0.0,0,0,0,nan,100.0,0.19618951169947857,0,0,0.014047069696928066,-0.03595293030307195,0.17615013940089558,1.0361115123935296,0.06175150813036877,obstacle_intersection,27,eb8b7d9e4d56f3c375d373da04affa7b70db8f5bd7148d2d633754e2d36b962f
sew_orientation,cbf_qp,80,10.050562000010181,10.161002000131703,1.0,0.0,0,0,0,nan,100.0,0.19618951169947857,0,0,0.014047069696928066,-0.03595293030307195,0.17615013940089558,1.0361115123935296,0.06175150813036877,obstacle_intersection,28,eb8b7d9e4d56f3c375d373da04affa7b70db8f5bd7148d2d633754e2d36b962f
sew_orientation,cbf_qp,80,10.00469199999469,10.101595000378438,1.0,0.0,0,0,0,nan,100.0,0.19618951169947857,0,0,0.014047069696928066,-0.03595293030307195,0.17615013940089558,1.0361115123935296,0.06175150813036877,obstacle_intersection,29,eb8b7d9e4d56f3c375d373da04affa7b70db8f5bd7148d2d633754e2d36b962f
